time,open,high,low,close,volume
2023-11-06T16:00:00-05:00,3.24,3.32,3.15,3.18,2009.0
2023-11-07T16:00:00-05:00,3.2,3.2,3.08,3.08,1585.0
2023-11-08T16:00:00-05:00,2.99,3.08,2.96,3.08,4483.0
2023-11-09T16:00:00-05:00,2.98,3.05,2.95,2.99,2349.0
2023-11-10T16:00:00-05:00,2.97,3.0,2.9,2.9,3279.0
2023-11-13T16:00:00-05:00,2.855,2.9,2.81,2.84,2897.0
2023-11-14T16:00:00-05:00,2.935,2.97,2.9,2.97,2745.0
2023-11-15T16:00:00-05:00,3.07,3.12,3.07,3.1,1003.0
2023-11-16T16:00:00-05:00,2.96,3.025,2.935,2.99,1502.0
2023-11-17T16:00:00-05:00,2.935,2.95,2.87,2.9,2555.0
2023-11-20T16:00:00-05:00,2.97,3.015,2.87,2.9,3126.0
2023-11-21T16:00:00-05:00,2.915,3.0,2.915,2.96,2391.0
2023-11-22T16:00:00-05:00,2.93,2.945,2.89,2.89,3418.0
2023-11-24T16:00:00-05:00,2.925,2.93,2.905,2.905,1971.0
2023-11-27T16:00:00-05:00,2.94,2.94,2.86,2.86,1011.0
2023-11-28T16:00:00-05:00,2.86,2.86,2.77,2.8,2532.0
2023-11-29T16:00:00-05:00,2.72,2.72,2.495,2.495,5660.0
2023-11-30T16:00:00-05:00,2.59,2.63,2.47,2.47,7273.0
2023-12-01T16:00:00-05:00,2.46,2.5,2.455,2.5,5473.0
2023-12-04T16:00:00-05:00,2.5,2.5,2.48,2.5,2867.0
2023-12-05T16:00:00-05:00,2.5,2.5,2.49,2.5,1491.0
2023-12-06T16:00:00-05:00,2.54,2.54,2.535,2.54,2835.0
2023-12-07T16:00:00-05:00,2.55,2.55,2.55,2.55,4717.0
2023-12-08T16:00:00-05:00,2.54,2.55,2.54,2.55,3754.0
2023-12-11T16:00:00-05:00,2.57,2.57,2.51,2.515,7881.0
2023-12-12T16:00:00-05:00,2.54,2.54,2.46,2.46,4916.0
2023-12-13T16:00:00-05:00,2.495,2.5,2.48,2.485,2256.0
2023-12-14T16:00:00-05:00,2.54,2.54,2.48,2.49,12975.0
2023-12-15T16:00:00-05:00,2.55,2.57,2.49,2.5,3309.0
2023-12-18T16:00:00-05:00,2.51,2.52,2.505,2.515,7952.0
2023-12-19T16:00:00-05:00,2.52,2.53,2.46,2.48,18267.0
2023-12-20T16:00:00-05:00,2.5,2.51,2.44,2.44,14395.0
2023-12-21T16:00:00-05:00,2.49,2.96,2.485,2.96,10615.0
2023-12-22T16:00:00-05:00,2.95,3.13,2.95,3.095,6732.0
2023-12-26T16:00:00-05:00,3.11,3.285,3.1,3.26,5941.0
2023-12-27T16:00:00-05:00,3.24,4.31,3.23,4.2,5332.0
2023-12-28T16:00:00-05:00,4.16,4.16,3.655,3.795,12803.0
2023-12-29T16:00:00-05:00,3.8,4.29,3.76,4.15,5823.0
2024-01-02T16:00:00-05:00,4.17,4.39,3.96,4.39,16633.0
2024-01-03T16:00:00-05:00,4.325,4.68,4.18,4.55,24852.0
2024-01-04T16:00:00-05:00,4.41,4.41,3.075,3.095,65562.0
2024-01-05T16:00:00-05:00,3.14,3.42,2.98,3.3,13776.0
2024-01-08T16:00:00-05:00,3.37,3.435,3.26,3.435,16075.0
2024-01-09T16:00:00-05:00,3.4,3.475,3.35,3.43,8106.0
2024-01-10T16:00:00-05:00,3.54,3.54,3.31,3.38,14366.0
2024-01-11T16:00:00-05:00,3.35,3.39,3.275,3.315,16812.0
2024-01-12T16:00:00-05:00,3.41,3.43,3.115,3.13,8828.0
2024-01-16T16:00:00-05:00,3.17,3.27,3.08,3.26,7594.0
2024-01-17T16:00:00-05:00,3.28,3.38,3.225,3.305,5225.0
2024-01-18T16:00:00-05:00,3.395,3.42,3.295,3.42,2847.0
2024-01-19T16:00:00-05:00,3.4,3.47,3.38,3.46,3685.0
2024-01-22T16:00:00-05:00,3.61,3.69,3.57,3.63,11030.0
2024-01-23T16:00:00-05:00,3.68,3.68,3.39,3.39,5286.0
2024-01-24T16:00:00-05:00,3.375,3.52,3.36,3.495,9822.0
2024-01-25T16:00:00-05:00,3.51,3.64,3.51,3.64,2374.0
2024-01-26T16:00:00-05:00,3.645,3.66,3.55,3.64,6386.0
2024-01-29T16:00:00-05:00,3.595,3.775,3.595,3.71,12803.0
2024-01-30T16:00:00-05:00,3.695,3.98,3.64,3.98,12067.0
2024-01-31T16:00:00-05:00,3.965,4.16,3.92,3.92,5388.0
2024-02-01T16:00:00-05:00,4.39,4.67,4.13,4.545,15153.0
2024-02-02T16:00:00-05:00,4.47,4.77,4.46,4.6,6220.0
2024-02-05T16:00:00-05:00,4.41,5.08,4.27,5.025,13749.0
2024-02-06T16:00:00-05:00,5.26,5.67,5.15,5.42,12838.0
2024-02-07T16:00:00-05:00,5.33,5.33,5.01,5.14,10429.0
2024-02-08T16:00:00-05:00,5.23,5.275,5.075,5.25,6538.0
2024-02-09T16:00:00-05:00,5.35,5.515,5.27,5.48,4358.0
2024-02-12T16:00:00-05:00,5.49,5.555,5.38,5.55,5176.0
2024-02-13T16:00:00-05:00,5.21,5.305,5.15,5.15,6329.0
2024-02-14T16:00:00-05:00,5.33,5.85,5.325,5.52,6616.0
2024-02-15T16:00:00-05:00,5.45,5.455,5.06,5.29,4480.0
2024-02-16T16:00:00-05:00,5.31,5.65,5.3,5.58,10012.0
2024-02-20T16:00:00-05:00,5.65,6.23,5.65,6.0,13072.0
2024-02-21T16:00:00-05:00,5.815,5.815,5.52,5.71,8048.0
2024-02-22T16:00:00-05:00,5.74,5.74,5.485,5.575,5105.0
2024-02-23T16:00:00-05:00,5.485,5.79,5.485,5.71,8491.0
2024-02-26T16:00:00-05:00,5.79,6.05,5.79,5.9,5450.0
2024-02-27T16:00:00-05:00,5.95,6.03,5.82,5.965,5475.0
2024-02-28T16:00:00-05:00,6.03,6.34,6.03,6.17,6172.0
2024-02-29T16:00:00-05:00,6.23,6.23,6.005,6.13,4947.0
2024-03-01T16:00:00-05:00,6.29,6.86,6.285,6.825,11010.0
2024-03-04T16:00:00-05:00,6.98,6.98,6.28,6.39,3625.0
2024-03-05T16:00:00-05:00,6.41,6.46,6.3,6.31,6188.0
2024-03-06T16:00:00-05:00,6.4,6.49,6.32,6.415,6483.0
2024-03-07T16:00:00-05:00,6.48,6.49,6.22,6.405,5231.0
2024-03-08T16:00:00-05:00,6.495,6.53,6.31,6.32,1866.0
2024-03-11T16:00:00-04:00,6.29,6.29,5.765,5.78,3341.0
2024-03-12T16:00:00-04:00,5.9,5.91,5.37,5.37,4538.0
2024-03-13T16:00:00-04:00,5.68,5.735,5.6,5.69,3706.0
2024-03-14T16:00:00-04:00,5.18,5.34,5.0,5.01,6252.0
2024-03-15T16:00:00-04:00,5.01,5.48,5.01,5.48,6694.0
2024-03-18T16:00:00-04:00,5.68,5.68,5.51,5.51,6337.0
2024-03-19T16:00:00-04:00,5.575,5.77,5.41,5.41,32205.0
2024-03-20T16:00:00-04:00,5.52,5.62,4.32,4.43,25253.0
2024-03-21T16:00:00-04:00,4.33,4.62,4.06,4.61,13077.0
2024-03-22T16:00:00-04:00,4.67,4.91,4.67,4.865,2469.0
2024-03-25T16:00:00-04:00,4.81,5.115,4.81,4.88,13591.0
2024-03-26T16:00:00-04:00,4.99,4.99,4.67,4.67,6903.0
2024-03-27T16:00:00-04:00,4.52,4.72,4.52,4.59,5586.0
2024-03-28T16:00:00-04:00,4.62,4.65,4.52,4.64,3197.0
2024-04-01T16:00:00-04:00,4.71,4.96,4.615,4.88,5475.0
2024-04-02T16:00:00-04:00,4.85,5.05,4.8,4.92,4152.0
2024-04-03T16:00:00-04:00,4.85,5.02,4.695,4.7,3659.0
2024-04-04T16:00:00-04:00,4.79,5.03,4.67,4.68,5344.0
2024-04-05T16:00:00-04:00,4.69,4.78,4.54,4.58,2513.0
2024-04-08T16:00:00-04:00,4.74,4.96,4.73,4.86,3001.0
2024-04-09T16:00:00-04:00,4.99,5.045,4.78,4.81,4589.0
2024-04-10T16:00:00-04:00,4.88,4.88,4.31,4.53,4292.0
2024-04-11T16:00:00-04:00,4.55,4.81,4.55,4.67,7730.0
2024-04-12T16:00:00-04:00,4.575,4.655,4.545,4.655,3159.0
2024-04-15T16:00:00-04:00,4.72,4.72,4.42,4.445,6236.0
2024-04-16T16:00:00-04:00,4.45,4.57,4.45,4.57,4928.0
2024-04-17T16:00:00-04:00,4.6,4.72,4.6,4.675,5762.0
2024-04-18T16:00:00-04:00,4.65,4.72,4.285,4.285,6072.0
2024-04-19T16:00:00-04:00,4.05,4.14,3.96,4.005,4231.0
2024-04-22T16:00:00-04:00,3.94,3.94,3.715,3.89,5243.0
2024-04-23T16:00:00-04:00,4.06,4.095,3.87,3.89,4762.0
2024-04-24T16:00:00-04:00,3.855,3.9,3.765,3.87,5572.0
2024-04-25T16:00:00-04:00,3.72,3.78,3.71,3.71,2855.0
2024-04-26T16:00:00-04:00,3.72,3.86,3.71,3.835,3644.0
2024-04-29T16:00:00-04:00,3.69,3.69,3.38,3.55,5930.0
2024-04-30T16:00:00-04:00,3.58,3.67,3.475,3.645,4375.0
2024-05-01T16:00:00-04:00,3.72,3.81,3.675,3.7,3341.0
2024-05-02T16:00:00-04:00,3.7,3.73,3.7,3.73,1015.0
2024-05-03T16:00:00-04:00,3.795,3.795,3.63,3.66,4270.0
2024-05-06T16:00:00-04:00,3.815,3.955,3.815,3.91,646.0
2024-05-07T16:00:00-04:00,3.84,3.86,3.8,3.835,1038.0
2024-05-08T16:00:00-04:00,3.795,3.87,3.795,3.83,882.0
2024-05-09T16:00:00-04:00,3.8,3.81,3.71,3.795,7570.0
2024-05-10T16:00:00-04:00,3.88,3.88,3.56,3.57,3773.0
2024-05-13T16:00:00-04:00,3.67,3.69,3.52,3.53,1884.0
2024-05-14T16:00:00-04:00,3.535,3.685,3.535,3.675,5030.0
2024-05-15T16:00:00-04:00,3.58,3.58,3.48,3.48,1532.0
2024-05-16T16:00:00-04:00,3.495,3.495,3.495,3.495,1574.0
2024-05-17T16:00:00-04:00,3.365,3.425,3.33,3.34,3133.0
2024-05-20T16:00:00-04:00,3.29,3.29,3.24,3.24,1962.0
2024-05-21T16:00:00-04:00,3.24,3.24,3.155,3.2,4033.0
2024-05-22T16:00:00-04:00,3.21,3.21,3.1,3.11,1070.0
2024-05-23T16:00:00-04:00,3.08,3.14,3.0,3.14,1616.0
2024-05-24T16:00:00-04:00,3.01,3.04,2.99,3.01,1331.0
2024-05-28T16:00:00-04:00,2.97,2.97,2.91,2.91,714.0
2024-05-29T16:00:00-04:00,2.94,2.975,2.9,2.9,525.0
2024-05-30T16:00:00-04:00,2.94,3.135,2.93,3.06,4001.0
2024-05-31T16:00:00-04:00,3.085,3.085,2.975,2.98,1282.0
2024-06-03T16:00:00-04:00,3.085,3.13,3.06,3.06,1785.0
2024-06-04T16:00:00-04:00,3.005,3.005,2.88,2.945,2830.0
2024-06-05T16:00:00-04:00,2.85,3.04,2.48,2.975,7257.0
2024-06-06T16:00:00-04:00,2.995,3.06,2.985,3.04,2672.0
2024-06-07T16:00:00-04:00,3.055,3.07,2.98,2.98,2860.0
2024-06-10T16:00:00-04:00,2.945,3.175,2.945,3.14,2741.0
2024-06-11T16:00:00-04:00,3.08,3.08,3.005,3.04,11644.0
2024-06-12T16:00:00-04:00,3.05,3.12,3.05,3.085,574.0
2024-06-13T16:00:00-04:00,3.0,3.0,3.0,3.0,904.0
2024-06-14T16:00:00-04:00,3.015,3.015,3.015,3.015,379.0
2024-06-17T16:00:00-04:00,3.0,3.03,2.99,3.0,6176.0
2024-06-18T16:00:00-04:00,3.055,3.055,2.995,3.01,3102.0
2024-06-20T16:00:00-04:00,3.02,3.12,3.0,3.06,2549.0
2024-06-21T16:00:00-04:00,3.005,3.03,3.0,3.03,1828.0
2024-06-24T16:00:00-04:00,3.05,3.085,2.99,2.995,6321.0
2024-06-25T16:00:00-04:00,3.0,3.0,2.97,2.98,3206.0
2024-06-26T16:00:00-04:00,3.0,3.0,2.995,3.0,3053.0
2024-06-27T16:00:00-04:00,2.99,3.005,2.98,3.005,1758.0
2024-06-28T16:00:00-04:00,2.995,3.02,2.97,3.02,1964.0
2024-07-01T16:00:00-04:00,3.03,3.06,3.03,3.06,1445.0
2024-07-02T16:00:00-04:00,3.0,3.0,3.0,3.0,1993.0
2024-07-03T16:00:00-04:00,2.99,3.02,2.99,3.01,1026.0
2024-07-05T16:00:00-04:00,3.0,3.02,3.0,3.01,3110.0
2024-07-08T16:00:00-04:00,3.13,3.16,3.02,3.16,3616.0
2024-07-09T16:00:00-04:00,3.5,4.1,3.5,4.09,12604.0
2024-07-10T16:00:00-04:00,3.71,4.24,3.66,4.2,16130.0
2024-07-11T16:00:00-04:00,4.22,4.47,4.055,4.385,9031.0
2024-07-12T16:00:00-04:00,4.29,4.325,4.05,4.05,3622.0
2024-07-15T16:00:00-04:00,3.99,4.01,3.84,3.84,3402.0
2024-07-16T16:00:00-04:00,3.855,3.855,3.78,3.79,5284.0
2024-07-17T16:00:00-04:00,3.79,3.79,3.79,3.79,0.0
2024-07-18T16:00:00-04:00,3.7,4.03,3.7,4.03,2935.0
2024-07-19T16:00:00-04:00,4.25,4.325,4.1,4.1,2355.0
2024-07-22T16:00:00-04:00,4.03,4.135,3.92,4.135,1261.0
2024-07-23T16:00:00-04:00,4.06,4.08,3.92,4.02,2484.0
2024-07-24T16:00:00-04:00,3.985,4.06,3.98,4.06,2920.0
2024-07-25T16:00:00-04:00,4.09,4.095,4.03,4.05,1014.0
2024-07-26T16:00:00-04:00,3.96,3.96,3.96,3.96,346.0
2024-07-29T16:00:00-04:00,3.77,3.98,3.74,3.975,3047.0
2024-07-30T16:00:00-04:00,3.99,3.99,3.78,3.82,949.0
2024-07-31T16:00:00-04:00,3.86,3.86,3.53,3.63,1983.0
2024-08-01T16:00:00-04:00,3.79,3.79,3.7,3.7,914.0
2024-08-02T16:00:00-04:00,3.59,3.63,3.51,3.63,2580.0
2024-08-05T16:00:00-04:00,3.47,3.47,3.38,3.38,748.0
2024-08-06T16:00:00-04:00,3.46,3.46,3.255,3.255,2230.0
2024-08-07T16:00:00-04:00,3.26,3.315,3.24,3.25,2634.0
2024-08-08T16:00:00-04:00,3.12,3.12,2.25,2.3,8610.0
2024-08-09T16:00:00-04:00,2.55,2.61,2.24,2.275,6720.0
2024-08-12T16:00:00-04:00,2.34,2.34,2.0,2.29,5657.0
2024-08-13T16:00:00-04:00,2.5,2.64,2.32,2.54,3550.0
2024-08-14T16:00:00-04:00,2.57,2.57,2.51,2.54,3031.0
2024-08-15T16:00:00-04:00,2.71,2.76,2.58,2.61,2869.0
2024-08-16T16:00:00-04:00,2.68,2.69,2.36,2.42,2166.0
2024-08-19T16:00:00-04:00,2.47,2.905,2.47,2.815,2492.0
2024-08-20T16:00:00-04:00,2.79,2.79,2.69,2.7,1421.0
2024-08-21T16:00:00-04:00,2.78,2.86,2.76,2.825,3616.0
2024-08-22T16:00:00-04:00,2.8,2.85,2.73,2.82,3758.0
2024-08-23T16:00:00-04:00,2.72,2.73,2.72,2.73,564.0
2024-08-26T16:00:00-04:00,2.79,2.82,2.77,2.82,3021.0
2024-08-27T16:00:00-04:00,2.88,2.88,2.775,2.78,1735.0
2024-08-28T16:00:00-04:00,2.7,2.7,2.545,2.58,1774.0
2024-08-29T16:00:00-04:00,2.62,2.62,2.59,2.59,842.0
2024-08-30T16:00:00-04:00,2.71,2.83,2.71,2.82,1652.0
2024-09-03T16:00:00-04:00,2.7,2.85,2.36,2.8,13150.0
2024-09-04T16:00:00-04:00,2.57,2.57,2.56,2.57,1455.0
2024-09-05T16:00:00-04:00,2.52,2.55,2.5,2.5,1067.0
2024-09-06T16:00:00-04:00,2.43,2.43,2.35,2.36,776.0
2024-09-09T16:00:00-04:00,2.62,2.9,2.5,2.76,5536.0
2024-09-10T16:00:00-04:00,2.79,2.83,2.7,2.83,4507.0
2024-09-11T16:00:00-04:00,2.795,3.05,2.795,3.02,3958.0
2024-09-12T16:00:00-04:00,3.525,3.91,3.22,3.265,38894.0
2024-09-13T16:00:00-04:00,3.28,3.45,3.02,3.12,5926.0
2024-09-16T16:00:00-04:00,3.1,3.21,3.0,3.005,4635.0
2024-09-17T16:00:00-04:00,3.7,3.71,3.245,3.49,37339.0
2024-09-18T16:00:00-04:00,3.505,3.75,3.455,3.5,21109.0
2024-09-19T16:00:00-04:00,3.41,3.73,3.41,3.5,14624.0
2024-09-20T16:00:00-04:00,3.49,3.59,3.46,3.505,9027.0
2024-09-23T16:00:00-04:00,3.45,3.58,3.32,3.5,3498.0
2024-09-24T16:00:00-04:00,3.535,3.545,3.45,3.49,2048.0
2024-09-25T16:00:00-04:00,3.5,3.55,3.36,3.38,2768.0
2024-09-26T16:00:00-04:00,3.355,3.355,3.23,3.3,2292.0
2024-09-27T16:00:00-04:00,3.17,3.46,3.17,3.37,7449.0
2024-09-30T16:00:00-04:00,3.36,3.445,3.115,3.23,9998.0
2024-10-01T16:00:00-04:00,3.31,3.41,3.195,3.25,2438.0
2024-10-02T16:00:00-04:00,3.28,3.48,3.28,3.4,5349.0
2024-10-03T16:00:00-04:00,3.41,3.53,3.27,3.3,2971.0
2024-10-04T16:00:00-04:00,3.575,3.575,3.41,3.475,4197.0
2024-10-07T16:00:00-04:00,3.53,3.55,3.47,3.495,11632.0
2024-10-08T16:00:00-04:00,3.51,3.56,3.44,3.5,6193.0
2024-10-09T16:00:00-04:00,3.44,3.48,3.35,3.425,3028.0
2024-10-10T16:00:00-04:00,3.44,3.44,3.32,3.32,1880.0
2024-10-11T16:00:00-04:00,3.37,3.38,3.31,3.34,2554.0
2024-10-14T16:00:00-04:00,3.38,3.38,3.21,3.35,3321.0
2024-10-15T16:00:00-04:00,3.46,3.505,3.39,3.5,2755.0
2024-10-16T16:00:00-04:00,3.48,3.62,3.45,3.5,5848.0
2024-10-17T16:00:00-04:00,3.5,3.5,3.45,3.5,5832.0
2024-10-18T16:00:00-04:00,3.505,3.67,3.5,3.62,7189.0
2024-10-21T16:00:00-04:00,3.66,3.66,3.61,3.63,6281.0
2024-10-22T16:00:00-04:00,3.58,3.7,3.35,3.615,6885.0
2024-10-23T16:00:00-04:00,3.68,3.68,3.5,3.585,2106.0
2024-10-24T16:00:00-04:00,3.635,3.68,3.565,3.64,2054.0
2024-10-25T16:00:00-04:00,3.64,3.68,3.61,3.625,2909.0
2024-10-28T16:00:00-04:00,3.62,3.89,3.62,3.64,9789.0
2024-10-29T16:00:00-04:00,3.64,3.64,3.555,3.6,956.0
2024-10-30T16:00:00-04:00,3.63,3.63,3.505,3.505,2418.0
2024-10-31T16:00:00-04:00,3.555,3.555,3.41,3.465,3407.0
2024-11-01T16:00:00-04:00,3.53,3.62,3.485,3.53,2366.0
2024-11-04T16:00:00-05:00,3.56,3.575,3.38,3.42,8786.0
2024-11-05T16:00:00-05:00,3.395,3.45,3.225,3.31,4815.0
2024-11-06T16:00:00-05:00,3.42,3.475,3.365,3.455,9083.0
2024-11-07T16:00:00-05:00,3.35,3.35,3.24,3.255,2598.0
2024-11-08T16:00:00-05:00,3.14,3.28,3.1,3.28,6886.0
2024-11-11T16:00:00-05:00,3.3,3.32,3.23,3.25,7926.0
2024-11-12T16:00:00-05:00,3.25,3.425,3.25,3.295,10923.0
2024-11-13T16:00:00-05:00,3.32,3.38,3.18,3.21,5147.0
2024-11-14T16:00:00-05:00,3.2,3.235,3.12,3.13,4558.0
2024-11-15T16:00:00-05:00,3.21,3.21,2.99,3.01,14613.0
2024-11-18T16:00:00-05:00,3.045,3.22,2.99,3.03,12808.0
2024-11-19T16:00:00-05:00,3.01,3.12,2.975,2.98,8858.0
2024-11-20T16:00:00-05:00,3.0,3.005,2.83,2.83,9027.0
2024-11-21T16:00:00-05:00,2.84,2.91,2.74,2.75,17409.0
2024-11-22T16:00:00-05:00,2.8,2.9,2.8,2.8,11099.0
2024-11-25T16:00:00-05:00,2.88,2.88,2.75,2.76,5245.0
2024-11-26T16:00:00-05:00,2.7,2.78,2.7,2.71,9090.0
2024-11-27T16:00:00-05:00,2.75,2.81,2.7,2.81,5347.0
2024-11-29T16:00:00-05:00,2.84,3.06,2.84,3.03,7585.0
2024-12-02T16:00:00-05:00,2.98,3.355,2.98,3.28,12269.0
2024-12-03T16:00:00-05:00,3.215,3.23,2.77,2.77,8411.0
2024-12-04T16:00:00-05:00,0.71,0.71,0.6272,0.64,146378.0
2024-12-05T16:00:00-05:00,0.62,0.62,0.4431,0.447,67369.0
2024-12-06T16:00:00-05:00,0.4441,0.4731,0.4401,0.4472,9670.0
2024-12-09T16:00:00-05:00,0.5035,0.5035,0.4661,0.47,13300.0
2024-12-10T16:00:00-05:00,0.4879,0.4879,0.4573,0.4698,14628.0
2024-12-11T16:00:00-05:00,0.4335,0.4345,0.4175,0.4175,7757.0
2024-12-12T16:00:00-05:00,0.3723,0.3723,0.3661,0.3671,778.0
2024-12-13T16:00:00-05:00,0.3676,0.368,0.3676,0.368,951.0
2024-12-16T16:00:00-05:00,0.3617,0.4125,0.3613,0.4001,8991.0
2024-12-17T16:00:00-05:00,0.3696,0.3796,0.3585,0.3585,3014.0
2024-12-18T16:00:00-05:00,0.3616,0.3941,0.3556,0.3565,15238.0
2024-12-19T16:00:00-05:00,0.36,0.3603,0.3421,0.36,4203.0
2024-12-20T16:00:00-05:00,0.3578,0.38,0.3541,0.363,3010.0
2024-12-23T16:00:00-05:00,0.36,0.36,0.3501,0.3511,4770.0
2024-12-24T16:00:00-05:00,0.3602,0.3602,0.343,0.3497,28693.0
2024-12-26T16:00:00-05:00,0.359,0.363,0.3571,0.363,1123.0
2024-12-27T16:00:00-05:00,0.3581,0.4,0.3579,0.3974,5784.0
2024-12-30T16:00:00-05:00,0.406,0.4823,0.406,0.4529,36368.0
2024-12-31T16:00:00-05:00,0.4752,0.5265,0.431,0.516,45239.0
2025-01-02T16:00:00-05:00,0.511,0.511,0.453,0.4599,3161.0
2025-01-03T16:00:00-05:00,0.436,0.478,0.436,0.4701,2931.0
2025-01-06T16:00:00-05:00,0.4602,0.469,0.4418,0.4466,8924.0
2025-01-07T16:00:00-05:00,0.4459,0.4823,0.442,0.4783,5614.0
2025-01-08T16:00:00-05:00,0.4576,0.4702,0.446,0.452,11651.0
2025-01-10T16:00:00-05:00,0.43,0.437,0.4136,0.4136,4111.0
2025-01-13T16:00:00-05:00,0.401,0.4112,0.389,0.389,3401.0
2025-01-14T16:00:00-05:00,0.4064,0.4236,0.403,0.4134,3620.0
2025-01-15T16:00:00-05:00,0.391,0.4017,0.391,0.3978,7541.0
2025-01-16T16:00:00-05:00,0.38,0.38,0.37,0.37,2094.0
2025-01-17T16:00:00-05:00,0.372,0.385,0.37,0.37,3001.0
2025-01-21T16:00:00-05:00,0.38,0.38,0.3651,0.3676,3449.0
2025-01-22T16:00:00-05:00,0.3751,0.385,0.3751,0.385,4759.0
2025-01-23T16:00:00-05:00,0.3898,0.3898,0.38,0.38,626.0
2025-01-24T16:00:00-05:00,0.38,0.4,0.38,0.4,3523.0
2025-01-27T16:00:00-05:00,0.3791,0.3791,0.35,0.3605,7141.0
2025-01-28T16:00:00-05:00,0.3659,0.3659,0.3554,0.3554,1500.0
2025-01-29T16:00:00-05:00,0.355,0.361,0.355,0.361,510.0
2025-01-30T16:00:00-05:00,0.36,0.36,0.348,0.348,4750.0
2025-01-31T16:00:00-05:00,0.36,0.3602,0.3421,0.3421,7576.0
2025-02-03T16:00:00-05:00,0.324,0.3482,0.324,0.3378,1898.0
2025-02-04T16:00:00-05:00,0.3302,0.3321,0.324,0.325,3171.0
2025-02-05T16:00:00-05:00,0.37,0.39,0.3691,0.39,11335.0
2025-02-06T16:00:00-05:00,0.4801,0.4801,0.33,0.345,116262.0
2025-02-07T16:00:00-05:00,0.339,0.339,0.292,0.3091,26134.0
2025-02-10T16:00:00-05:00,0.292,0.3079,0.29,0.3079,9309.0
2025-02-11T16:00:00-05:00,0.29,0.2974,0.28,0.2863,20333.0
2025-02-12T16:00:00-05:00,0.2905,0.3048,0.2905,0.3048,9084.0
2025-02-13T16:00:00-05:00,0.3025,0.3426,0.3025,0.3184,8562.0
2025-02-14T16:00:00-05:00,0.318,0.359,0.318,0.329,7895.0
2025-02-18T16:00:00-05:00,0.3171,0.3365,0.3162,0.3194,6600.0
2025-02-19T16:00:00-05:00,0.3281,0.3281,0.315,0.328,7639.0
2025-02-20T16:00:00-05:00,0.3236,0.3268,0.3121,0.3175,8643.0
2025-02-21T16:00:00-05:00,0.3146,0.315,0.2866,0.2961,14045.0
2025-02-24T16:00:00-05:00,0.2864,0.2877,0.2762,0.2847,13921.0
2025-02-25T16:00:00-05:00,0.2801,0.2801,0.264,0.2732,8260.0
2025-02-26T16:00:00-05:00,0.2752,0.276,0.2696,0.2696,3500.0
2025-02-27T16:00:00-05:00,0.2699,0.2768,0.2643,0.275,16103.0
2025-02-28T16:00:00-05:00,0.2738,0.2738,0.265,0.2659,3946.0
2025-03-03T16:00:00-05:00,0.2609,0.261,0.2462,0.2462,1232.0
2025-03-04T16:00:00-05:00,0.2596,0.2604,0.2596,0.2604,301.0
2025-03-05T16:00:00-05:00,0.2688,0.2688,0.2595,0.2598,10256.0
2025-03-06T16:00:00-05:00,0.2599,0.272,0.2559,0.272,6524.0
2025-03-07T16:00:00-05:00,0.264,0.2926,0.264,0.2873,7442.0
2025-03-10T16:00:00-04:00,0.2862,0.2877,0.2715,0.2755,17546.0
2025-03-11T16:00:00-04:00,0.2778,0.2829,0.2699,0.2699,10712.0
2025-03-12T16:00:00-04:00,0.2728,0.2746,0.26,0.2604,5976.0
2025-03-13T16:00:00-04:00,0.2709,0.2761,0.265,0.2711,2830.0
2025-03-14T16:00:00-04:00,0.2821,0.2987,0.2729,0.2919,16214.0
2025-03-17T16:00:00-04:00,0.286,0.2978,0.284,0.293,7455.0
2025-03-18T16:00:00-04:00,0.292,0.3,0.2904,0.2945,1542.0
2025-03-19T16:00:00-04:00,0.3007,0.3007,0.2891,0.2982,8030.0
2025-03-20T16:00:00-04:00,0.3001,0.3034,0.2989,0.3001,13272.0
2025-03-21T16:00:00-04:00,0.2991,0.2992,0.2887,0.2923,4017.0
2025-03-24T16:00:00-04:00,0.2934,0.3032,0.2907,0.3005,2313.0
2025-03-25T16:00:00-04:00,0.31,0.3215,0.31,0.3114,48773.0
2025-03-26T16:00:00-04:00,0.3213,0.3213,0.3097,0.3097,12031.0
2025-03-27T16:00:00-04:00,0.305,0.305,0.3,0.3022,1850.0
2025-03-28T16:00:00-04:00,0.2765,0.2979,0.2626,0.2978,3123.0
2025-03-31T16:00:00-04:00,0.2944,0.2944,0.2632,0.27,1576.0
2025-04-01T16:00:00-04:00,0.2698,0.2801,0.2633,0.2766,3016.0
2025-04-02T16:00:00-04:00,0.279,0.3042,0.279,0.3021,26424.0
2025-04-03T16:00:00-04:00,0.294,0.298,0.2809,0.2809,1806.0
2025-04-04T16:00:00-04:00,0.262,0.2791,0.2601,0.277,2900.0
2025-04-07T16:00:00-04:00,0.269,0.2736,0.254,0.2602,3404.0
2025-04-08T16:00:00-04:00,0.25,0.259,0.2461,0.257,2135.0
2025-04-09T16:00:00-04:00,0.269,0.269,0.2473,0.2588,4666.0
2025-04-10T16:00:00-04:00,0.2703,0.2882,0.2703,0.2868,5455.0
2025-04-11T16:00:00-04:00,0.2804,0.2989,0.2804,0.2907,1299.0
2025-04-14T16:00:00-04:00,0.3072,0.308,0.3005,0.3008,5919.0
2025-04-15T16:00:00-04:00,0.2996,0.3067,0.2961,0.3067,8762.0
2025-04-16T16:00:00-04:00,0.2974,0.2975,0.2736,0.2736,2443.0
2025-04-17T16:00:00-04:00,0.3064,0.3119,0.287,0.287,1946.0
2025-04-21T16:00:00-04:00,0.309,0.34,0.3089,0.3178,43040.0
2025-04-22T16:00:00-04:00,0.3212,0.478,0.3212,0.37,290904.0
2025-04-23T16:00:00-04:00,0.4178,0.699,0.4178,0.6705,373475.0
2025-04-24T16:00:00-04:00,0.625,0.7376,0.5522,0.7376,46415.0
2025-04-25T16:00:00-04:00,0.706,0.706,0.57,0.6318,35659.0
2025-04-28T16:00:00-04:00,0.6358,0.7311,0.3,0.3551,93321.0
2025-04-29T16:00:00-04:00,0.32,0.32,0.2675,0.2746,21192.0
2025-04-30T16:00:00-04:00,0.2734,0.3248,0.2734,0.3201,23250.0
2025-05-01T16:00:00-04:00,0.3299,0.3722,0.3262,0.3497,17883.0
2025-05-02T16:00:00-04:00,0.37,0.384,0.333,0.367,39493.0
2025-05-05T16:00:00-04:00,0.369,0.3962,0.3631,0.391,14465.0
2025-05-06T16:00:00-04:00,0.3872,0.388,0.3535,0.3579,19311.0
2025-05-07T16:00:00-04:00,0.3567,0.3624,0.3233,0.3254,9333.0
2025-05-08T16:00:00-04:00,0.3412,0.3597,0.3412,0.3597,8752.0
2025-05-09T16:00:00-04:00,0.3699,0.4197,0.362,0.4136,13453.0
2025-05-12T16:00:00-04:00,0.421,0.4215,0.3901,0.3921,7520.0
2025-05-13T16:00:00-04:00,0.3779,0.3924,0.3629,0.388,8694.0
2025-05-14T16:00:00-04:00,0.3815,0.4418,0.3815,0.4284,110554.0
2025-05-15T16:00:00-04:00,0.3942,0.397,0.387,0.387,5707.0
2025-05-16T16:00:00-04:00,0.4198,0.4997,0.4198,0.4712,40555.0
2025-05-19T16:00:00-04:00,0.4535,0.5038,0.4535,0.4976,13953.0
2025-05-20T16:00:00-04:00,0.481,0.5992,0.4801,0.5876,41572.0
2025-05-21T16:00:00-04:00,0.5851,0.6569,0.4927,0.5103,33546.0
2025-05-22T16:00:00-04:00,0.5,0.6393,0.4925,0.609,33944.0
2025-05-23T16:00:00-04:00,0.5844,0.6551,0.5844,0.6348,26717.0
2025-05-27T16:00:00-04:00,0.6423,0.67,0.636,0.661,20743.0
2025-05-28T16:00:00-04:00,0.6771,0.74,0.6507,0.7251,22570.0
2025-05-29T16:00:00-04:00,0.7176,0.742,0.7099,0.7289,7770.0
2025-05-30T16:00:00-04:00,0.7298,0.7587,0.7298,0.746,2434.0
2025-06-02T16:00:00-04:00,0.721,0.724,0.66,0.7081,6813.0
2025-06-03T16:00:00-04:00,0.6802,0.701,0.6802,0.6967,2035.0
2025-06-04T16:00:00-04:00,0.68,0.7398,0.6501,0.7398,10241.0
2025-06-05T16:00:00-04:00,0.701,0.8734,0.701,0.8257,20064.0
2025-06-06T16:00:00-04:00,0.8218,0.8699,0.7943,0.8361,19324.0
2025-06-09T16:00:00-04:00,0.869,0.869,0.801,0.81,6725.0
2025-06-10T16:00:00-04:00,0.7754,0.794,0.7517,0.794,24979.0
2025-06-11T16:00:00-04:00,0.7867,0.7996,0.7606,0.764,20218.0
2025-06-12T16:00:00-04:00,0.7602,0.7686,0.6949,0.713,12037.0
2025-06-13T16:00:00-04:00,0.713,0.713,0.713,0.713,0.0
2025-06-16T16:00:00-04:00,0.691,0.6922,0.691,0.6922,502.0
2025-06-17T16:00:00-04:00,0.7241,0.7241,0.6933,0.6933,2443.0
2025-06-18T16:00:00-04:00,0.695,0.704,0.6831,0.6837,4844.0
2025-06-20T16:00:00-04:00,0.71,0.7192,0.6913,0.6913,2421.0
2025-06-23T16:00:00-04:00,0.653,0.6586,0.6057,0.6147,8315.0
2025-06-24T16:00:00-04:00,0.6013,0.6013,0.591,0.591,1601.0
2025-06-25T16:00:00-04:00,0.571,0.571,0.521,0.5302,18897.0
2025-06-26T16:00:00-04:00,0.5451,0.7339,0.5451,0.6225,14710.0
2025-06-27T16:00:00-04:00,0.6501,0.6501,0.6181,0.6181,1577.0
2025-06-30T16:00:00-04:00,0.6253,0.6253,0.6253,0.6253,107.0
2025-07-01T16:00:00-04:00,0.657,0.657,0.622,0.622,18677.0
2025-07-02T16:00:00-04:00,0.605,0.605,0.6041,0.6041,3257.0
2025-07-03T16:00:00-04:00,0.6599,0.6599,0.6599,0.6599,150.0
2025-07-07T16:00:00-04:00,0.6374,0.6374,0.6276,0.63,2971.0
2025-07-08T16:00:00-04:00,0.635,0.635,0.635,0.635,1920.0
2025-07-09T16:00:00-04:00,0.62,0.62,0.6124,0.6124,780.0
2025-07-10T16:00:00-04:00,0.6327,0.65,0.6327,0.65,7307.0
2025-07-11T16:00:00-04:00,0.65,0.65,0.65,0.65,0.0
2025-07-14T16:00:00-04:00,0.629,0.629,0.629,0.629,807.0
2025-07-15T16:00:00-04:00,0.635,0.635,0.635,0.635,548.0
2025-07-16T16:00:00-04:00,0.6499,0.6626,0.6418,0.6418,11124.0
2025-07-17T16:00:00-04:00,0.6132,0.6197,0.6132,0.6197,538.0
2025-07-18T16:00:00-04:00,0.6111,0.6111,0.5629,0.5629,3001.0
2025-07-21T16:00:00-04:00,0.6,0.6173,0.6,0.6142,3273.0
2025-07-22T16:00:00-04:00,0.5956,0.6277,0.5956,0.6277,300.0
2025-07-23T16:00:00-04:00,0.646,0.7376,0.646,0.717,2350.0
2025-07-24T16:00:00-04:00,0.7001,0.7051,0.6143,0.6652,8635.0
2025-07-25T16:00:00-04:00,0.679,0.679,0.6536,0.66,1100.0
2025-07-28T16:00:00-04:00,0.6738,0.6738,0.6712,0.6712,900.0
2025-07-29T16:00:00-04:00,0.6423,0.6423,0.642,0.642,406.0
2025-07-30T16:00:00-04:00,0.6401,0.6401,0.6401,0.6401,212.0
2025-07-31T16:00:00-04:00,0.6401,0.6401,0.6401,0.6401,0.0
2025-08-01T16:00:00-04:00,0.6401,0.6401,0.6401,0.6401,0.0
2025-08-04T16:00:00-04:00,0.5952,0.6096,0.5952,0.6011,1022.0
2025-08-05T16:00:00-04:00,0.5852,0.5937,0.57,0.5722,8158.0
2025-08-06T16:00:00-04:00,0.5722,0.5722,0.5722,0.5722,0.0
2025-08-07T16:00:00-04:00,0.5722,0.5722,0.5722,0.5722,0.0
2025-08-08T16:00:00-04:00,0.5722,0.5722,0.5722,0.5722,0.0
2025-08-11T16:00:00-04:00,0.5835,0.5835,0.567,0.567,2400.0
2025-08-12T16:00:00-04:00,0.606,0.606,0.564,0.564,1900.0
2025-08-13T16:00:00-04:00,0.561,0.561,0.561,0.561,308.0
2025-08-14T16:00:00-04:00,0.561,0.561,0.561,0.561,0.0
2025-08-15T16:00:00-04:00,0.61,0.661,0.61,0.661,2989.0
2025-08-18T16:00:00-04:00,0.661,0.661,0.661,0.661,0.0
2025-08-19T16:00:00-04:00,0.657,0.657,0.5927,0.5927,1600.0
2025-08-20T16:00:00-04:00,0.5927,0.5927,0.5927,0.5927,0.0
2025-08-21T16:00:00-04:00,0.5927,0.5927,0.5927,0.5927,0.0
2025-08-22T16:00:00-04:00,0.6125,0.6202,0.6035,0.6202,836.0
2025-08-25T16:00:00-04:00,0.606,0.606,0.606,0.606,100.0
2025-08-26T16:00:00-04:00,0.601,0.601,0.601,0.601,100.0
2025-08-27T16:00:00-04:00,0.6435,0.6911,0.6435,0.6911,5877.0
2025-08-28T16:00:00-04:00,0.7271,0.8,0.7271,0.7697,2520.0
2025-08-29T16:00:00-04:00,0.9,1.19,0.8706,1.115,148138.0
2025-09-02T16:00:00-04:00,1.14,1.545,1.07,1.43,31833.0
2025-09-03T16:00:00-04:00,1.55,1.69,1.365,1.465,14201.0
2025-09-04T16:00:00-04:00,1.44,1.44,1.13,1.37,30558.0
2025-09-05T16:00:00-04:00,1.35,1.685,1.325,1.66,11699.0
2025-09-08T16:00:00-04:00,1.635,1.645,1.505,1.63,13288.0
2025-09-09T16:00:00-04:00,1.555,1.63,1.52,1.565,7246.0
2025-09-10T16:00:00-04:00,1.565,1.645,1.565,1.61,5093.0
2025-09-11T16:00:00-04:00,1.655,1.655,1.45,1.49,2327.0
2025-09-12T16:00:00-04:00,1.53,1.6,1.47,1.6,3476.0
2025-09-15T16:00:00-04:00,1.565,1.68,1.525,1.68,9291.0
2025-09-16T16:00:00-04:00,1.76,1.82,1.495,1.59,10061.0
2025-09-17T16:00:00-04:00,1.57,1.625,1.53,1.53,1378.0
2025-09-18T16:00:00-04:00,1.52,1.68,1.52,1.66,2448.0
2025-09-19T16:00:00-04:00,1.665,1.665,1.53,1.535,2300.0
2025-09-22T16:00:00-04:00,1.52,1.64,1.49,1.64,1849.0
2025-09-23T16:00:00-04:00,1.615,1.69,1.615,1.69,1025.0
2025-09-24T16:00:00-04:00,1.665,1.665,1.64,1.645,664.0
2025-09-25T16:00:00-04:00,1.6,1.6,1.58,1.6,7679.0
2025-09-26T16:00:00-04:00,1.76,1.81,1.76,1.805,1712.0
2025-09-29T16:00:00-04:00,1.87,1.96,1.87,1.88,5857.0
2025-09-30T16:00:00-04:00,1.925,2.09,1.925,2.015,3488.0
2025-10-01T16:00:00-04:00,2.13,2.175,2.13,2.155,6780.0
2025-10-02T16:00:00-04:00,2.4,2.71,2.355,2.64,16817.0
2025-10-03T16:00:00-04:00,2.74,2.825,2.13,2.31,25444.0
2025-10-06T16:00:00-04:00,2.3,2.3,1.92,2.07,18634.0
2025-10-07T16:00:00-04:00,2.1,2.1,1.93,1.98,4389.0
2025-10-08T16:00:00-04:00,1.98,2.13,1.98,2.13,9866.0
2025-10-09T16:00:00-04:00,2.2,2.245,2.13,2.21,15067.0
2025-10-10T16:00:00-04:00,2.19,2.19,1.99,2.0,2936.0
2025-10-13T16:00:00-04:00,2.01,2.01,1.945,1.99,4703.0
2025-10-14T16:00:00-04:00,1.915,2.02,1.895,1.96,4770.0
2025-10-15T16:00:00-04:00,2.0,2.09,1.99,2.02,1100.0
2025-10-16T16:00:00-04:00,1.975,2.01,1.965,2.01,1343.0
2025-10-17T16:00:00-04:00,1.98,2.0,1.82,2.0,7262.0
2025-10-20T16:00:00-04:00,2.16,2.23,2.16,2.23,2190.0
2025-10-21T16:00:00-04:00,2.205,2.23,2.15,2.23,2041.0
2025-10-22T16:00:00-04:00,2.21,2.21,1.98,2.07,1852.0
2025-10-23T16:00:00-04:00,2.11,2.23,2.11,2.2,2001.0
2025-10-24T16:00:00-04:00,2.18,2.18,2.08,2.08,2354.0
2025-10-27T16:00:00-04:00,2.27,2.37,2.27,2.325,17286.0
2025-10-28T16:00:00-04:00,2.36,2.45,2.36,2.45,1764.0
2025-10-29T16:00:00-04:00,2.46,2.57,2.44,2.47,3030.0
2025-10-30T16:00:00-04:00,2.36,2.4,2.28,2.31,3149.0
2025-10-31T16:00:00-04:00,2.31,2.32,2.19,2.22,2044.0
2025-11-03T16:00:00-05:00,2.19,2.26,2.19,2.21,2066.0
2025-11-04T16:00:00-05:00,2.21,2.81,2.2,2.795,304368.0
2025-11-05T16:00:00-05:00,2.57,2.67,2.45,2.52,11323.0
2025-11-06T16:00:00-05:00,2.86,2.86,2.45,2.61,46518.0
2025-11-07T16:00:00-05:00,2.53,2.715,2.46,2.65,141053.0
2025-11-10T16:00:00-05:00,2.75,3.07,2.75,3.015,492657.0
2025-11-11T16:00:00-05:00,3.01,3.71,2.99,3.29,36129.0
2025-11-12T16:00:00-05:00,3.35,3.945,3.35,3.905,41929.0
2025-11-13T16:00:00-05:00,3.83,4.19,3.75,3.89,75746.0
2025-11-14T16:00:00-05:00,3.43,4.32,3.4,3.96,173300.0
2025-11-17T16:00:00-05:00,3.96,4.2,3.94,3.98,45891.0
2025-11-18T16:00:00-05:00,3.91,4.39,3.75,4.26,33875.0
2025-11-19T16:00:00-05:00,4.55,5.1,4.09,4.21,104681.0
2025-11-20T16:00:00-05:00,4.42,4.535,4.15,4.33,37007.0
2025-11-21T16:00:00-05:00,4.24,4.34,3.85,4.265,77873.0
2025-11-24T16:00:00-05:00,4.13,4.305,4.07,4.27,54041.0
2025-11-25T16:00:00-05:00,4.37,4.37,4.0,4.28,78486.0
2025-11-26T16:00:00-05:00,4.12,4.25,3.9,4.21,47593.0
2025-11-28T16:00:00-05:00,4.27,4.56,4.27,4.52,20073.0
2025-12-01T16:00:00-05:00,4.44,4.44,3.96,4.41,58514.0
2025-12-02T16:00:00-05:00,4.23,4.26,3.95,4.045,37979.0
2025-12-03T16:00:00-05:00,4.075,4.23,3.73,4.03,74422.0
2025-12-04T16:00:00-05:00,3.995,4.06,3.85,3.985,70573.0
2025-12-05T16:00:00-05:00,3.995,4.3,3.995,4.235,32163.0
2025-12-08T16:00:00-05:00,4.27,4.27,3.96,4.185,46957.0
2025-12-09T16:00:00-05:00,4.31,4.59,4.0,4.14,62704.0
2025-12-10T16:00:00-05:00,4.15,4.48,4.15,4.43,42519.0
2025-12-11T16:00:00-05:00,4.5,4.72,4.19,4.21,44980.0
2025-12-12T16:00:00-05:00,4.27,4.55,4.035,4.065,62104.0
2025-12-15T16:00:00-05:00,4.12,4.45,4.01,4.34,34954.0
2025-12-16T16:00:00-05:00,4.43,4.78,4.43,4.495,69429.0
2025-12-17T16:00:00-05:00,4.54,4.54,3.98,4.02,40136.0
2025-12-18T16:00:00-05:00,4.135,4.29,4.015,4.14,38207.0
2025-12-19T16:00:00-05:00,4.185,4.41,4.17,4.33,46366.0
2025-12-22T16:00:00-05:00,4.6,4.625,4.41,4.485,33883.0
2025-12-23T16:00:00-05:00,4.49,4.56,4.44,4.495,24803.0
2025-12-24T16:00:00-05:00,4.475,4.735,4.46,4.585,15865.0
2025-12-26T16:00:00-05:00,4.51,4.51,4.45,4.5,17181.0
2025-12-29T16:00:00-05:00,4.47,4.47,4.28,4.445,21700.0
2025-12-30T16:00:00-05:00,4.43,4.525,4.35,4.525,27039.0
2025-12-31T16:00:00-05:00,4.515,4.83,4.48,4.825,34991.0
2026-01-02T16:00:00-05:00,4.75,4.75,4.21,4.36,19977.0
2026-01-05T16:00:00-05:00,4.22,4.25,3.995,4.215,18666.0
2026-01-06T16:00:00-05:00,4.105,4.27,4.06,4.07,30508.0
2026-01-07T16:00:00-05:00,4.06,4.325,4.06,4.315,32920.0
2026-01-08T16:00:00-05:00,4.3,4.49,4.26,4.435,27896.0
2026-01-09T16:00:00-05:00,4.325,4.425,4.25,4.3,16697.0
2026-01-12T16:00:00-05:00,4.26,4.37,4.075,4.13,45053.0
2026-01-13T16:00:00-05:00,4.13,4.145,3.915,4.055,24540.0
2026-01-14T16:00:00-05:00,3.975,4.0,3.78,3.845,28040.0
2026-01-15T16:00:00-05:00,3.77,3.85,3.75,3.8,24378.0
2026-01-16T16:00:00-05:00,3.67,3.78,3.67,3.745,64977.0
2026-01-20T16:00:00-05:00,3.6,4.07,3.6,3.945,32712.0
2026-01-21T16:00:00-05:00,3.76,3.85,3.7,3.8,19549.0
2026-01-22T16:00:00-05:00,3.81,4.06,3.81,3.98,12984.0
2026-01-23T16:00:00-05:00,4.32,4.5,3.91,3.915,31475.0
2026-01-26T16:00:00-05:00,3.81,4.08,3.81,4.0,44633.0
2026-01-27T16:00:00-05:00,4.05,4.175,3.995,4.1,65292.0
2026-01-28T16:00:00-05:00,4.005,4.04,3.88,3.95,32391.0
2026-01-29T16:00:00-05:00,3.925,3.99,3.895,3.92,26030.0
2026-01-30T16:00:00-05:00,3.8,3.8,3.55,3.55,20320.0
2026-02-02T16:00:00-05:00,3.68,3.92,3.67,3.825,41296.0
2026-02-03T16:00:00-05:00,3.84,3.91,3.71,3.8,53800.0
2026-02-04T16:00:00-05:00,3.78,3.78,3.235,3.68,47699.0
2026-02-05T16:00:00-05:00,3.67,3.78,3.485,3.61,62525.0
2026-02-06T16:00:00-05:00,3.715,3.945,3.62,3.9,29622.0
2026-02-09T16:00:00-05:00,3.84,4.34,3.825,4.195,40456.0
2026-02-10T16:00:00-05:00,4.1,4.22,4.02,4.035,35082.0
2026-02-11T16:00:00-05:00,4.04,4.04,3.83,4.0,34765.0
2026-02-12T16:00:00-05:00,3.855,3.92,3.71,3.91,18681.0
2026-02-13T16:00:00-05:00,3.92,3.92,3.725,3.73,13103.0
2026-02-17T16:00:00-05:00,3.6,3.65,3.46,3.65,29402.0
2026-02-18T16:00:00-05:00,3.825,4.19,3.795,4.07,68606.0
2026-02-19T16:00:00-05:00,4.105,4.465,4.05,4.38,99286.0
2026-02-20T16:00:00-05:00,4.31,4.33,4.01,4.115,34180.0
2026-02-23T16:00:00-05:00,4.14,4.15,4.0,4.035,11439.0
2026-02-24T16:00:00-05:00,4.34,4.51,4.2,4.255,54983.0
2026-02-25T16:00:00-05:00,4.325,4.59,4.325,4.55,30523.0
2026-02-26T16:00:00-05:00,4.425,4.665,4.27,4.605,12641.0
2026-02-27T16:00:00-05:00,4.53,4.58,4.47,4.53,13904.0
2026-03-02T16:00:00-05:00,4.71,4.9,4.58,4.825,44662.0
2026-03-03T16:00:00-05:00,4.735,4.755,4.46,4.66,24504.0
2026-03-04T16:00:00-05:00,4.58,4.89,4.58,4.755,11668.0
2026-03-05T16:00:00-05:00,4.4,4.475,4.26,4.435,35276.0
2026-03-06T16:00:00-05:00,4.395,4.7,4.395,4.44,25437.0
2026-03-09T16:00:00-04:00,6.33,7.4,5.8,7.16,716169.0
2026-03-10T16:00:00-04:00,6.94,7.49,6.54,6.595,147304.0
2026-03-11T16:00:00-04:00,6.65,6.72,6.185,6.31,84502.0
2026-03-12T16:00:00-04:00,6.18,6.21,5.95,6.155,54905.0
2026-03-13T16:00:00-04:00,6.14,6.415,5.83,5.93,66273.0
2026-03-16T16:00:00-04:00,6.005,6.42,5.95,6.17,62515.0
2026-03-17T16:00:00-04:00,6.3,6.475,6.195,6.45,39018.0
2026-03-18T16:00:00-04:00,6.42,6.53,6.2,6.21,44697.0
2026-03-19T16:00:00-04:00,6.18,6.315,5.94,6.23,47485.0
2026-03-20T16:00:00-04:00,6.32,6.645,5.85,6.05,41539.0
2026-03-23T16:00:00-04:00,5.96,6.055,5.72,5.84,82481.0
2026-03-24T16:00:00-04:00,5.9,6.18,5.82,6.1,54639.0
2026-03-25T16:00:00-04:00,6.305,6.735,6.295,6.645,109979.0
2026-03-26T16:00:00-04:00,6.5,6.72,6.45,6.53,57149.0
2026-03-27T16:00:00-04:00,6.54,6.58,6.335,6.42,55268.0
2026-03-30T16:00:00-04:00,6.37,6.5,6.275,6.37,63427.0
2026-03-31T16:00:00-04:00,6.43,6.95,6.43,6.94,97577.0
2026-04-01T16:00:00-04:00,7.03,7.37,6.94,7.075,58844.0
2026-04-02T16:00:00-04:00,6.7,7.0,6.7,6.98,60348.0
2026-04-06T16:00:00-04:00,6.89,7.095,6.86,6.92,40816.0
2026-04-07T16:00:00-04:00,6.835,6.835,6.62,6.76,46066.0
2026-04-08T16:00:00-04:00,7.065,7.065,6.84,7.0,28336.0
2026-04-09T16:00:00-04:00,6.95,7.64,6.95,7.6,69010.0
2026-04-10T16:00:00-04:00,7.76,7.825,7.16,7.26,61419.0
2026-04-13T16:00:00-04:00,7.12,7.565,7.12,7.365,47084.0
2026-04-14T16:00:00-04:00,7.47,7.67,7.16,7.17,64100.0
2026-04-15T16:00:00-04:00,7.12,7.21,6.98,7.185,76809.0
2026-04-16T16:00:00-04:00,7.13,7.13,6.81,6.995,118662.0
2026-04-17T16:00:00-04:00,7.03,7.54,7.03,7.48,143891.0
2026-04-20T16:00:00-04:00,7.425,7.64,7.3,7.36,68177.0
2026-04-21T16:00:00-04:00,7.19,7.335,6.91,7.14,150541.0
2026-04-22T16:00:00-04:00,7.225,7.35,7.03,7.05,83773.0
2026-04-23T16:00:00-04:00,7.12,7.32,7.0,7.25,69970.0
2026-04-24T16:00:00-04:00,7.13,7.22,6.985,7.22,55643.0
2026-04-27T16:00:00-04:00,7.415,7.59,6.9,7.025,81189.0
2026-04-28T16:00:00-04:00,7.015,7.245,6.96,7.235,76786.0
2026-04-29T16:00:00-04:00,7.2,7.37,7.11,7.365,35424.0
2026-04-30T16:00:00-04:00,7.385,7.56,7.265,7.535,45042.0
2026-05-01T16:00:00-04:00,7.61,7.805,7.43,7.65,54154.0
2026-05-04T16:00:00-04:00,7.54,7.76,7.36,7.4,43902.0
2026-05-05T16:00:00-04:00,7.53,7.61,7.18,7.35,39330.0
2026-05-06T16:00:00-04:00,7.37,7.985,7.315,7.85,41929.0
2026-05-07T16:00:00-04:00,7.715,7.72,7.27,7.425,38842.0
2026-05-08T16:00:00-04:00,7.465,7.47,7.215,7.31,48453.0
2026-05-11T16:00:00-04:00,7.4,7.55,7.25,7.355,50621.0
2026-05-12T16:00:00-04:00,7.31,7.48,7.1,7.45,119667.0
2026-05-13T16:00:00-04:00,7.065,7.66,7.065,7.5,74890.0
2026-05-14T16:00:00-04:00,7.48,7.485,7.25,7.43,20536.0
2026-05-15T16:00:00-04:00,7.295,7.295,6.78,6.91,79590.0
2026-05-18T16:00:00-04:00,6.875,7.0,6.175,6.34,132190.0
2026-05-19T16:00:00-04:00,6.345,7.04,6.345,7.04,121675.0
2026-05-20T16:00:00-04:00,7.145,7.2,6.855,7.17,48101.0
2026-05-21T16:00:00-04:00,7.095,7.34,6.99,7.22,45315.0
2026-05-22T16:00:00-04:00,7.29,7.47,7.025,7.05,32810.0
2026-05-26T16:00:00-04:00,6.95,7.18,6.88,7.17,45548.0
2026-05-27T16:00:00-04:00,7.17,7.39,7.16,7.27,29273.0
2026-05-28T16:00:00-04:00,7.225,7.32,7.2,7.255,37205.0
2026-05-29T16:00:00-04:00,7.24,7.26,7.09,7.22,36533.0
2026-06-01T16:00:00-04:00,7.03,7.12,6.82,6.84,46676.0
2026-06-02T16:00:00-04:00,6.8,6.8,6.13,6.415,143631.0
2026-06-03T16:00:00-04:00,6.43,6.46,6.255,6.32,82456.0
2026-06-04T16:00:00-04:00,6.355,6.44,6.25,6.31,83299.0
2026-06-05T16:00:00-04:00,6.285,6.34,5.835,5.95,95896.0
2026-06-08T16:00:00-04:00,6.05,6.1,5.695,5.71,110236.0
2026-06-09T16:00:00-04:00,5.8,6.31,5.64,6.275,128410.0
2026-06-10T16:00:00-04:00,6.29,6.66,6.235,6.385,154910.0
2026-06-11T16:00:00-04:00,6.365,6.615,6.36,6.51,63352.0
2026-06-12T16:00:00-04:00,6.535,6.95,6.53,6.64,83730.0
2026-06-15T16:00:00-04:00,6.66,6.97,6.335,6.37,164826.0
2026-06-16T16:00:00-04:00,6.41,6.585,6.275,6.565,123616.0
2026-06-17T16:00:00-04:00,6.69,6.915,6.48,6.58,100693.0
2026-06-18T16:00:00-04:00,6.815,6.815,6.48,6.71,110292.0
2026-06-22T16:00:00-04:00,6.76,7.12,6.62,6.88,95542.0
2026-06-23T16:00:00-04:00,6.675,7.02,6.675,6.755,111083.0
2026-06-24T16:00:00-04:00,6.76,6.92,6.5,6.505,140382.0
2026-06-25T16:00:00-04:00,6.485,6.765,6.385,6.43,173821.0
2026-06-26T16:00:00-04:00,6.44,6.94,6.44,6.65,230966.0
2026-06-29T16:00:00-04:00,6.6,7.045,6.495,7.0,163643.0
2026-06-30T16:00:00-04:00,6.98,7.09,6.79,6.92,116040.0
2026-07-01T16:00:00-04:00,6.825,6.83,6.305,6.38,130038.0
2026-07-02T16:00:00-04:00,6.445,6.5,6.265,6.28,137808.0
2026-07-06T16:00:00-04:00,6.38,6.525,6.265,6.33,121370.0
2026-07-07T16:00:00-04:00,6.29,6.56,6.055,6.4,185078.0
2026-07-08T16:00:00-04:00,6.51,6.65,6.325,6.42,151603.0
2026-07-09T16:00:00-04:00,6.49,6.61,6.41,6.51,120647.0
2026-07-10T16:00:00-04:00,6.42,6.525,6.2,6.4,117188.0
2026-07-13T16:00:00-04:00,6.375,6.505,6.28,6.44,176500.0
2026-07-14T16:00:00-04:00,6.45,6.57,6.21,6.21,70623.0
2026-07-15T16:00:00-04:00,6.16,6.25,6.07,6.19,92325.0
2026-07-16T16:00:00-04:00,6.24,6.24,5.435,5.46,179424.0
2026-07-17T16:00:00-04:00,5.35,5.685,5.175,5.225,279272.0
2026-07-20T16:00:00-04:00,5.32,5.46,4.96,4.995,172475.0
2026-07-21T16:00:00-04:00,4.97,5.435,4.86,5.295,178389.0
2026-07-22T16:00:00-04:00,5.195,5.195,4.95,5.0,76992.0
2026-07-23T16:00:00-04:00,4.91,5.22,4.86,5.21,143519.0
2026-07-24T16:00:00-04:00,5.17,5.24,4.945,5.175,93689.0
2026-07-27T16:00:00-04:00,5.3,5.35,5.18,5.2,90381.0
2026-07-28T16:00:00-04:00,5.165,5.265,5.045,5.24,90797.0
2026-07-29T16:00:00-04:00,5.28,5.34,5.04,5.14,66270.0
2026-07-30T16:00:00-04:00,5.29,5.43,5.2,5.33,88854.0
2026-07-31T16:00:00-04:00,5.25,5.4,5.01,5.31,94698.0
2026-08-03T16:00:00-04:00,5.095,5.295,5.07,5.29,67730.0
2026-08-04T16:00:00-04:00,5.385,5.555,5.385,5.46,78273.0
2026-08-05T16:00:00-04:00,5.52,5.52,5.33,5.44,75419.0
2026-08-06T16:00:00-04:00,5.47,5.575,5.32,5.37,55866.0
2026-08-07T16:00:00-04:00,5.375,5.375,4.87,4.93,154611.0
2026-08-10T16:00:00-04:00,4.9,4.905,4.51,4.525,105102.0
2026-08-11T16:00:00-04:00,4.63,4.63,4.355,4.465,173957.0
2026-08-12T16:00:00-04:00,4.55,4.805,4.515,4.73,127329.0
2026-08-13T16:00:00-04:00,4.76,4.89,4.66,4.765,113835.0
2026-08-14T16:00:00-04:00,4.68,4.83,4.68,4.8,115805.0
2026-08-17T16:00:00-04:00,4.75,4.84,4.71,4.765,71910.0
2026-08-18T16:00:00-04:00,4.745,4.86,4.715,4.855,67743.0
2026-08-19T16:00:00-04:00,4.97,4.98,4.795,4.835,42523.0
2026-08-20T16:00:00-04:00,4.75,4.76,4.555,4.655,68279.0
2026-08-21T16:00:00-04:00,4.685,4.755,4.54,4.64,56564.0
2026-08-24T16:00:00-04:00,4.615,4.615,4.39,4.575,44831.0
2026-08-25T16:00:00-04:00,4.665,4.725,4.59,4.6,68590.0
2026-08-26T16:00:00-04:00,4.5,4.595,4.465,4.54,38346.0
2026-08-27T16:00:00-04:00,4.51,4.575,4.485,4.52,37762.0
2026-08-28T16:00:00-04:00,4.46,4.525,4.32,4.33,45952.0
2026-08-31T16:00:00-04:00,4.355,4.39,4.285,4.36,42064.0
2026-09-01T16:00:00-04:00,4.34,4.505,4.34,4.46,102621.0
2026-09-02T16:00:00-04:00,4.55,4.57,4.37,4.55,66424.0
2026-09-03T16:00:00-04:00,4.58,4.58,4.34,4.38,65174.0
2026-09-04T16:00:00-04:00,4.36,4.44,4.34,4.43,71352.0
2026-09-08T16:00:00-04:00,4.4,4.41,4.145,4.265,164288.0
2026-09-09T16:00:00-04:00,4.25,4.255,4.09,4.09,120743.0
2026-09-10T16:00:00-04:00,4.175,4.175,4.02,4.09,243536.0
2026-09-11T16:00:00-04:00,4.645,4.65,4.295,4.53,172235.0
2026-09-14T16:00:00-04:00,4.53,4.56,4.425,4.45,193905.0
2026-09-15T16:00:00-04:00,4.495,4.495,4.305,4.45,191546.0
2026-09-16T16:00:00-04:00,4.43,4.44,4.205,4.225,74122.0
2026-09-17T16:00:00-04:00,4.305,4.355,4.185,4.2,53311.0
2026-09-18T16:00:00-04:00,4.15,4.17,4.06,4.11,98642.0
