time,open,high,low,close,volume
2024-08-22T09:30:00-04:00,156.05,156.34,156.04,156.34,687.0
2024-08-22T09:35:00-04:00,156.32,156.32,156.18,156.18,200.0
2024-08-22T09:45:00-04:00,156.24,156.24,155.8,155.8,700.0
2024-08-22T09:50:00-04:00,155.52,155.52,155.52,155.52,100.0
2024-08-22T09:55:00-04:00,155.75,155.75,155.75,155.75,100.0
2024-08-22T10:05:00-04:00,155.025,155.025,155.025,155.025,100.0
2024-08-22T10:10:00-04:00,154.52,154.53,154.52,154.53,284.0
2024-08-22T10:30:00-04:00,154.33,154.33,154.33,154.33,100.0
2024-08-22T10:55:00-04:00,154.62,154.62,154.62,154.62,120.0
2024-08-22T11:05:00-04:00,154.4,154.4,154.18,154.27,420.0
2024-08-22T11:15:00-04:00,153.96,153.96,153.96,153.96,120.0
2024-08-22T11:20:00-04:00,153.43,153.43,153.43,153.43,100.0
2024-08-22T11:25:00-04:00,153.35,153.35,153.35,153.35,100.0
2024-08-22T11:30:00-04:00,153.13,153.27,153.09,153.09,595.0
2024-08-22T11:40:00-04:00,152.68,152.71,151.87,151.87,1091.0
2024-08-22T11:45:00-04:00,151.88,151.88,151.88,151.88,100.0
2024-08-22T11:50:00-04:00,151.86,151.99,151.86,151.99,200.0
2024-08-22T11:55:00-04:00,152.38,152.38,152.25,152.25,200.0
2024-08-22T12:00:00-04:00,152.15,152.58,152.15,152.58,420.0
2024-08-22T12:20:00-04:00,153.39,153.39,153.39,153.39,100.0
2024-08-22T12:25:00-04:00,153.54,153.54,153.54,153.54,100.0
2024-08-22T12:30:00-04:00,153.71,153.82,153.71,153.82,320.0
2024-08-22T12:40:00-04:00,153.81,153.81,153.81,153.81,100.0
2024-08-22T12:45:00-04:00,153.64,153.64,153.33,153.33,200.0
2024-08-22T12:55:00-04:00,151.94,151.94,151.94,151.94,200.0
2024-08-22T13:00:00-04:00,151.605,151.61,151.47,151.47,394.0
2024-08-22T13:05:00-04:00,151.36,151.36,151.36,151.36,100.0
2024-08-22T13:10:00-04:00,151.88,152.49,151.88,152.47,320.0
2024-08-22T13:20:00-04:00,152.25,152.25,152.25,152.25,100.0
2024-08-22T13:30:00-04:00,151.24,151.24,151.1,151.1,327.0
2024-08-22T13:40:00-04:00,151.2,151.2,151.2,151.2,100.0
2024-08-22T13:45:00-04:00,150.64,150.64,150.64,150.64,154.0
2024-08-22T13:50:00-04:00,150.46,150.46,150.005,150.005,548.0
2024-08-22T13:55:00-04:00,150.28,150.3,150.16,150.16,500.0
2024-08-22T14:10:00-04:00,150.67,150.67,150.66,150.66,320.0
2024-08-22T14:15:00-04:00,151.48,151.48,151.48,151.48,120.0
2024-08-22T14:55:00-04:00,151.15,151.15,150.92,150.92,300.0
2024-08-22T15:00:00-04:00,150.82,151.27,150.82,151.27,300.0
2024-08-22T15:10:00-04:00,151.02,151.22,151.02,151.22,200.0
2024-08-22T15:15:00-04:00,150.84,150.84,150.84,150.84,132.0
2024-08-22T15:20:00-04:00,151.01,151.01,150.36,150.36,220.0
2024-08-22T15:25:00-04:00,150.35,150.35,150.35,150.35,100.0
2024-08-22T15:30:00-04:00,150.62,150.62,150.62,150.62,100.0
2024-08-22T15:35:00-04:00,150.55,150.55,150.42,150.42,302.0
2024-08-22T15:40:00-04:00,150.27,150.33,150.27,150.33,200.0
2024-08-22T15:45:00-04:00,150.56,150.79,150.56,150.76,346.0
2024-08-22T15:50:00-04:00,150.51,150.53,149.86,150.08,2234.0
2024-08-22T15:55:00-04:00,150.13,150.89,149.83,150.89,8036.0
2024-08-23T09:35:00-04:00,153.4,153.4,153.4,153.4,279.0
2024-08-23T09:40:00-04:00,153.41,153.41,153.41,153.41,100.0
2024-08-23T09:45:00-04:00,153.37,153.51,153.37,153.51,2050.0
2024-08-23T09:50:00-04:00,153.335,153.39,153.08,153.39,555.0
2024-08-23T09:55:00-04:00,153.35,153.35,153.35,153.35,100.0
2024-08-23T10:00:00-04:00,154.3,155.43,154.3,154.9,1481.0
2024-08-23T10:05:00-04:00,155.16,155.16,154.51,155.11,1215.0
2024-08-23T10:10:00-04:00,155.77,156.14,155.77,155.86,479.0
2024-08-23T10:15:00-04:00,155.74,155.93,154.51,154.51,570.0
2024-08-23T10:25:00-04:00,155.43,155.83,155.43,155.83,200.0
2024-08-23T10:30:00-04:00,155.9,155.9,155.66,155.66,852.0
2024-08-23T10:35:00-04:00,155.01,155.01,155.01,155.01,165.0
2024-08-23T10:40:00-04:00,155.25,155.25,155.25,155.25,100.0
2024-08-23T10:45:00-04:00,154.25,154.25,152.735,153.14,1213.0
2024-08-23T10:50:00-04:00,153.28,153.34,153.28,153.34,300.0
2024-08-23T11:00:00-04:00,153.76,153.76,153.76,153.76,227.0
2024-08-23T11:05:00-04:00,154.39,154.39,154.39,154.39,102.0
2024-08-23T11:10:00-04:00,153.45,154.78,153.45,154.78,1000.0
2024-08-23T11:15:00-04:00,155.17,155.25,155.17,155.25,248.0
2024-08-23T11:20:00-04:00,155.22,155.22,155.02,155.02,200.0
2024-08-23T11:30:00-04:00,155.16,155.16,155.16,155.16,120.0
2024-08-23T11:35:00-04:00,155.19,155.19,155.19,155.19,120.0
2024-08-23T11:40:00-04:00,155.38,155.38,155.38,155.38,100.0
2024-08-23T11:50:00-04:00,154.17,154.17,154.17,154.17,100.0
2024-08-23T12:00:00-04:00,153.845,153.845,152.94,152.94,340.0
2024-08-23T12:05:00-04:00,152.87,152.87,152.87,152.87,120.0
2024-08-23T12:15:00-04:00,152.75,152.75,152.46,152.46,527.0
2024-08-23T12:20:00-04:00,153.05,153.05,152.92,152.92,320.0
2024-08-23T12:35:00-04:00,153.02,153.02,153.02,153.02,120.0
2024-08-23T12:40:00-04:00,151.93,151.93,151.93,151.93,2025.0
2024-08-23T12:50:00-04:00,152.77,152.77,152.75,152.75,220.0
2024-08-23T12:55:00-04:00,153.325,153.325,153.325,153.325,100.0
2024-08-23T13:30:00-04:00,154.06,154.06,154.06,154.06,110.0
2024-08-23T13:50:00-04:00,154.03,154.03,154.03,154.03,120.0
2024-08-23T14:00:00-04:00,153.93,154.21,153.93,154.21,200.0
2024-08-23T14:10:00-04:00,154.32,154.32,154.32,154.32,100.0
2024-08-23T14:30:00-04:00,154.38,154.38,154.28,154.28,220.0
2024-08-23T14:40:00-04:00,154.52,154.52,154.52,154.52,133.0
2024-08-23T15:05:00-04:00,154.175,154.175,154.175,154.175,100.0
2024-08-23T15:10:00-04:00,154.77,155.12,154.68,154.97,640.0
2024-08-23T15:15:00-04:00,155.01,155.01,155.01,155.01,100.0
2024-08-23T15:30:00-04:00,155.13,155.13,155.13,155.13,120.0
2024-08-23T15:35:00-04:00,155.2,155.2,155.2,155.2,100.0
2024-08-23T15:40:00-04:00,154.84,154.84,154.84,154.84,100.0
2024-08-23T15:45:00-04:00,154.57,154.57,154.57,154.57,250.0
2024-08-23T15:50:00-04:00,154.93,155.47,154.93,155.47,1187.0
2024-08-23T15:55:00-04:00,155.75,155.75,155.33,155.47,3255.0
2024-08-26T09:30:00-04:00,156.33,156.82,156.33,156.82,714.0
2024-08-26T09:35:00-04:00,156.55,156.55,156.42,156.42,200.0
2024-08-26T09:45:00-04:00,156.35,156.35,156.33,156.33,250.0
2024-08-26T09:50:00-04:00,156.34,156.38,156.34,156.37,400.0
2024-08-26T09:55:00-04:00,156.08,156.08,156.08,156.08,100.0
2024-08-26T10:00:00-04:00,156.17,156.17,156.17,156.17,100.0
2024-08-26T10:05:00-04:00,155.81,155.81,155.38,155.38,225.0
2024-08-26T10:10:00-04:00,155.48,155.48,155.48,155.48,105.0
2024-08-26T10:15:00-04:00,155.11,155.11,154.98,154.98,200.0
2024-08-26T10:30:00-04:00,155.09,155.09,154.59,154.59,805.0
2024-08-26T10:35:00-04:00,154.55,154.55,153.97,153.97,520.0
2024-08-26T10:40:00-04:00,154.34,154.34,154.34,154.34,100.0
2024-08-26T10:55:00-04:00,154.29,154.32,154.29,154.32,220.0
2024-08-26T11:05:00-04:00,154.24,154.24,154.24,154.24,100.0
2024-08-26T11:15:00-04:00,154.17,154.22,154.17,154.22,230.0
2024-08-26T11:20:00-04:00,154.23,154.23,154.23,154.23,100.0
2024-08-26T11:45:00-04:00,153.67,154.03,153.58,154.03,410.0
2024-08-26T12:10:00-04:00,153.8,153.8,153.8,153.8,120.0
2024-08-26T12:20:00-04:00,154.26,154.26,154.26,154.26,100.0
2024-08-26T12:35:00-04:00,154.72,154.72,154.72,154.72,100.0
2024-08-26T12:40:00-04:00,154.73,154.73,154.73,154.73,200.0
2024-08-26T12:45:00-04:00,154.87,154.975,154.87,154.975,200.0
2024-08-26T12:55:00-04:00,154.88,154.88,154.88,154.88,100.0
2024-08-26T13:05:00-04:00,154.47,154.47,154.47,154.47,100.0
2024-08-26T13:35:00-04:00,154.13,154.13,154.0,154.0,339.0
2024-08-26T13:55:00-04:00,153.04,153.13,153.04,153.13,200.0
2024-08-26T14:00:00-04:00,153.37,153.37,153.37,153.37,132.0
2024-08-26T14:05:00-04:00,152.91,152.91,152.91,152.91,100.0
2024-08-26T14:15:00-04:00,153.36,153.36,153.36,153.36,320.0
2024-08-26T14:25:00-04:00,153.77,153.77,153.77,153.77,100.0
2024-08-26T14:30:00-04:00,153.73,153.73,153.69,153.69,220.0
2024-08-26T14:35:00-04:00,154.09,154.09,154.09,154.09,501.0
2024-08-26T14:40:00-04:00,154.35,154.35,154.27,154.27,200.0
2024-08-26T14:45:00-04:00,154.29,154.29,154.29,154.29,100.0
2024-08-26T14:50:00-04:00,153.93,153.93,153.93,153.93,100.0
2024-08-26T15:35:00-04:00,153.99,153.99,153.99,153.99,100.0
2024-08-26T15:40:00-04:00,153.93,153.93,153.82,153.82,220.0
2024-08-26T15:45:00-04:00,153.88,153.88,153.88,153.88,119.0
2024-08-26T15:50:00-04:00,153.84,154.05,153.8,153.88,1210.0
2024-08-26T15:55:00-04:00,153.86,154.28,153.59,154.24,1134.0
2024-08-27T09:30:00-04:00,153.04,153.04,153.04,153.04,100.0
2024-08-27T09:35:00-04:00,152.76,152.76,152.76,152.76,100.0
2024-08-27T09:45:00-04:00,152.62,152.62,152.62,152.62,100.0
2024-08-27T09:50:00-04:00,153.71,153.71,153.71,153.71,100.0
2024-08-27T09:55:00-04:00,153.36,153.36,153.36,153.36,100.0
2024-08-27T10:10:00-04:00,153.83,153.83,153.46,153.46,200.0
2024-08-27T10:15:00-04:00,153.46,153.46,153.46,153.46,101.0
2024-08-27T10:20:00-04:00,153.72,154.09,153.72,154.09,425.0
2024-08-27T10:30:00-04:00,154.65,154.65,154.62,154.62,332.0
2024-08-27T10:45:00-04:00,154.65,154.65,154.54,154.61,320.0
2024-08-27T11:00:00-04:00,155.065,155.065,155.065,155.065,102.0
2024-08-27T11:10:00-04:00,155.18,155.18,154.91,154.91,400.0
2024-08-27T11:15:00-04:00,154.83,154.83,154.82,154.82,220.0
2024-08-27T11:20:00-04:00,154.52,154.52,154.52,154.52,100.0
2024-08-27T11:25:00-04:00,154.39,154.39,154.39,154.39,152.0
2024-08-27T11:30:00-04:00,154.09,154.09,154.01,154.01,380.0
2024-08-27T12:05:00-04:00,153.93,153.93,153.93,153.93,100.0
2024-08-27T12:10:00-04:00,154.23,154.23,154.23,154.23,320.0
2024-08-27T12:40:00-04:00,153.93,153.93,153.93,153.93,100.0
2024-08-27T12:50:00-04:00,154.44,154.44,154.44,154.44,100.0
2024-08-27T13:10:00-04:00,154.61,154.61,154.61,154.61,100.0
2024-08-27T13:40:00-04:00,154.83,154.83,154.83,154.83,100.0
2024-08-27T13:50:00-04:00,155.16,155.16,155.15,155.15,220.0
2024-08-27T14:00:00-04:00,155.17,155.17,155.17,155.17,120.0
2024-08-27T14:50:00-04:00,154.82,154.82,154.73,154.73,275.0
2024-08-27T15:00:00-04:00,154.55,154.55,154.55,154.55,120.0
2024-08-27T15:15:00-04:00,154.77,154.77,154.77,154.77,100.0
2024-08-27T15:40:00-04:00,154.72,154.72,154.72,154.72,100.0
2024-08-27T15:50:00-04:00,154.91,154.95,154.66,154.74,940.0
2024-08-27T15:55:00-04:00,154.7,155.08,154.655,154.7,1896.0
2024-08-28T09:45:00-04:00,154.19,154.19,154.19,154.19,100.0
2024-08-28T10:30:00-04:00,154.475,154.475,154.475,154.475,100.0
2024-08-28T10:45:00-04:00,153.65,153.65,153.65,153.65,100.0
2024-08-28T10:50:00-04:00,153.61,153.61,153.61,153.61,100.0
2024-08-28T10:55:00-04:00,153.33,153.33,153.33,153.33,132.0
2024-08-28T11:00:00-04:00,153.01,153.01,152.89,152.89,200.0
2024-08-28T11:10:00-04:00,152.21,152.21,152.21,152.21,100.0
2024-08-28T11:15:00-04:00,151.64,151.64,151.64,151.64,500.0
2024-08-28T11:25:00-04:00,151.765,151.85,151.765,151.85,200.0
2024-08-28T11:40:00-04:00,151.98,151.98,151.98,151.98,120.0
2024-08-28T11:45:00-04:00,151.91,151.91,151.91,151.91,600.0
2024-08-28T11:50:00-04:00,152.17,152.17,152.17,152.17,120.0
2024-08-28T11:55:00-04:00,152.18,152.18,151.98,152.17,321.0
2024-08-28T12:15:00-04:00,151.42,151.55,151.42,151.54,431.0
2024-08-28T12:20:00-04:00,151.62,151.62,151.14,151.14,352.0
2024-08-28T12:30:00-04:00,151.4,151.4,151.4,151.4,100.0
2024-08-28T12:45:00-04:00,151.91,151.91,151.91,151.91,100.0
2024-08-28T13:25:00-04:00,151.7,151.7,151.7,151.7,100.0
2024-08-28T13:30:00-04:00,152.03,152.04,152.03,152.04,200.0
2024-08-28T13:40:00-04:00,151.52,151.52,151.52,151.52,186.0
2024-08-28T13:55:00-04:00,150.61,150.61,149.71,149.71,240.0
2024-08-28T14:00:00-04:00,149.74,149.74,149.74,149.74,153.0
2024-08-28T14:55:00-04:00,151.23,151.83,151.23,151.83,1652.0
2024-08-28T15:00:00-04:00,152.29,152.29,152.29,152.29,120.0
2024-08-28T15:10:00-04:00,151.3,151.3,151.3,151.3,120.0
2024-08-28T15:25:00-04:00,152.1,152.2,152.1,152.18,958.0
2024-08-28T15:40:00-04:00,152.31,152.31,152.31,152.31,100.0
2024-08-28T15:45:00-04:00,152.49,152.65,152.35,152.35,507.0
2024-08-28T15:50:00-04:00,152.35,152.97,152.35,152.51,1594.0
2024-08-28T15:55:00-04:00,152.64,152.64,152.24,152.24,491.0
2024-08-29T09:30:00-04:00,153.67,153.88,153.39,153.88,441.0
2024-08-29T09:35:00-04:00,154.09,154.2,154.09,154.2,314.0
2024-08-29T09:40:00-04:00,153.23,153.23,153.23,153.23,100.0
2024-08-29T09:45:00-04:00,153.36,154.0,153.34,154.0,720.0
2024-08-29T09:50:00-04:00,153.31,153.31,153.31,153.31,100.0
2024-08-29T09:55:00-04:00,153.88,154.475,153.88,154.43,615.0
2024-08-29T10:00:00-04:00,154.79,154.91,154.28,154.57,745.0
2024-08-29T10:15:00-04:00,153.87,153.87,153.87,153.87,200.0
2024-08-29T10:20:00-04:00,153.87,153.87,153.87,153.87,100.0
2024-08-29T10:25:00-04:00,154.82,154.98,154.82,154.94,420.0
2024-08-29T10:30:00-04:00,155.0,155.12,155.0,155.12,600.0
2024-08-29T10:35:00-04:00,154.94,155.16,154.94,155.15,840.0
2024-08-29T10:40:00-04:00,155.19,155.19,155.17,155.17,220.0
2024-08-29T10:45:00-04:00,155.38,155.46,155.38,155.46,220.0
2024-08-29T10:50:00-04:00,155.7,155.7,155.7,155.7,100.0
2024-08-29T10:55:00-04:00,155.37,155.37,155.12,155.14,320.0
2024-08-29T11:00:00-04:00,155.225,155.23,155.225,155.23,201.0
2024-08-29T11:05:00-04:00,155.43,155.43,155.43,155.43,100.0
2024-08-29T11:15:00-04:00,155.91,155.91,155.27,155.27,220.0
2024-08-29T11:20:00-04:00,154.76,154.76,154.76,154.76,120.0
2024-08-29T11:25:00-04:00,155.15,155.15,155.15,155.15,100.0
2024-08-29T11:30:00-04:00,155.47,155.47,155.38,155.38,320.0
2024-08-29T11:35:00-04:00,155.49,155.49,155.49,155.49,100.0
2024-08-29T11:55:00-04:00,155.22,155.48,155.22,155.48,200.0
2024-08-29T12:00:00-04:00,155.86,155.86,155.86,155.86,157.0
2024-08-29T12:15:00-04:00,156.04,156.04,155.74,155.74,371.0
2024-08-29T12:20:00-04:00,156.19,156.19,156.19,156.19,100.0
2024-08-29T12:40:00-04:00,156.39,156.39,156.39,156.39,100.0
2024-08-29T12:50:00-04:00,155.9,155.9,155.72,155.72,220.0
2024-08-29T13:00:00-04:00,155.65,155.65,155.65,155.65,120.0
2024-08-29T13:45:00-04:00,155.17,155.17,155.11,155.11,253.0
2024-08-29T14:00:00-04:00,154.96,154.96,154.96,154.96,100.0
2024-08-29T14:10:00-04:00,155.01,155.15,155.01,155.15,271.0
2024-08-29T14:25:00-04:00,154.39,154.39,154.34,154.34,721.0
2024-08-29T14:30:00-04:00,153.57,153.795,153.37,153.795,451.0
2024-08-29T14:35:00-04:00,153.34,153.34,152.13,152.13,832.0
2024-08-29T14:40:00-04:00,152.44,152.44,151.74,151.74,300.0
2024-08-29T14:45:00-04:00,151.85,152.12,151.815,152.12,500.0
2024-08-29T14:50:00-04:00,151.78,152.185,151.78,152.185,400.0
2024-08-29T14:55:00-04:00,152.32,152.405,151.955,152.405,803.0
2024-08-29T15:00:00-04:00,151.81,152.045,151.685,152.045,500.0
2024-08-29T15:05:00-04:00,151.91,152.08,151.91,152.08,522.0
2024-08-29T15:10:00-04:00,151.98,151.98,151.77,151.82,620.0
2024-08-29T15:15:00-04:00,152.525,152.525,152.525,152.525,100.0
2024-08-29T15:25:00-04:00,152.91,152.91,152.75,152.765,320.0
2024-08-29T15:30:00-04:00,152.73,152.845,152.73,152.845,460.0
2024-08-29T15:35:00-04:00,152.64,153.36,152.64,152.98,1758.0
2024-08-29T15:40:00-04:00,153.055,153.055,152.52,152.66,702.0
2024-08-29T15:45:00-04:00,152.24,152.51,151.96,151.99,600.0
2024-08-29T15:50:00-04:00,152.45,152.45,151.62,151.62,1041.0
2024-08-29T15:55:00-04:00,152.15,152.15,151.66,152.06,2476.0
2024-08-30T09:30:00-04:00,153.7,154.32,153.7,154.11,500.0
2024-08-30T09:35:00-04:00,154.38,154.4,154.34,154.34,440.0
2024-08-30T09:45:00-04:00,154.6,154.6,154.03,154.12,600.0
2024-08-30T09:50:00-04:00,153.81,154.78,153.81,154.78,200.0
2024-08-30T09:55:00-04:00,154.43,154.7,154.43,154.7,200.0
2024-08-30T10:40:00-04:00,155.0,155.0,154.17,154.17,451.0
2024-08-30T10:50:00-04:00,154.47,154.47,154.47,154.47,100.0
2024-08-30T10:55:00-04:00,153.38,153.38,153.38,153.38,200.0
2024-08-30T11:15:00-04:00,153.37,153.37,152.96,152.96,300.0
2024-08-30T11:20:00-04:00,152.77,152.77,152.62,152.62,400.0
2024-08-30T11:25:00-04:00,152.57,152.63,152.57,152.63,200.0
2024-08-30T11:30:00-04:00,152.45,152.45,152.1,152.11,572.0
2024-08-30T11:35:00-04:00,152.34,152.34,152.34,152.34,100.0
2024-08-30T12:00:00-04:00,152.51,152.51,152.51,152.51,200.0
2024-08-30T12:05:00-04:00,152.86,152.86,152.86,152.86,120.0
2024-08-30T12:10:00-04:00,152.76,152.76,152.76,152.76,100.0
2024-08-30T12:30:00-04:00,151.49,151.49,151.47,151.47,720.0
2024-08-30T12:35:00-04:00,151.09,151.09,151.09,151.09,100.0
2024-08-30T12:55:00-04:00,152.61,152.61,152.61,152.61,320.0
2024-08-30T13:00:00-04:00,152.99,153.01,152.99,153.01,200.0
2024-08-30T13:10:00-04:00,152.83,152.83,152.83,152.83,100.0
2024-08-30T13:15:00-04:00,152.63,152.63,152.63,152.63,613.0
2024-08-30T13:30:00-04:00,152.47,152.6,152.47,152.6,300.0
2024-08-30T13:55:00-04:00,152.36,152.36,152.29,152.29,802.0
2024-08-30T14:05:00-04:00,152.81,152.81,152.81,152.81,100.0
2024-08-30T14:35:00-04:00,153.47,153.47,153.46,153.47,520.0
2024-08-30T14:40:00-04:00,153.61,153.61,153.48,153.48,300.0
2024-08-30T14:50:00-04:00,153.91,153.93,153.91,153.93,207.0
2024-08-30T15:05:00-04:00,153.91,153.91,153.83,153.83,200.0
2024-08-30T15:10:00-04:00,153.82,153.92,153.4,153.725,1400.0
2024-08-30T15:20:00-04:00,154.33,154.5,154.33,154.5,1320.0
2024-08-30T15:30:00-04:00,154.68,154.68,154.42,154.42,320.0
2024-08-30T15:40:00-04:00,154.53,154.53,154.53,154.53,100.0
2024-08-30T15:50:00-04:00,155.62,156.05,155.455,156.05,2209.0
2024-08-30T15:55:00-04:00,156.08,156.65,156.08,156.48,2578.0
2024-09-03T09:30:00-04:00,153.29,153.29,153.29,153.29,250.0
2024-09-03T09:35:00-04:00,153.26,153.26,152.99,152.99,324.0
2024-09-03T09:40:00-04:00,152.52,152.86,152.52,152.86,200.0
2024-09-03T09:50:00-04:00,152.05,152.05,152.05,152.05,100.0
2024-09-03T09:55:00-04:00,151.99,152.36,151.99,152.36,501.0
2024-09-03T10:00:00-04:00,152.09,152.09,150.74,150.74,845.0
2024-09-03T10:05:00-04:00,150.86,150.86,150.75,150.75,239.0
2024-09-03T10:10:00-04:00,151.09,151.09,150.29,150.29,510.0
2024-09-03T10:20:00-04:00,150.41,150.84,150.41,150.84,200.0
2024-09-03T10:30:00-04:00,149.94,150.0,149.94,150.0,200.0
2024-09-03T10:45:00-04:00,149.86,149.86,149.86,149.86,189.0
2024-09-03T10:50:00-04:00,149.4,149.45,149.08,149.15,500.0
2024-09-03T10:55:00-04:00,149.39,149.39,149.39,149.39,200.0
2024-09-03T11:00:00-04:00,149.65,149.65,149.65,149.65,100.0
2024-09-03T11:30:00-04:00,150.27,150.27,150.27,150.27,100.0
2024-09-03T11:40:00-04:00,149.84,149.84,149.63,149.63,200.0
2024-09-03T11:55:00-04:00,149.55,149.55,149.55,149.55,100.0
2024-09-03T12:15:00-04:00,150.18,150.18,150.18,150.18,184.0
2024-09-03T12:35:00-04:00,149.16,149.16,149.16,149.16,100.0
2024-09-03T12:40:00-04:00,149.18,149.18,148.96,148.96,500.0
2024-09-03T12:45:00-04:00,148.93,148.93,148.93,148.93,182.0
2024-09-03T13:05:00-04:00,149.21,149.23,149.21,149.23,223.0
2024-09-03T13:10:00-04:00,148.85,148.85,148.76,148.76,200.0
2024-09-03T13:20:00-04:00,149.22,149.22,149.22,149.22,100.0
2024-09-03T13:30:00-04:00,148.76,148.76,148.76,148.76,154.0
2024-09-03T13:40:00-04:00,148.6,148.6,148.57,148.57,782.0
2024-09-03T13:55:00-04:00,148.41,148.41,148.4,148.4,202.0
2024-09-03T14:00:00-04:00,148.05,148.05,147.7,147.7,484.0
2024-09-03T14:05:00-04:00,147.78,147.78,147.78,147.78,100.0
2024-09-03T14:10:00-04:00,147.63,147.63,147.63,147.63,100.0
2024-09-03T14:30:00-04:00,147.9,147.9,147.9,147.9,135.0
2024-09-03T14:35:00-04:00,147.85,147.88,147.63,147.63,300.0
2024-09-03T14:45:00-04:00,147.28,147.36,147.28,147.36,200.0
2024-09-03T14:50:00-04:00,147.2,147.2,146.99,146.99,500.0
2024-09-03T15:00:00-04:00,146.995,146.995,146.995,146.995,135.0
2024-09-03T15:05:00-04:00,146.96,146.96,146.96,146.96,100.0
2024-09-03T15:10:00-04:00,146.97,147.34,146.97,147.25,2157.0
2024-09-03T15:25:00-04:00,146.88,146.88,146.88,146.88,100.0
2024-09-03T15:30:00-04:00,146.98,146.98,146.98,146.98,100.0
2024-09-03T15:35:00-04:00,146.48,146.48,145.78,145.78,526.0
2024-09-03T15:40:00-04:00,145.48,145.54,145.09,145.54,1295.0
2024-09-03T15:45:00-04:00,145.29,145.44,144.55,145.44,1186.0
2024-09-03T15:50:00-04:00,145.6,145.79,145.525,145.66,2272.0
2024-09-03T15:55:00-04:00,145.51,146.635,145.51,146.595,16263.0
2024-09-04T09:30:00-04:00,144.95,145.94,144.93,145.94,2873.0
2024-09-04T09:35:00-04:00,145.97,145.97,145.96,145.96,200.0
2024-09-04T09:40:00-04:00,146.09,146.09,146.04,146.04,200.0
2024-09-04T09:45:00-04:00,146.33,146.42,146.33,146.42,300.0
2024-09-04T09:50:00-04:00,146.35,146.35,146.35,146.35,100.0
2024-09-04T09:55:00-04:00,146.53,146.78,146.53,146.76,714.0
2024-09-04T10:00:00-04:00,145.94,146.105,145.01,146.095,1059.0
2024-09-04T10:05:00-04:00,146.03,146.94,145.84,146.94,1150.0
2024-09-04T10:10:00-04:00,146.21,146.21,146.21,146.21,100.0
2024-09-04T10:15:00-04:00,146.76,146.76,146.76,146.76,100.0
2024-09-04T10:20:00-04:00,146.44,146.46,146.12,146.46,334.0
2024-09-04T10:30:00-04:00,146.965,147.04,146.965,146.97,546.0
2024-09-04T10:40:00-04:00,147.22,147.22,147.22,147.22,249.0
2024-09-04T10:45:00-04:00,147.32,147.32,146.95,147.22,400.0
2024-09-04T11:00:00-04:00,148.01,148.2,147.92,148.2,400.0
2024-09-04T11:05:00-04:00,148.255,148.255,147.66,147.66,528.0
2024-09-04T11:10:00-04:00,147.74,147.74,147.47,147.47,300.0
2024-09-04T11:15:00-04:00,147.27,147.27,147.19,147.19,300.0
2024-09-04T11:20:00-04:00,147.42,147.42,147.42,147.42,200.0
2024-09-04T11:25:00-04:00,146.885,146.92,146.83,146.92,300.0
2024-09-04T11:30:00-04:00,146.37,146.62,146.37,146.62,300.0
2024-09-04T11:35:00-04:00,146.44,146.44,146.3,146.3,300.0
2024-09-04T11:40:00-04:00,146.12,146.16,146.075,146.16,300.0
2024-09-04T11:45:00-04:00,146.44,146.44,146.405,146.405,300.0
2024-09-04T11:50:00-04:00,146.38,146.38,146.38,146.38,200.0
2024-09-04T11:55:00-04:00,146.4,146.4,146.32,146.32,200.0
2024-09-04T12:00:00-04:00,146.21,146.21,146.18,146.18,200.0
2024-09-04T12:05:00-04:00,145.735,145.835,145.735,145.76,302.0
2024-09-04T12:10:00-04:00,146.135,146.145,145.88,145.88,800.0
2024-09-04T12:20:00-04:00,146.28,146.28,146.28,146.28,200.0
2024-09-04T12:55:00-04:00,146.6,146.6,146.6,146.6,100.0
2024-09-04T13:05:00-04:00,146.52,146.52,146.21,146.21,366.0
2024-09-04T13:10:00-04:00,146.15,146.15,146.15,146.15,100.0
2024-09-04T13:15:00-04:00,145.94,145.94,145.94,145.94,100.0
2024-09-04T13:20:00-04:00,146.385,146.385,146.385,146.385,100.0
2024-09-04T13:25:00-04:00,145.88,145.88,145.88,145.88,200.0
2024-09-04T13:30:00-04:00,145.735,145.735,145.675,145.675,200.0
2024-09-04T13:35:00-04:00,145.675,145.675,145.6,145.6,200.0
2024-09-04T13:40:00-04:00,145.78,145.78,145.63,145.63,300.0
2024-09-04T13:50:00-04:00,145.59,145.59,145.5,145.5,300.0
2024-09-04T13:55:00-04:00,145.51,145.61,145.51,145.61,400.0
2024-09-04T14:00:00-04:00,145.5,145.5,145.5,145.5,200.0
2024-09-04T14:05:00-04:00,145.32,145.76,145.32,145.7,657.0
2024-09-04T14:10:00-04:00,145.61,145.61,145.49,145.49,215.0
2024-09-04T14:15:00-04:00,145.82,145.82,145.805,145.805,200.0
2024-09-04T14:20:00-04:00,145.375,145.51,145.375,145.51,300.0
2024-09-04T14:30:00-04:00,146.22,146.22,145.65,145.65,681.0
2024-09-04T14:35:00-04:00,145.43,145.43,145.25,145.25,384.0
2024-09-04T14:40:00-04:00,145.35,145.35,145.19,145.19,300.0
2024-09-04T14:50:00-04:00,145.21,145.21,145.17,145.17,300.0
2024-09-04T15:00:00-04:00,144.75,144.75,144.59,144.59,500.0
2024-09-04T15:05:00-04:00,144.46,144.46,144.46,144.46,100.0
2024-09-04T15:10:00-04:00,144.445,144.71,144.41,144.68,1288.0
2024-09-04T15:15:00-04:00,144.655,144.655,144.565,144.565,731.0
2024-09-04T15:20:00-04:00,144.94,145.16,144.93,145.16,893.0
2024-09-04T15:25:00-04:00,145.105,145.17,144.98,145.17,500.0
2024-09-04T15:40:00-04:00,145.66,145.735,145.61,145.735,1101.0
2024-09-04T15:45:00-04:00,145.87,145.87,145.86,145.86,200.0
2024-09-04T15:50:00-04:00,146.02,146.135,145.47,145.67,3361.0
2024-09-04T15:55:00-04:00,145.67,146.19,145.5,145.6,6786.0
2024-09-05T09:30:00-04:00,145.77,145.98,145.48,145.48,999.0
2024-09-05T09:35:00-04:00,145.855,145.855,145.855,145.855,100.0
2024-09-05T09:40:00-04:00,146.02,146.02,146.0,146.0,200.0
2024-09-05T09:45:00-04:00,145.93,145.93,145.75,145.75,200.0
2024-09-05T09:50:00-04:00,145.795,145.795,145.79,145.79,300.0
2024-09-05T10:00:00-04:00,147.13,147.36,147.11,147.36,501.0
2024-09-05T10:05:00-04:00,147.57,147.57,147.57,147.57,100.0
2024-09-05T10:10:00-04:00,146.39,146.39,146.12,146.12,200.0
2024-09-05T10:15:00-04:00,146.36,146.36,146.36,146.36,100.0
2024-09-05T10:20:00-04:00,146.66,147.11,146.66,147.11,350.0
2024-09-05T10:45:00-04:00,145.84,145.84,145.63,145.64,400.0
2024-09-05T10:50:00-04:00,145.28,145.28,145.28,145.28,100.0
2024-09-05T10:55:00-04:00,145.615,145.615,145.2,145.2,450.0
2024-09-05T11:00:00-04:00,144.78,144.78,144.62,144.62,705.0
2024-09-05T11:05:00-04:00,144.94,144.96,144.94,144.96,284.0
2024-09-05T11:10:00-04:00,144.34,144.34,143.98,143.98,300.0
2024-09-05T11:20:00-04:00,144.18,144.18,143.93,143.93,300.0
2024-09-05T11:25:00-04:00,143.32,143.36,143.27,143.36,400.0
2024-09-05T11:30:00-04:00,143.27,143.27,142.955,143.03,1097.0
2024-09-05T11:35:00-04:00,143.24,143.24,143.24,143.24,600.0
2024-09-05T11:40:00-04:00,143.28,143.28,143.23,143.23,200.0
2024-09-05T11:45:00-04:00,143.37,143.37,143.37,143.37,200.0
2024-09-05T11:50:00-04:00,143.16,143.32,143.16,143.32,250.0
2024-09-05T11:55:00-04:00,142.96,142.96,142.96,142.96,100.0
2024-09-05T12:00:00-04:00,143.07,143.07,143.06,143.06,835.0
2024-09-05T12:10:00-04:00,143.15,143.15,143.15,143.15,100.0
2024-09-05T12:15:00-04:00,142.67,142.67,142.52,142.52,250.0
2024-09-05T12:20:00-04:00,143.18,143.18,143.18,143.18,100.0
2024-09-05T12:45:00-04:00,143.7,143.7,143.68,143.68,600.0
2024-09-05T12:55:00-04:00,144.15,144.15,143.99,143.99,2730.0
2024-09-05T13:05:00-04:00,143.6,143.6,143.6,143.6,600.0
2024-09-05T13:10:00-04:00,143.5,143.5,143.5,143.5,150.0
2024-09-05T13:30:00-04:00,143.12,143.12,143.12,143.12,100.0
2024-09-05T13:40:00-04:00,144.5,144.5,144.5,144.5,100.0
2024-09-05T13:45:00-04:00,144.68,145.17,144.57,145.16,666.0
2024-09-05T13:55:00-04:00,145.16,145.16,145.16,145.16,193.0
2024-09-05T14:00:00-04:00,145.17,145.17,145.17,145.17,100.0
2024-09-05T14:05:00-04:00,145.21,145.21,145.15,145.15,200.0
2024-09-05T14:15:00-04:00,145.3,145.3,145.3,145.3,100.0
2024-09-05T14:25:00-04:00,144.88,144.88,144.735,144.735,840.0
2024-09-05T14:30:00-04:00,145.17,145.17,145.13,145.13,397.0
2024-09-05T14:35:00-04:00,145.22,145.22,145.22,145.22,100.0
2024-09-05T14:45:00-04:00,145.29,145.29,145.29,145.29,100.0
2024-09-05T14:55:00-04:00,145.19,145.19,145.19,145.19,100.0
2024-09-05T15:10:00-04:00,144.55,144.59,144.43,144.49,450.0
2024-09-05T15:15:00-04:00,144.25,144.25,143.68,143.735,938.0
2024-09-05T15:20:00-04:00,143.92,143.92,143.92,143.92,200.0
2024-09-05T15:25:00-04:00,143.94,143.94,143.94,143.94,100.0
2024-09-05T15:30:00-04:00,144.785,144.9,144.775,144.9,579.0
2024-09-05T15:35:00-04:00,144.7,144.715,144.7,144.715,200.0
2024-09-05T15:40:00-04:00,143.88,143.88,143.88,143.88,100.0
2024-09-05T15:45:00-04:00,143.75,143.76,143.75,143.76,857.0
2024-09-05T15:50:00-04:00,143.64,143.84,143.42,143.75,1100.0
2024-09-05T15:55:00-04:00,143.74,144.29,143.67,144.12,4824.0
2024-09-06T09:30:00-04:00,144.75,145.47,144.72,145.47,800.0
2024-09-06T09:35:00-04:00,144.91,144.91,143.99,143.99,1030.0
2024-09-06T09:40:00-04:00,144.07,144.8,143.43,144.8,700.0
2024-09-06T09:45:00-04:00,144.85,144.955,144.85,144.955,234.0
2024-09-06T09:50:00-04:00,144.295,144.295,143.49,143.6,700.0
2024-09-06T10:00:00-04:00,142.72,143.14,142.6,143.14,935.0
2024-09-06T10:05:00-04:00,142.53,142.58,142.53,142.58,400.0
2024-09-06T10:10:00-04:00,142.21,142.21,141.92,141.92,213.0
2024-09-06T10:15:00-04:00,142.24,142.24,141.85,141.91,400.0
2024-09-06T10:20:00-04:00,141.62,141.62,141.28,141.28,300.0
2024-09-06T10:25:00-04:00,140.71,140.83,140.575,140.66,750.0
2024-09-06T10:30:00-04:00,140.43,140.74,140.15,140.15,3740.0
2024-09-06T10:35:00-04:00,140.01,140.01,139.9,139.945,300.0
2024-09-06T10:40:00-04:00,139.79,139.79,139.34,139.34,1030.0
2024-09-06T10:45:00-04:00,138.98,139.0,138.83,138.83,400.0
2024-09-06T10:50:00-04:00,138.65,138.65,138.19,138.19,200.0
2024-09-06T10:55:00-04:00,138.5,138.5,138.5,138.5,100.0
2024-09-06T11:00:00-04:00,138.51,141.03,138.51,139.7,3321.0
2024-09-06T11:05:00-04:00,139.52,139.91,139.41,139.7,2345.0
2024-09-06T11:10:00-04:00,138.38,138.665,138.38,138.49,535.0
2024-09-06T11:15:00-04:00,137.95,137.95,137.68,137.68,382.0
2024-09-06T11:20:00-04:00,137.95,137.95,137.93,137.93,777.0
2024-09-06T11:25:00-04:00,137.83,137.83,137.75,137.75,700.0
2024-09-06T11:30:00-04:00,138.29,138.67,138.29,138.67,739.0
2024-09-06T11:45:00-04:00,137.29,137.29,137.29,137.29,200.0
2024-09-06T11:50:00-04:00,137.11,137.11,137.11,137.11,100.0
2024-09-06T11:55:00-04:00,137.71,137.71,137.71,137.71,132.0
2024-09-06T12:10:00-04:00,137.16,137.33,137.16,137.33,239.0
2024-09-06T12:15:00-04:00,136.98,136.98,136.9,136.9,300.0
2024-09-06T12:25:00-04:00,136.81,136.81,136.64,136.64,700.0
2024-09-06T12:30:00-04:00,136.65,136.65,136.65,136.65,100.0
2024-09-06T12:45:00-04:00,136.57,136.57,136.57,136.57,200.0
2024-09-06T12:50:00-04:00,136.51,136.51,136.51,136.51,100.0
2024-09-06T12:55:00-04:00,136.85,136.85,136.85,136.85,100.0
2024-09-06T13:00:00-04:00,136.83,136.83,136.83,136.83,200.0
2024-09-06T13:10:00-04:00,137.89,137.89,137.89,137.89,100.0
2024-09-06T13:15:00-04:00,137.74,137.74,137.6,137.6,500.0
2024-09-06T13:20:00-04:00,137.82,138.2,137.82,138.2,300.0
2024-09-06T13:25:00-04:00,137.79,137.83,137.48,137.48,640.0
2024-09-06T13:35:00-04:00,137.04,137.04,137.04,137.04,100.0
2024-09-06T13:50:00-04:00,137.0,137.0,137.0,137.0,200.0
2024-09-06T13:55:00-04:00,137.39,137.39,137.13,137.13,204.0
2024-09-06T14:05:00-04:00,136.71,136.71,136.665,136.665,200.0
2024-09-06T14:10:00-04:00,136.75,136.75,136.75,136.75,100.0
2024-09-06T14:15:00-04:00,136.85,136.85,136.85,136.85,200.0
2024-09-06T14:20:00-04:00,136.405,136.405,136.405,136.405,152.0
2024-09-06T14:25:00-04:00,136.35,136.79,136.35,136.79,1068.0
2024-09-06T14:35:00-04:00,136.48,136.48,136.48,136.48,100.0
2024-09-06T14:45:00-04:00,136.75,136.75,136.67,136.67,232.0
2024-09-06T14:50:00-04:00,136.71,136.71,136.71,136.71,100.0
2024-09-06T14:55:00-04:00,137.17,137.17,137.17,137.17,500.0
2024-09-06T15:00:00-04:00,137.22,137.55,137.22,137.55,500.0
2024-09-06T15:05:00-04:00,137.54,137.54,137.54,137.54,100.0
2024-09-06T15:15:00-04:00,137.42,137.42,137.42,137.42,100.0
2024-09-06T15:20:00-04:00,137.615,137.695,137.545,137.695,1933.0
2024-09-06T15:25:00-04:00,137.775,137.775,137.775,137.775,100.0
2024-09-06T15:30:00-04:00,137.795,137.795,137.49,137.49,1200.0
2024-09-06T15:35:00-04:00,137.36,137.36,136.92,136.92,1000.0
2024-09-06T15:40:00-04:00,137.25,137.25,137.25,137.25,300.0
2024-09-06T15:45:00-04:00,137.35,137.35,137.35,137.35,161.0
2024-09-06T15:50:00-04:00,137.65,137.65,136.66,136.85,7162.0
2024-09-06T15:55:00-04:00,136.76,137.03,136.49,136.93,19818.0
2024-09-09T09:30:00-04:00,140.26,140.31,140.21,140.31,1800.0
2024-09-09T09:35:00-04:00,140.45,140.59,140.4,140.53,557.0
2024-09-09T09:40:00-04:00,140.26,140.4,140.26,140.4,210.0
2024-09-09T09:45:00-04:00,140.25,140.37,140.11,140.22,635.0
2024-09-09T09:55:00-04:00,140.66,140.66,140.61,140.61,235.0
2024-09-09T10:00:00-04:00,140.855,140.855,140.81,140.81,200.0
2024-09-09T10:10:00-04:00,141.4,141.4,141.25,141.25,300.0
2024-09-09T10:15:00-04:00,140.79,140.79,140.79,140.79,100.0
2024-09-09T10:30:00-04:00,139.805,139.805,139.69,139.69,435.0
2024-09-09T10:40:00-04:00,139.775,139.775,139.775,139.775,100.0
2024-09-09T10:45:00-04:00,139.51,139.51,139.51,139.51,135.0
2024-09-09T11:10:00-04:00,138.97,138.97,138.97,138.97,100.0
2024-09-09T11:30:00-04:00,140.33,140.33,140.33,140.33,100.0
2024-09-09T11:45:00-04:00,141.02,141.02,141.02,141.02,100.0
2024-09-09T11:55:00-04:00,141.15,141.15,141.15,141.15,100.0
2024-09-09T12:25:00-04:00,142.0,142.0,142.0,142.0,210.0
2024-09-09T12:35:00-04:00,141.85,141.85,141.85,141.85,100.0
2024-09-09T13:10:00-04:00,142.39,142.39,142.39,142.39,200.0
2024-09-09T13:20:00-04:00,142.17,142.17,142.17,142.17,100.0
2024-09-09T13:25:00-04:00,142.19,142.25,142.19,142.25,200.0
2024-09-09T13:40:00-04:00,141.925,141.925,141.39,141.39,300.0
2024-09-09T13:55:00-04:00,140.95,140.95,140.95,140.95,110.0
2024-09-09T14:00:00-04:00,140.64,140.64,140.64,140.64,235.0
2024-09-09T14:05:00-04:00,140.57,140.57,140.57,140.57,100.0
2024-09-09T14:15:00-04:00,140.42,140.42,140.42,140.42,100.0
2024-09-09T14:30:00-04:00,140.31,140.62,140.31,140.62,567.0
2024-09-09T14:40:00-04:00,140.3,140.3,140.3,140.3,100.0
2024-09-09T15:15:00-04:00,140.455,140.495,140.455,140.495,400.0
2024-09-09T15:35:00-04:00,141.03,141.03,141.03,141.03,101.0
2024-09-09T15:40:00-04:00,141.35,141.35,141.35,141.35,100.0
2024-09-09T15:50:00-04:00,140.65,140.96,140.6,140.96,711.0
2024-09-09T15:55:00-04:00,140.98,141.48,140.98,141.48,1301.0
2024-09-10T09:30:00-04:00,143.04,143.08,142.98,142.98,300.0
2024-09-10T09:40:00-04:00,142.84,142.84,142.64,142.64,270.0
2024-09-10T09:50:00-04:00,142.84,142.85,142.84,142.85,1000.0
2024-09-10T09:55:00-04:00,143.03,143.03,143.03,143.03,100.0
2024-09-10T10:00:00-04:00,142.69,142.69,142.58,142.58,400.0
2024-09-10T10:05:00-04:00,142.08,142.47,142.08,142.47,341.0
2024-09-10T10:10:00-04:00,142.24,142.24,141.23,141.23,600.0
2024-09-10T10:15:00-04:00,141.075,141.26,141.075,141.26,1969.0
2024-09-10T10:20:00-04:00,141.11,141.11,141.11,141.11,100.0
2024-09-10T10:25:00-04:00,141.91,141.91,141.91,141.91,134.0
2024-09-10T10:30:00-04:00,141.52,141.52,141.52,141.52,100.0
2024-09-10T10:35:00-04:00,141.61,141.91,141.52,141.91,334.0
2024-09-10T10:40:00-04:00,141.65,141.65,141.41,141.41,300.0
2024-09-10T10:45:00-04:00,141.54,141.54,141.54,141.54,200.0
2024-09-10T10:50:00-04:00,141.19,141.19,141.19,141.19,114.0
2024-09-10T11:05:00-04:00,141.66,141.66,141.66,141.66,100.0
2024-09-10T11:10:00-04:00,142.04,142.11,141.98,142.11,300.0
2024-09-10T11:15:00-04:00,142.24,142.24,142.24,142.24,100.0
2024-09-10T11:20:00-04:00,142.08,142.08,141.97,141.97,200.0
2024-09-10T11:25:00-04:00,142.32,142.44,142.32,142.44,570.0
2024-09-10T11:30:00-04:00,142.45,142.45,142.45,142.45,100.0
2024-09-10T11:35:00-04:00,141.79,141.79,141.49,141.49,200.0
2024-09-10T11:40:00-04:00,141.67,141.67,141.66,141.66,200.0
2024-09-10T11:45:00-04:00,141.07,141.07,141.07,141.07,100.0
2024-09-10T11:50:00-04:00,140.53,140.53,140.5,140.5,273.0
2024-09-10T11:55:00-04:00,140.38,140.38,139.98,139.98,400.0
2024-09-10T12:10:00-04:00,139.65,139.68,139.65,139.68,700.0
2024-09-10T12:15:00-04:00,139.23,139.68,139.23,139.68,700.0
2024-09-10T12:20:00-04:00,139.89,140.06,139.81,140.05,1033.0
2024-09-10T12:25:00-04:00,140.03,140.03,140.03,140.03,134.0
2024-09-10T12:35:00-04:00,140.19,140.19,140.19,140.19,187.0
2024-09-10T13:00:00-04:00,140.8,140.8,140.8,140.8,100.0
2024-09-10T13:05:00-04:00,141.08,141.08,141.08,141.08,171.0
2024-09-10T13:10:00-04:00,141.215,141.56,141.215,141.56,200.0
2024-09-10T13:15:00-04:00,141.74,141.88,141.74,141.88,800.0
2024-09-10T13:20:00-04:00,141.53,141.6,141.53,141.55,913.0
2024-09-10T13:40:00-04:00,141.95,141.95,141.87,141.87,600.0
2024-09-10T14:05:00-04:00,142.34,142.34,142.34,142.34,100.0
2024-09-10T14:10:00-04:00,142.39,142.39,142.26,142.26,200.0
2024-09-10T14:15:00-04:00,142.57,142.61,142.46,142.49,866.0
2024-09-10T14:20:00-04:00,142.25,142.25,142.25,142.25,100.0
2024-09-10T14:25:00-04:00,142.51,142.51,142.51,142.51,100.0
2024-09-10T14:30:00-04:00,142.84,142.84,142.84,142.84,100.0
2024-09-10T14:40:00-04:00,142.83,142.83,142.83,142.83,165.0
2024-09-10T14:50:00-04:00,142.74,142.74,142.74,142.74,200.0
2024-09-10T15:00:00-04:00,142.94,142.94,142.94,142.94,100.0
2024-09-10T15:10:00-04:00,143.04,143.04,143.04,143.04,346.0
2024-09-10T15:20:00-04:00,143.18,143.18,143.18,143.18,100.0
2024-09-10T15:25:00-04:00,143.24,143.32,143.24,143.32,400.0
2024-09-10T15:30:00-04:00,143.37,143.37,143.37,143.37,230.0
2024-09-10T15:35:00-04:00,143.16,143.16,143.16,143.16,100.0
2024-09-10T15:40:00-04:00,142.98,142.98,142.98,142.98,100.0
2024-09-10T15:50:00-04:00,142.99,143.4,142.99,143.4,263.0
2024-09-10T15:55:00-04:00,143.42,143.57,143.25,143.53,3576.0
2024-09-11T09:30:00-04:00,143.17,143.17,141.99,141.99,1011.0
2024-09-11T09:35:00-04:00,141.885,141.885,141.86,141.86,589.0
2024-09-11T09:40:00-04:00,141.43,141.43,141.43,141.43,100.0
2024-09-11T09:45:00-04:00,140.96,140.96,140.93,140.94,1345.0
2024-09-11T09:50:00-04:00,140.45,140.45,140.45,140.45,100.0
2024-09-11T09:55:00-04:00,140.51,140.51,140.01,140.01,211.0
2024-09-11T10:00:00-04:00,139.38,139.38,139.38,139.38,200.0
2024-09-11T10:05:00-04:00,139.52,139.52,139.44,139.44,979.0
2024-09-11T10:10:00-04:00,139.09,139.17,138.14,138.14,604.0
2024-09-11T10:15:00-04:00,138.04,138.08,137.68,137.68,447.0
2024-09-11T10:20:00-04:00,137.51,137.51,137.51,137.51,100.0
2024-09-11T10:25:00-04:00,137.78,137.78,137.3,137.3,384.0
2024-09-11T10:30:00-04:00,136.9,136.9,136.9,136.9,200.0
2024-09-11T10:35:00-04:00,137.195,137.195,137.06,137.06,483.0
2024-09-11T10:40:00-04:00,136.6,136.6,136.6,136.6,293.0
2024-09-11T10:50:00-04:00,136.515,136.59,136.515,136.59,295.0
2024-09-11T10:55:00-04:00,136.8,136.81,136.63,136.81,1230.0
2024-09-11T11:00:00-04:00,137.27,137.27,137.27,137.27,407.0
2024-09-11T11:05:00-04:00,137.75,137.97,137.75,137.97,2395.0
2024-09-11T11:30:00-04:00,138.53,138.53,138.53,138.53,100.0
2024-09-11T11:55:00-04:00,138.995,138.995,138.995,138.995,100.0
2024-09-11T12:00:00-04:00,139.89,140.6,139.89,140.6,300.0
2024-09-11T12:05:00-04:00,141.31,141.31,141.31,141.31,100.0
2024-09-11T12:20:00-04:00,141.5,141.5,141.5,141.5,100.0
2024-09-11T12:25:00-04:00,141.71,141.71,141.71,141.71,100.0
2024-09-11T12:35:00-04:00,142.15,142.15,142.15,142.15,100.0
2024-09-11T12:40:00-04:00,141.54,141.54,141.54,141.54,100.0
2024-09-11T12:45:00-04:00,141.88,141.88,141.88,141.88,100.0
2024-09-11T12:50:00-04:00,142.11,142.11,142.11,142.11,683.0
2024-09-11T12:55:00-04:00,141.75,141.75,141.75,141.75,100.0
2024-09-11T13:05:00-04:00,143.09,143.17,143.09,143.17,200.0
2024-09-11T13:10:00-04:00,143.34,143.47,143.34,143.47,300.0
2024-09-11T13:25:00-04:00,142.85,142.85,142.85,142.85,100.0
2024-09-11T13:35:00-04:00,143.52,143.52,143.52,143.52,100.0
2024-09-11T13:45:00-04:00,144.13,144.73,144.13,144.73,1234.0
2024-09-11T13:50:00-04:00,144.73,144.87,144.73,144.84,500.0
2024-09-11T13:55:00-04:00,144.18,144.18,144.18,144.18,100.0
2024-09-11T14:00:00-04:00,144.105,144.11,144.105,144.11,700.0
2024-09-11T14:10:00-04:00,144.54,144.54,144.54,144.54,168.0
2024-09-11T14:15:00-04:00,144.1,144.19,144.1,144.19,310.0
2024-09-11T14:20:00-04:00,144.27,144.27,144.27,144.27,100.0
2024-09-11T14:25:00-04:00,144.68,145.07,144.68,145.07,458.0
2024-09-11T14:30:00-04:00,145.03,145.17,145.03,145.14,738.0
2024-09-11T14:35:00-04:00,145.13,145.13,145.13,145.13,251.0
2024-09-11T14:40:00-04:00,146.13,146.2,146.12,146.2,966.0
2024-09-11T14:45:00-04:00,145.64,145.64,145.64,145.64,228.0
2024-09-11T14:50:00-04:00,145.6,145.6,145.6,145.6,100.0
2024-09-11T15:00:00-04:00,145.4,145.4,145.4,145.4,238.0
2024-09-11T15:05:00-04:00,145.82,145.9,145.82,145.82,430.0
2024-09-11T15:10:00-04:00,145.895,146.015,145.78,146.015,2065.0
2024-09-11T15:20:00-04:00,146.57,146.57,146.57,146.57,100.0
2024-09-11T15:30:00-04:00,146.91,146.91,146.9,146.9,200.0
2024-09-11T15:35:00-04:00,146.74,146.74,146.74,146.74,100.0
2024-09-11T15:40:00-04:00,146.61,146.65,146.21,146.4,1595.0
2024-09-11T15:45:00-04:00,146.34,146.5,146.29,146.5,700.0
2024-09-11T15:50:00-04:00,146.43,146.98,146.38,146.9,1433.0
2024-09-11T15:55:00-04:00,147.68,148.42,147.51,148.295,5662.0
2024-09-12T09:30:00-04:00,147.85,147.85,147.85,147.85,100.0
2024-09-12T09:35:00-04:00,147.76,148.195,147.76,148.195,900.0
2024-09-12T09:40:00-04:00,148.05,148.05,147.87,147.87,600.0
2024-09-12T09:45:00-04:00,147.99,147.99,146.485,146.485,234.0
2024-09-12T09:50:00-04:00,146.46,146.57,146.46,146.57,234.0
2024-09-12T09:55:00-04:00,146.99,146.99,146.99,146.99,100.0
2024-09-12T10:00:00-04:00,147.08,147.08,147.08,147.08,100.0
2024-09-12T10:05:00-04:00,146.99,146.99,146.99,146.99,100.0
2024-09-12T10:10:00-04:00,147.5,147.5,147.5,147.5,100.0
2024-09-12T10:35:00-04:00,148.74,148.74,147.76,147.89,500.0
2024-09-12T10:55:00-04:00,148.76,148.76,147.83,147.86,1229.0
2024-09-12T11:00:00-04:00,147.55,148.31,147.41,148.31,1536.0
2024-09-12T11:05:00-04:00,148.42,148.55,148.42,148.55,685.0
2024-09-12T11:10:00-04:00,148.69,149.31,148.69,149.31,616.0
2024-09-12T11:15:00-04:00,149.1,149.1,148.61,148.64,800.0
2024-09-12T11:20:00-04:00,148.51,148.51,148.42,148.42,200.0
2024-09-12T11:25:00-04:00,148.5,148.51,148.37,148.37,512.0
2024-09-12T11:30:00-04:00,148.26,148.26,148.22,148.22,200.0
2024-09-12T11:40:00-04:00,148.255,148.255,148.24,148.24,345.0
2024-09-12T11:45:00-04:00,147.94,147.94,147.94,147.94,211.0
2024-09-12T11:55:00-04:00,147.87,147.87,147.87,147.87,132.0
2024-09-12T12:25:00-04:00,148.37,148.37,148.37,148.37,100.0
2024-09-12T12:40:00-04:00,148.18,148.18,148.18,148.18,100.0
2024-09-12T12:50:00-04:00,148.99,149.45,148.99,149.45,265.0
2024-09-12T12:55:00-04:00,149.84,149.84,149.84,149.84,100.0
2024-09-12T13:05:00-04:00,149.93,149.93,149.93,149.93,100.0
2024-09-12T14:25:00-04:00,151.37,151.42,151.37,151.42,200.0
2024-09-12T14:30:00-04:00,151.4,151.4,151.37,151.37,200.0
2024-09-12T14:45:00-04:00,151.37,151.37,151.37,151.37,133.0
2024-09-12T14:50:00-04:00,150.71,150.71,150.07,150.07,331.0
2024-09-12T14:55:00-04:00,150.89,150.89,150.89,150.89,145.0
2024-09-12T15:05:00-04:00,150.99,150.99,150.99,150.99,100.0
2024-09-12T15:10:00-04:00,150.92,151.01,150.92,151.01,564.0
2024-09-12T15:15:00-04:00,151.15,151.15,151.09,151.1,400.0
2024-09-12T15:20:00-04:00,151.1,151.1,151.1,151.1,100.0
2024-09-12T15:30:00-04:00,151.2,151.2,151.2,151.2,100.0
2024-09-12T15:35:00-04:00,151.15,151.28,151.15,151.28,200.0
2024-09-12T15:45:00-04:00,151.1,151.1,150.71,150.71,200.0
2024-09-12T15:50:00-04:00,150.91,150.92,150.775,150.775,384.0
2024-09-12T15:55:00-04:00,150.82,151.14,150.82,151.1,1074.0
2024-09-13T09:30:00-04:00,151.88,152.145,151.88,152.145,651.0
2024-09-13T09:35:00-04:00,152.41,152.47,152.39,152.47,300.0
2024-09-13T09:40:00-04:00,152.66,152.66,152.66,152.66,100.0
2024-09-13T09:45:00-04:00,152.86,152.99,152.86,152.99,300.0
2024-09-13T10:05:00-04:00,152.75,152.75,152.75,152.75,100.0
2024-09-13T10:15:00-04:00,153.36,153.36,153.36,153.36,268.0
2024-09-13T10:20:00-04:00,153.68,153.68,153.68,153.68,200.0
2024-09-13T10:35:00-04:00,152.9,152.99,152.9,152.99,401.0
2024-09-13T10:45:00-04:00,153.86,153.86,153.86,153.86,238.0
2024-09-13T10:50:00-04:00,153.7,153.7,153.2,153.25,806.0
2024-09-13T11:40:00-04:00,153.73,153.81,153.73,153.81,200.0
2024-09-13T12:00:00-04:00,154.17,154.17,154.17,154.17,100.0
2024-09-13T12:05:00-04:00,153.88,153.88,153.88,153.88,145.0
2024-09-13T12:10:00-04:00,153.87,153.87,153.85,153.85,390.0
2024-09-13T12:15:00-04:00,153.33,153.33,153.33,153.33,100.0
2024-09-13T12:20:00-04:00,153.29,153.29,153.29,153.29,156.0
2024-09-13T12:30:00-04:00,153.31,153.31,153.31,153.31,100.0
2024-09-13T12:40:00-04:00,153.26,153.29,153.26,153.29,433.0
2024-09-13T12:50:00-04:00,153.55,153.55,153.55,153.55,100.0
2024-09-13T13:00:00-04:00,153.86,153.88,153.78,153.88,500.0
2024-09-13T13:20:00-04:00,154.1,154.1,154.1,154.1,144.0
2024-09-13T13:25:00-04:00,154.03,154.03,154.03,154.03,194.0
2024-09-13T13:35:00-04:00,154.43,154.43,154.43,154.43,100.0
2024-09-13T13:55:00-04:00,154.03,154.03,154.03,154.03,100.0
2024-09-13T14:00:00-04:00,153.825,153.825,153.73,153.73,236.0
2024-09-13T14:35:00-04:00,153.05,153.05,153.05,153.05,100.0
2024-09-13T15:00:00-04:00,153.01,153.01,153.01,153.01,100.0
2024-09-13T15:05:00-04:00,153.145,153.145,153.025,153.025,600.0
2024-09-13T15:15:00-04:00,153.315,153.315,153.315,153.315,100.0
2024-09-13T15:20:00-04:00,153.33,153.33,153.33,153.33,100.0
2024-09-13T15:25:00-04:00,153.48,153.48,153.42,153.45,500.0
2024-09-13T15:45:00-04:00,153.52,153.52,153.52,153.52,100.0
2024-09-13T15:55:00-04:00,153.84,153.84,153.475,153.54,2890.0
2024-09-16T09:30:00-04:00,153.5,153.62,153.5,153.51,1593.0
2024-09-16T10:00:00-04:00,153.93,153.93,153.93,153.93,100.0
2024-09-16T10:10:00-04:00,153.905,153.905,153.905,153.905,100.0
2024-09-16T10:20:00-04:00,153.52,153.52,153.52,153.52,100.0
2024-09-16T10:25:00-04:00,153.44,153.44,153.01,153.01,300.0
2024-09-16T10:35:00-04:00,152.26,152.28,152.26,152.28,200.0
2024-09-16T10:40:00-04:00,152.67,152.67,152.67,152.67,497.0
2024-09-16T10:45:00-04:00,152.44,152.44,152.44,152.44,100.0
2024-09-16T10:50:00-04:00,152.83,152.83,152.44,152.44,200.0
2024-09-16T11:05:00-04:00,152.685,152.685,152.685,152.685,100.0
2024-09-16T11:10:00-04:00,152.77,152.78,152.77,152.78,200.0
2024-09-16T11:20:00-04:00,152.79,152.79,152.79,152.79,118.0
2024-09-16T11:25:00-04:00,153.14,153.14,153.14,153.14,100.0
2024-09-16T11:50:00-04:00,152.51,152.99,152.51,152.98,500.0
2024-09-16T11:55:00-04:00,152.95,152.95,152.95,152.95,100.0
2024-09-16T12:00:00-04:00,152.96,152.96,152.96,152.96,100.0
2024-09-16T12:10:00-04:00,152.67,152.67,152.67,152.67,100.0
2024-09-16T12:20:00-04:00,152.3,152.3,152.3,152.3,100.0
2024-09-16T12:25:00-04:00,153.03,153.03,153.03,153.03,172.0
2024-09-16T12:40:00-04:00,152.85,152.85,152.85,152.85,100.0
2024-09-16T12:50:00-04:00,153.06,153.06,153.06,153.06,100.0
2024-09-16T12:55:00-04:00,153.2,153.2,153.2,153.2,399.0
2024-09-16T13:00:00-04:00,153.1,153.1,153.1,153.1,100.0
2024-09-16T13:20:00-04:00,153.07,153.07,152.98,152.98,281.0
2024-09-16T13:25:00-04:00,153.4,153.4,153.39,153.39,500.0
2024-09-16T14:25:00-04:00,153.99,153.99,153.99,153.99,139.0
2024-09-16T14:35:00-04:00,154.06,154.06,153.84,153.84,670.0
2024-09-16T14:40:00-04:00,153.73,153.73,153.64,153.64,251.0
2024-09-16T14:45:00-04:00,153.64,153.76,153.64,153.76,200.0
2024-09-16T14:55:00-04:00,153.81,153.81,153.81,153.81,100.0
2024-09-16T15:00:00-04:00,154.03,154.03,154.03,154.03,139.0
2024-09-16T15:10:00-04:00,153.67,153.67,153.67,153.67,100.0
2024-09-16T15:15:00-04:00,153.595,153.68,153.595,153.66,850.0
2024-09-16T15:30:00-04:00,153.73,154.05,153.73,154.05,1055.0
2024-09-16T15:35:00-04:00,153.945,153.945,153.945,153.945,142.0
2024-09-16T15:40:00-04:00,154.125,154.125,154.0,154.0,726.0
2024-09-16T15:45:00-04:00,154.11,154.11,154.11,154.11,100.0
2024-09-16T15:50:00-04:00,154.16,154.3,153.935,154.24,5812.0
2024-09-16T15:55:00-04:00,154.25,154.44,154.03,154.03,2203.0
2024-09-17T10:30:00-04:00,156.84,156.84,156.84,156.84,100.0
2024-09-17T10:45:00-04:00,156.95,156.95,156.95,156.95,162.0
2024-09-17T10:55:00-04:00,156.34,156.34,155.91,155.91,200.0
2024-09-17T11:00:00-04:00,156.07,156.07,156.07,156.07,100.0
2024-09-17T11:15:00-04:00,156.66,156.66,156.66,156.66,100.0
2024-09-17T11:35:00-04:00,156.14,156.14,156.14,156.14,100.0
2024-09-17T12:30:00-04:00,154.75,154.75,154.75,154.75,100.0
2024-09-17T12:50:00-04:00,152.75,152.905,152.75,152.885,5213.0
2024-09-17T13:20:00-04:00,154.22,154.22,154.22,154.22,100.0
2024-09-17T13:25:00-04:00,154.11,154.11,154.11,154.11,100.0
2024-09-17T13:45:00-04:00,152.78,152.79,152.7,152.7,401.0
2024-09-17T13:50:00-04:00,154.05,154.05,154.05,154.05,100.0
2024-09-17T14:20:00-04:00,153.86,153.86,153.86,153.86,100.0
2024-09-17T14:45:00-04:00,153.43,153.43,153.16,153.16,400.0
2024-09-17T14:50:00-04:00,153.25,153.25,153.25,153.25,100.0
2024-09-17T15:10:00-04:00,153.78,153.78,153.78,153.78,100.0
2024-09-17T15:35:00-04:00,153.39,153.39,153.39,153.39,100.0
2024-09-17T15:40:00-04:00,153.49,153.53,153.49,153.53,200.0
2024-09-17T15:45:00-04:00,153.55,153.55,153.55,153.55,300.0
2024-09-17T15:50:00-04:00,153.67,154.01,153.67,153.97,3707.0
2024-09-17T15:55:00-04:00,154.04,154.315,154.04,154.08,1100.0
2024-09-18T09:30:00-04:00,154.19,154.19,154.19,154.19,100.0
2024-09-18T09:35:00-04:00,154.17,154.17,154.17,154.17,100.0
2024-09-18T10:10:00-04:00,154.12,154.12,154.12,154.12,100.0
2024-09-18T10:20:00-04:00,153.8,153.8,153.8,153.8,100.0
2024-09-18T10:25:00-04:00,154.02,154.02,154.02,154.02,100.0
2024-09-18T10:35:00-04:00,153.96,153.96,153.96,153.96,100.0
2024-09-18T11:05:00-04:00,154.18,154.18,154.18,154.18,100.0
2024-09-18T11:40:00-04:00,153.46,153.46,153.46,153.46,100.0
2024-09-18T11:50:00-04:00,153.34,153.34,153.34,153.34,252.0
2024-09-18T12:00:00-04:00,152.995,152.995,152.995,152.995,133.0
2024-09-18T12:15:00-04:00,153.71,153.71,153.71,153.71,100.0
2024-09-18T12:25:00-04:00,154.01,154.01,154.01,154.01,100.0
2024-09-18T12:55:00-04:00,154.65,154.65,154.65,154.65,167.0
2024-09-18T13:30:00-04:00,154.9,154.9,154.9,154.9,200.0
2024-09-18T13:35:00-04:00,154.49,154.555,154.49,154.555,260.0
2024-09-18T13:40:00-04:00,154.63,154.63,154.63,154.63,100.0
2024-09-18T13:50:00-04:00,154.47,154.47,154.34,154.36,596.0
2024-09-18T14:00:00-04:00,158.4,158.4,157.78,157.78,218.0
2024-09-18T14:05:00-04:00,157.24,157.24,155.85,155.85,726.0
2024-09-18T14:10:00-04:00,154.38,154.38,154.35,154.35,310.0
2024-09-18T14:15:00-04:00,156.67,156.67,156.55,156.55,283.0
2024-09-18T14:20:00-04:00,156.4,156.4,156.27,156.27,200.0
2024-09-18T14:25:00-04:00,156.18,156.18,156.18,156.18,266.0
2024-09-18T14:35:00-04:00,157.15,157.15,157.15,157.15,111.0
2024-09-18T14:40:00-04:00,154.97,154.97,154.97,154.97,1219.0
2024-09-18T14:45:00-04:00,154.92,156.09,154.92,156.09,946.0
2024-09-18T14:55:00-04:00,155.38,155.38,155.38,155.38,100.0
2024-09-18T15:00:00-04:00,154.02,154.46,153.87,154.28,5257.0
2024-09-18T15:05:00-04:00,153.88,153.88,153.355,153.655,1382.0
2024-09-18T15:10:00-04:00,153.595,153.595,153.595,153.595,100.0
2024-09-18T15:15:00-04:00,155.36,155.36,155.36,155.36,350.0
2024-09-18T15:20:00-04:00,153.76,154.63,153.76,154.63,661.0
2024-09-18T15:25:00-04:00,155.185,156.56,155.185,155.64,1954.0
2024-09-18T15:30:00-04:00,155.82,156.25,154.58,154.8,1266.0
2024-09-18T15:35:00-04:00,154.62,155.04,154.04,154.41,1274.0
2024-09-18T15:40:00-04:00,154.0,154.235,153.57,153.57,729.0
2024-09-18T15:45:00-04:00,153.08,153.68,152.83,153.07,1826.0
2024-09-18T15:50:00-04:00,152.66,153.71,152.66,153.71,2215.0
2024-09-18T15:55:00-04:00,153.37,153.59,152.75,152.75,4192.0
2024-09-19T09:30:00-04:00,160.77,160.77,159.99,159.99,1168.0
2024-09-19T09:35:00-04:00,159.51,159.9,159.51,159.89,1149.0
2024-09-19T09:40:00-04:00,159.79,159.79,159.79,159.79,109.0
2024-09-19T09:45:00-04:00,158.94,158.94,158.94,158.94,100.0
2024-09-19T09:50:00-04:00,158.81,158.81,158.69,158.69,300.0
2024-09-19T09:55:00-04:00,159.29,159.51,159.29,159.51,200.0
2024-09-19T10:00:00-04:00,159.62,160.0,159.62,160.0,200.0
2024-09-19T10:10:00-04:00,159.57,160.03,159.57,160.03,750.0
2024-09-19T10:15:00-04:00,159.975,159.975,159.975,159.975,100.0
2024-09-19T10:20:00-04:00,160.27,160.27,160.27,160.27,100.0
2024-09-19T10:25:00-04:00,160.7,160.7,160.7,160.7,215.0
2024-09-19T10:30:00-04:00,161.06,161.2,161.06,161.14,457.0
2024-09-19T10:40:00-04:00,160.93,160.93,160.4,160.4,565.0
2024-09-19T10:45:00-04:00,160.2,160.22,159.895,160.13,430.0
2024-09-19T11:00:00-04:00,160.35,160.35,160.35,160.35,100.0
2024-09-19T11:05:00-04:00,160.24,160.24,160.13,160.13,530.0
2024-09-19T11:15:00-04:00,160.4,160.4,160.4,160.4,156.0
2024-09-19T11:20:00-04:00,160.62,160.62,160.62,160.62,164.0
2024-09-19T11:40:00-04:00,160.68,160.68,160.68,160.68,100.0
2024-09-19T11:55:00-04:00,160.3,160.3,160.06,160.06,331.0
2024-09-19T12:00:00-04:00,160.42,160.42,160.42,160.42,100.0
2024-09-19T12:15:00-04:00,161.03,161.16,161.03,161.16,200.0
2024-09-19T12:20:00-04:00,161.11,161.11,161.11,161.11,100.0
2024-09-19T12:50:00-04:00,161.37,161.37,161.37,161.37,100.0
2024-09-19T13:15:00-04:00,161.21,161.21,161.21,161.21,167.0
2024-09-19T13:20:00-04:00,161.49,161.49,161.34,161.34,407.0
2024-09-19T13:45:00-04:00,162.04,162.21,162.02,162.21,611.0
2024-09-19T13:50:00-04:00,162.23,162.23,162.23,162.23,100.0
2024-09-19T13:55:00-04:00,162.22,162.23,162.22,162.23,264.0
2024-09-19T14:00:00-04:00,162.05,162.05,162.05,162.05,184.0
2024-09-19T14:05:00-04:00,162.01,162.01,161.82,161.82,310.0
2024-09-19T14:15:00-04:00,161.36,161.36,161.0,161.0,200.0
2024-09-19T14:45:00-04:00,161.48,161.48,161.48,161.48,100.0
2024-09-19T15:00:00-04:00,161.35,161.35,161.35,161.35,100.0
2024-09-19T15:05:00-04:00,161.36,161.36,161.36,161.36,130.0
2024-09-19T15:15:00-04:00,161.0,161.16,161.0,161.16,200.0
2024-09-19T15:25:00-04:00,160.88,160.88,160.88,160.88,100.0
2024-09-19T15:30:00-04:00,160.54,160.76,160.54,160.76,280.0
2024-09-19T15:35:00-04:00,161.0,161.0,161.0,161.0,100.0
2024-09-19T15:40:00-04:00,161.03,161.03,160.83,160.83,342.0
2024-09-19T15:45:00-04:00,161.24,161.27,161.24,161.27,300.0
2024-09-19T15:50:00-04:00,160.8,160.83,160.7,160.74,836.0
2024-09-19T15:55:00-04:00,160.69,160.96,160.37,160.74,4604.0
2024-09-19T16:10:00-04:00,160.33,160.33,160.33,160.33,100.0
2024-10-09T09:30:00-04:00,162.62,162.62,162.62,162.62,101.0
2024-10-09T09:35:00-04:00,162.32,162.395,162.32,162.395,300.0
2024-10-09T09:40:00-04:00,162.79,163.02,162.79,162.96,1265.0
2024-10-09T09:50:00-04:00,162.94,162.94,162.94,162.94,100.0
2024-10-09T10:00:00-04:00,163.07,163.1,163.0,163.0,2073.0
2024-10-09T10:05:00-04:00,163.06,163.06,163.05,163.05,260.0
2024-10-09T10:10:00-04:00,163.44,163.44,163.44,163.44,100.0
2024-10-09T10:20:00-04:00,163.32,163.32,163.32,163.32,150.0
2024-10-09T10:25:00-04:00,163.615,163.615,163.48,163.48,200.0
2024-10-09T10:50:00-04:00,163.89,163.89,163.89,163.89,131.0
2024-10-09T11:00:00-04:00,164.45,164.45,164.45,164.45,100.0
2024-10-09T11:20:00-04:00,164.78,165.0,164.78,165.0,400.0
2024-10-09T11:30:00-04:00,165.06,165.06,165.06,165.06,103.0
2024-10-09T11:35:00-04:00,165.26,165.26,165.26,165.26,101.0
2024-10-09T11:40:00-04:00,165.33,165.33,165.33,165.33,222.0
2024-10-09T11:50:00-04:00,165.84,165.91,165.81,165.91,332.0
2024-10-09T12:00:00-04:00,165.71,165.71,165.56,165.56,200.0
2024-10-09T12:05:00-04:00,165.3,165.3,165.3,165.3,101.0
2024-10-09T12:15:00-04:00,165.28,165.28,165.28,165.28,129.0
2024-10-09T12:25:00-04:00,165.31,165.31,165.27,165.27,200.0
2024-10-09T12:45:00-04:00,165.34,165.46,165.34,165.34,978.0
2024-10-09T13:00:00-04:00,164.78,164.78,164.78,164.78,100.0
2024-10-09T13:05:00-04:00,164.94,164.94,164.94,164.94,110.0
2024-10-09T13:15:00-04:00,165.37,165.37,165.35,165.35,250.0
2024-10-09T13:30:00-04:00,165.38,165.56,165.38,165.46,673.0
2024-10-09T13:40:00-04:00,165.38,165.39,165.38,165.39,230.0
2024-10-09T13:50:00-04:00,164.99,164.99,164.99,164.99,152.0
2024-10-09T14:00:00-04:00,164.95,164.95,164.93,164.93,200.0
2024-10-09T14:05:00-04:00,165.12,165.12,165.12,165.12,100.0
2024-10-09T14:15:00-04:00,164.81,164.81,164.81,164.81,149.0
2024-10-09T14:20:00-04:00,164.69,164.69,164.69,164.69,138.0
2024-10-09T14:25:00-04:00,165.25,165.45,165.25,165.45,400.0
2024-10-09T14:45:00-04:00,165.37,165.37,165.34,165.34,217.0
2024-10-09T14:50:00-04:00,165.29,165.29,165.17,165.17,400.0
2024-10-09T15:05:00-04:00,165.23,165.23,165.14,165.14,990.0
2024-10-09T15:20:00-04:00,165.46,165.6,165.46,165.6,300.0
2024-10-09T15:30:00-04:00,165.65,166.26,165.65,166.18,1244.0
2024-10-09T15:35:00-04:00,166.16,166.16,166.16,166.16,100.0
2024-10-09T15:45:00-04:00,166.01,166.01,166.01,166.01,200.0
2024-10-09T15:50:00-04:00,166.31,166.34,166.31,166.34,315.0
2024-10-09T15:55:00-04:00,166.34,166.34,166.09,166.09,1859.0
2024-10-10T09:30:00-04:00,164.6,164.915,164.6,164.84,500.0
2024-10-10T09:45:00-04:00,164.42,164.42,163.82,163.82,869.0
2024-10-10T09:50:00-04:00,163.87,164.54,163.87,164.54,400.0
2024-10-10T10:10:00-04:00,165.29,165.35,165.29,165.35,200.0
2024-10-10T10:15:00-04:00,165.31,165.31,165.03,165.03,200.0
2024-10-10T10:20:00-04:00,164.87,164.87,164.87,164.87,200.0
2024-10-10T11:05:00-04:00,164.985,164.985,164.985,164.985,101.0
2024-10-10T11:10:00-04:00,165.03,165.03,165.03,165.03,100.0
2024-10-10T11:30:00-04:00,164.99,164.99,164.99,164.99,100.0
2024-10-10T11:55:00-04:00,165.65,165.65,165.65,165.65,100.0
2024-10-10T12:00:00-04:00,165.88,165.88,165.88,165.88,100.0
2024-10-10T12:05:00-04:00,166.03,166.03,166.03,166.03,100.0
2024-10-10T12:10:00-04:00,166.15,166.15,166.15,166.15,100.0
2024-10-10T12:15:00-04:00,166.19,166.3,166.18,166.2,420.0
2024-10-10T12:25:00-04:00,166.11,166.11,166.11,166.11,100.0
2024-10-10T12:40:00-04:00,165.76,165.76,164.97,165.2,1760.0
2024-10-10T12:50:00-04:00,165.16,165.16,165.05,165.05,500.0
2024-10-10T13:05:00-04:00,164.93,164.93,164.36,164.62,700.0
2024-10-10T13:10:00-04:00,164.54,164.54,164.54,164.54,100.0
2024-10-10T13:20:00-04:00,164.98,165.19,164.98,165.19,200.0
2024-10-10T13:25:00-04:00,165.35,165.35,165.35,165.35,100.0
2024-10-10T13:30:00-04:00,165.37,165.37,165.37,165.37,100.0
2024-10-10T13:40:00-04:00,165.18,165.18,165.18,165.18,105.0
2024-10-10T13:45:00-04:00,164.93,164.93,164.78,164.78,200.0
2024-10-10T13:50:00-04:00,164.32,164.32,164.32,164.32,100.0
2024-10-10T14:10:00-04:00,164.81,164.81,164.81,164.81,100.0
2024-10-10T14:20:00-04:00,164.415,164.64,164.4,164.64,500.0
2024-10-10T14:40:00-04:00,164.44,164.44,163.71,164.16,410.0
2024-10-10T14:55:00-04:00,164.38,164.38,164.38,164.38,100.0
2024-10-10T15:00:00-04:00,164.2,164.2,164.2,164.2,129.0
2024-10-10T15:05:00-04:00,164.06,164.06,164.06,164.06,100.0
2024-10-10T15:10:00-04:00,164.19,164.19,164.19,164.19,100.0
2024-10-10T15:15:00-04:00,164.17,164.17,164.17,164.17,100.0
2024-10-10T15:20:00-04:00,164.46,164.46,164.43,164.43,250.0
2024-10-10T15:35:00-04:00,164.59,164.59,164.57,164.57,200.0
2024-10-10T15:40:00-04:00,164.58,164.58,164.58,164.58,130.0
2024-10-10T15:50:00-04:00,164.97,165.2,164.91,165.2,340.0
2024-10-10T15:55:00-04:00,165.215,165.28,165.06,165.06,1014.0
2024-10-11T09:30:00-04:00,165.43,165.54,165.43,165.54,200.0
2024-10-11T09:35:00-04:00,165.31,165.31,165.31,165.31,100.0
2024-10-11T09:40:00-04:00,165.37,165.52,165.37,165.52,343.0
2024-10-11T09:45:00-04:00,165.47,165.8,165.47,165.49,800.0
2024-10-11T09:50:00-04:00,165.82,165.82,165.82,165.82,100.0
2024-10-11T09:55:00-04:00,166.005,166.005,166.005,166.005,300.0
2024-10-11T10:10:00-04:00,167.43,167.47,167.29,167.31,513.0
2024-10-11T10:15:00-04:00,167.65,167.715,167.65,167.715,600.0
2024-10-11T10:20:00-04:00,167.69,167.69,167.69,167.69,200.0
2024-10-11T10:25:00-04:00,168.2,168.2,168.11,168.11,390.0
2024-10-11T10:35:00-04:00,167.85,167.85,167.85,167.85,150.0
2024-10-11T10:50:00-04:00,167.38,167.38,167.27,167.27,201.0
2024-10-11T10:55:00-04:00,167.71,167.71,167.71,167.71,200.0
2024-10-11T11:00:00-04:00,167.44,167.44,167.44,167.44,100.0
2024-10-11T11:35:00-04:00,167.72,167.72,167.72,167.72,100.0
2024-10-11T11:40:00-04:00,167.9,167.9,167.9,167.9,100.0
2024-10-11T12:10:00-04:00,167.43,167.43,167.43,167.43,101.0
2024-10-11T12:25:00-04:00,166.99,166.99,166.99,166.99,207.0
2024-10-11T12:40:00-04:00,167.09,167.09,167.09,167.09,100.0
2024-10-11T12:55:00-04:00,166.73,166.78,166.73,166.78,200.0
2024-10-11T13:50:00-04:00,167.67,167.67,167.67,167.67,100.0
2024-10-11T13:55:00-04:00,167.46,167.55,167.46,167.55,234.0
2024-10-11T14:00:00-04:00,167.52,167.52,167.52,167.52,100.0
2024-10-11T14:20:00-04:00,168.01,168.01,168.01,168.01,100.0
2024-10-11T14:25:00-04:00,167.9,167.9,167.9,167.9,100.0
2024-10-11T14:35:00-04:00,167.34,167.38,167.26,167.38,709.0
2024-10-11T14:50:00-04:00,167.73,167.73,167.73,167.73,104.0
2024-10-11T15:20:00-04:00,168.29,168.29,168.25,168.25,200.0
2024-10-11T15:30:00-04:00,168.115,168.115,168.115,168.115,100.0
2024-10-11T15:45:00-04:00,168.11,168.11,168.05,168.05,429.0
2024-10-11T15:50:00-04:00,168.23,168.23,168.18,168.18,261.0
2024-10-11T15:55:00-04:00,167.91,167.91,167.78,167.8,510.0
2024-10-14T09:30:00-04:00,169.2,169.2,169.01,169.01,1123.0
2024-10-14T09:35:00-04:00,169.72,169.84,169.72,169.84,537.0
2024-10-14T09:45:00-04:00,170.06,170.68,170.04,170.68,429.0
2024-10-14T09:50:00-04:00,170.56,170.59,170.56,170.59,200.0
2024-10-14T09:55:00-04:00,170.8,170.81,170.78,170.81,470.0
2024-10-14T10:00:00-04:00,171.09,171.09,171.09,171.09,100.0
2024-10-14T10:20:00-04:00,170.91,170.91,170.91,170.91,100.0
2024-10-14T10:25:00-04:00,171.05,171.05,171.05,171.05,200.0
2024-10-14T10:30:00-04:00,171.16,171.35,171.16,171.3,300.0
2024-10-14T10:45:00-04:00,171.19,171.19,171.16,171.16,300.0
2024-10-14T11:00:00-04:00,170.49,170.49,170.49,170.49,100.0
2024-10-14T11:25:00-04:00,170.64,170.64,170.64,170.64,100.0
2024-10-14T12:15:00-04:00,171.25,171.25,171.25,171.25,100.0
2024-10-14T14:15:00-04:00,171.7,171.7,171.7,171.7,176.0
2024-10-14T14:20:00-04:00,171.74,171.74,171.74,171.74,152.0
2024-10-14T14:30:00-04:00,171.73,171.73,171.73,171.73,164.0
2024-10-14T14:50:00-04:00,171.87,171.87,171.87,171.87,100.0
2024-10-14T15:15:00-04:00,172.08,172.08,171.99,171.99,200.0
2024-10-14T15:30:00-04:00,171.96,171.96,171.96,171.96,100.0
2024-10-14T15:35:00-04:00,172.09,172.19,172.09,172.19,658.0
2024-10-14T15:40:00-04:00,172.4,172.4,172.4,172.4,200.0
2024-10-14T15:45:00-04:00,172.34,172.71,172.34,172.64,400.0
2024-10-14T15:50:00-04:00,172.04,172.04,172.04,172.04,200.0
2024-10-14T15:55:00-04:00,172.09,172.1,171.85,171.85,502.0
2024-10-15T09:30:00-04:00,172.3,172.3,172.14,172.24,2302.0
2024-10-15T09:35:00-04:00,172.21,172.23,172.12,172.12,329.0
2024-10-15T09:40:00-04:00,171.99,171.99,171.99,171.99,200.0
2024-10-15T09:45:00-04:00,172.03,172.03,172.03,172.03,110.0
2024-10-15T09:50:00-04:00,172.01,172.015,172.01,172.015,200.0
2024-10-15T09:55:00-04:00,172.17,172.17,171.93,171.97,429.0
2024-10-15T10:00:00-04:00,171.96,171.96,171.96,171.96,100.0
2024-10-15T10:15:00-04:00,171.6,171.6,171.6,171.6,124.0
2024-10-15T10:25:00-04:00,171.41,171.41,171.28,171.28,300.0
2024-10-15T10:35:00-04:00,170.215,170.215,170.215,170.215,100.0
2024-10-15T10:40:00-04:00,169.37,169.37,169.29,169.29,300.0
2024-10-15T10:45:00-04:00,169.74,169.74,169.74,169.74,100.0
2024-10-15T10:55:00-04:00,170.12,170.12,170.12,170.12,100.0
2024-10-15T11:25:00-04:00,170.1,170.1,170.1,170.1,200.0
2024-10-15T11:45:00-04:00,169.74,169.74,169.74,169.74,159.0
2024-10-15T12:00:00-04:00,169.49,169.49,169.49,169.49,100.0
2024-10-15T12:05:00-04:00,169.34,169.34,169.34,169.34,200.0
2024-10-15T12:20:00-04:00,169.93,169.93,169.93,169.93,126.0
2024-10-15T12:30:00-04:00,169.925,169.925,169.9,169.905,500.0
2024-10-15T12:35:00-04:00,170.15,170.15,170.15,170.15,100.0
2024-10-15T12:50:00-04:00,169.71,169.71,169.71,169.71,100.0
2024-10-15T12:55:00-04:00,169.61,169.65,169.61,169.65,200.0
2024-10-15T13:10:00-04:00,169.43,169.43,169.43,169.43,100.0
2024-10-15T13:25:00-04:00,169.03,169.03,169.03,169.03,100.0
2024-10-15T13:35:00-04:00,169.31,169.31,169.31,169.31,200.0
2024-10-15T13:45:00-04:00,169.39,169.39,169.39,169.39,100.0
2024-10-15T13:55:00-04:00,169.09,169.09,169.09,169.09,200.0
2024-10-15T14:15:00-04:00,168.68,168.68,168.68,168.68,100.0
2024-10-15T14:25:00-04:00,168.525,168.525,168.525,168.525,163.0
2024-10-15T14:55:00-04:00,168.3,168.3,168.19,168.19,569.0
2024-10-15T15:00:00-04:00,168.195,168.195,167.58,167.58,867.0
2024-10-15T15:05:00-04:00,167.42,167.42,167.27,167.28,1351.0
2024-10-15T15:10:00-04:00,167.5,167.5,167.47,167.48,400.0
2024-10-15T15:40:00-04:00,167.525,167.53,167.38,167.38,663.0
2024-10-15T15:50:00-04:00,167.71,167.94,167.64,167.94,887.0
2024-10-15T15:55:00-04:00,167.6,168.05,167.335,168.05,1582.0
2024-10-16T09:30:00-04:00,167.64,167.67,167.64,167.67,220.0
2024-10-16T09:35:00-04:00,167.55,167.55,167.26,167.26,515.0
2024-10-16T09:40:00-04:00,167.44,167.45,167.4,167.4,501.0
2024-10-16T09:45:00-04:00,167.51,167.51,167.51,167.51,100.0
2024-10-16T09:50:00-04:00,167.22,167.31,167.22,167.31,300.0
2024-10-16T10:00:00-04:00,167.78,167.9,167.78,167.9,200.0
2024-10-16T10:05:00-04:00,167.91,168.17,167.885,168.17,600.0
2024-10-16T10:15:00-04:00,168.26,168.29,168.26,168.29,500.0
2024-10-16T10:25:00-04:00,168.92,168.92,168.73,168.73,240.0
2024-10-16T10:40:00-04:00,168.0,168.0,167.82,167.82,1096.0
2024-10-16T10:50:00-04:00,168.31,168.31,168.31,168.31,100.0
2024-10-16T11:30:00-04:00,168.52,168.52,168.52,168.52,100.0
2024-10-16T11:45:00-04:00,168.46,168.46,168.38,168.4,558.0
2024-10-16T12:50:00-04:00,169.06,169.06,169.06,169.06,100.0
2024-10-16T12:55:00-04:00,169.08,169.08,169.08,169.08,148.0
2024-10-16T13:10:00-04:00,169.15,169.15,169.15,169.15,101.0
2024-10-16T13:25:00-04:00,169.09,169.09,169.09,169.09,100.0
2024-10-16T13:35:00-04:00,169.08,169.08,169.08,169.08,100.0
2024-10-16T14:10:00-04:00,169.58,169.58,169.58,169.58,104.0
2024-10-16T14:20:00-04:00,169.99,169.99,169.99,169.99,101.0
2024-10-16T14:25:00-04:00,170.24,170.24,170.24,170.24,100.0
2024-10-16T14:30:00-04:00,170.3,170.3,170.18,170.18,228.0
2024-10-16T14:50:00-04:00,170.08,170.08,170.08,170.08,120.0
2024-10-16T15:20:00-04:00,170.25,170.25,170.0,170.0,596.0
2024-10-16T15:25:00-04:00,170.04,170.04,170.04,170.04,100.0
2024-10-16T15:30:00-04:00,170.04,170.04,170.04,170.04,100.0
2024-10-16T15:50:00-04:00,170.15,170.18,169.92,170.01,500.0
2024-10-16T15:55:00-04:00,170.01,170.01,169.95,169.95,400.0
2024-10-17T09:30:00-04:00,172.75,172.83,172.13,172.13,503.0
2024-10-17T09:35:00-04:00,172.02,172.02,171.0,171.05,1622.0
2024-10-17T09:40:00-04:00,171.765,171.92,171.65,171.92,853.0
2024-10-17T09:45:00-04:00,171.63,171.63,171.63,171.63,100.0
2024-10-17T09:50:00-04:00,172.14,172.14,172.14,172.14,100.0
2024-10-17T09:55:00-04:00,171.47,171.47,171.47,171.47,217.0
2024-10-17T10:05:00-04:00,170.51,170.51,170.47,170.47,200.0
2024-10-17T10:25:00-04:00,171.17,171.17,171.17,171.17,200.0
2024-10-17T10:45:00-04:00,170.875,170.875,170.875,170.875,200.0
2024-10-17T11:00:00-04:00,170.73,170.73,170.155,170.155,582.0
2024-10-17T11:05:00-04:00,170.13,170.13,170.13,170.13,200.0
2024-10-17T11:10:00-04:00,170.84,170.84,170.84,170.84,200.0
2024-10-17T11:15:00-04:00,171.11,171.11,171.11,171.11,200.0
2024-10-17T11:20:00-04:00,170.98,170.98,170.98,170.98,200.0
2024-10-17T11:25:00-04:00,171.22,171.34,171.22,171.34,300.0
2024-10-17T11:30:00-04:00,171.62,171.62,171.5,171.5,426.0
2024-10-17T11:35:00-04:00,171.57,171.57,171.57,171.57,120.0
2024-10-17T12:00:00-04:00,171.995,171.995,171.995,171.995,100.0
2024-10-17T12:05:00-04:00,172.08,172.08,172.08,172.08,101.0
2024-10-17T12:15:00-04:00,171.79,171.79,171.78,171.78,200.0
2024-10-17T12:55:00-04:00,171.58,171.58,171.58,171.58,100.0
2024-10-17T13:00:00-04:00,171.8,171.8,171.8,171.8,250.0
2024-10-17T13:05:00-04:00,171.89,171.89,171.85,171.85,378.0
2024-10-17T13:20:00-04:00,171.88,171.88,171.88,171.88,150.0
2024-10-17T13:25:00-04:00,171.56,171.56,171.56,171.56,158.0
2024-10-17T13:40:00-04:00,171.95,171.95,171.95,171.95,100.0
2024-10-17T13:45:00-04:00,172.06,172.06,172.06,172.06,100.0
2024-10-17T13:50:00-04:00,171.9,171.9,171.9,171.9,440.0
2024-10-17T14:00:00-04:00,171.44,171.44,171.205,171.4,544.0
2024-10-17T14:05:00-04:00,170.99,170.99,170.49,170.49,529.0
2024-10-17T14:10:00-04:00,170.34,170.34,170.34,170.34,228.0
2024-10-17T14:20:00-04:00,170.16,170.16,170.16,170.16,100.0
2024-10-17T15:00:00-04:00,170.47,170.47,170.47,170.47,100.0
2024-10-17T15:10:00-04:00,170.83,170.83,170.78,170.78,358.0
2024-10-17T15:20:00-04:00,170.5,170.52,170.5,170.52,313.0
2024-10-17T15:25:00-04:00,170.365,170.365,170.32,170.32,247.0
2024-10-17T15:30:00-04:00,170.17,170.35,170.17,170.35,200.0
2024-10-17T15:35:00-04:00,170.3,170.3,170.3,170.3,200.0
2024-10-17T15:45:00-04:00,170.11,170.11,170.09,170.09,301.0
2024-10-17T15:50:00-04:00,169.99,170.28,169.99,170.28,400.0
2024-10-17T15:55:00-04:00,170.02,170.08,170.02,170.04,1109.0
2024-10-18T09:30:00-04:00,171.37,171.4,171.33,171.4,499.0
2024-10-18T09:35:00-04:00,170.48,170.48,170.48,170.48,100.0
2024-10-18T09:40:00-04:00,170.66,171.08,170.66,171.08,400.0
2024-10-18T09:45:00-04:00,171.02,171.02,170.59,170.59,309.0
2024-10-18T10:00:00-04:00,170.875,170.875,170.875,170.875,200.0
2024-10-18T10:05:00-04:00,171.22,171.22,171.22,171.22,100.0
2024-10-18T11:00:00-04:00,170.89,171.13,170.89,171.13,402.0
2024-10-18T11:25:00-04:00,171.54,171.57,171.54,171.57,200.0
2024-10-18T11:30:00-04:00,171.67,171.67,171.67,171.67,258.0
2024-10-18T11:35:00-04:00,171.46,171.46,171.41,171.41,357.0
2024-10-18T11:40:00-04:00,171.37,171.37,171.37,171.37,100.0
2024-10-18T11:55:00-04:00,171.32,171.32,171.32,171.32,100.0
2024-10-18T12:00:00-04:00,171.09,171.09,171.09,171.09,101.0
2024-10-18T12:15:00-04:00,171.4,171.4,171.4,171.4,100.0
2024-10-18T12:25:00-04:00,171.58,171.58,171.58,171.58,100.0
2024-10-18T12:35:00-04:00,171.64,171.7,171.64,171.67,300.0
2024-10-18T12:50:00-04:00,172.07,172.07,172.0,172.0,200.0
2024-10-18T13:05:00-04:00,172.2,172.2,172.155,172.155,300.0
2024-10-18T13:20:00-04:00,172.17,172.17,172.17,172.17,100.0
2024-10-18T13:30:00-04:00,172.05,172.05,172.05,172.05,131.0
2024-10-18T13:40:00-04:00,172.06,172.12,172.06,172.12,201.0
2024-10-18T14:00:00-04:00,171.51,171.88,171.21,171.88,410.0
2024-10-18T14:05:00-04:00,171.92,171.92,171.92,171.92,100.0
2024-10-18T14:25:00-04:00,172.465,172.465,172.39,172.39,602.0
2024-10-18T14:35:00-04:00,172.16,172.16,172.16,172.16,100.0
2024-10-18T14:50:00-04:00,172.19,172.19,172.19,172.19,100.0
2024-10-18T15:00:00-04:00,171.54,171.72,171.54,171.72,218.0
2024-10-18T15:05:00-04:00,171.7,171.7,171.7,171.7,100.0
2024-10-18T15:10:00-04:00,171.75,171.75,171.75,171.75,148.0
2024-10-18T15:20:00-04:00,171.64,171.715,171.64,171.64,600.0
2024-10-18T15:40:00-04:00,171.59,171.59,171.43,171.43,297.0
2024-10-18T15:45:00-04:00,171.59,171.59,171.59,171.59,100.0
2024-10-18T15:50:00-04:00,171.45,171.77,171.45,171.77,651.0
2024-10-18T15:55:00-04:00,171.8,171.93,171.76,171.85,2412.0
2024-10-21T09:30:00-04:00,171.2,171.34,171.18,171.34,1000.0
2024-10-21T09:40:00-04:00,171.28,171.28,171.28,171.28,100.0
2024-10-21T09:55:00-04:00,171.36,171.37,171.36,171.37,200.0
2024-10-21T10:00:00-04:00,171.5,171.5,171.5,171.5,100.0
2024-10-21T10:15:00-04:00,171.73,171.945,171.73,171.945,300.0
2024-10-21T10:20:00-04:00,171.71,171.71,171.71,171.71,128.0
2024-10-21T10:25:00-04:00,171.29,171.29,171.29,171.29,100.0
2024-10-21T10:30:00-04:00,170.94,170.94,170.94,170.94,100.0
2024-10-21T10:40:00-04:00,170.46,170.46,170.46,170.46,228.0
2024-10-21T10:45:00-04:00,170.09,170.09,169.71,169.71,300.0
2024-10-21T10:50:00-04:00,169.96,169.96,169.96,169.96,150.0
2024-10-21T11:00:00-04:00,169.5,169.5,169.5,169.5,100.0
2024-10-21T11:05:00-04:00,169.01,169.01,168.59,168.59,547.0
2024-10-21T11:10:00-04:00,168.94,168.94,168.86,168.86,408.0
2024-10-21T11:15:00-04:00,168.955,168.955,168.955,168.955,110.0
2024-10-21T11:20:00-04:00,168.81,168.81,168.81,168.81,100.0
2024-10-21T11:35:00-04:00,168.5,168.5,168.5,168.5,100.0
2024-10-21T11:40:00-04:00,168.95,169.17,168.95,169.17,201.0
2024-10-21T11:50:00-04:00,169.545,169.545,169.545,169.545,200.0
2024-10-21T11:55:00-04:00,169.8,169.8,169.68,169.68,200.0
2024-10-21T12:05:00-04:00,169.63,169.63,169.63,169.63,100.0
2024-10-21T12:35:00-04:00,169.76,169.76,169.58,169.58,300.0
2024-10-21T12:50:00-04:00,170.15,170.15,170.15,170.15,200.0
2024-10-21T13:15:00-04:00,170.35,170.35,170.11,170.2,350.0
2024-10-21T13:35:00-04:00,170.33,170.33,170.33,170.33,100.0
2024-10-21T14:05:00-04:00,170.54,170.54,170.43,170.43,300.0
2024-10-21T15:30:00-04:00,169.92,169.92,169.92,169.92,100.0
2024-10-21T15:45:00-04:00,170.09,170.09,170.0,170.0,378.0
2024-10-21T15:50:00-04:00,170.41,170.41,170.41,170.41,100.0
2024-10-21T15:55:00-04:00,170.38,170.87,170.38,170.87,1342.0
2024-10-22T09:30:00-04:00,168.63,168.73,168.63,168.73,211.0
2024-10-22T09:35:00-04:00,168.28,168.28,168.28,168.28,166.0
2024-10-22T09:40:00-04:00,168.55,168.55,168.55,168.55,100.0
2024-10-22T09:55:00-04:00,168.89,168.89,168.57,168.57,350.0
2024-10-22T10:05:00-04:00,168.98,169.32,168.98,169.08,529.0
2024-10-22T10:10:00-04:00,169.13,169.4,169.13,169.39,543.0
2024-10-22T10:15:00-04:00,169.19,169.19,169.08,169.08,279.0
2024-10-22T10:25:00-04:00,169.05,169.05,169.05,169.05,100.0
2024-10-22T10:30:00-04:00,168.94,168.94,168.88,168.88,201.0
2024-10-22T10:45:00-04:00,168.63,168.74,168.63,168.74,300.0
2024-10-22T10:50:00-04:00,169.06,169.39,169.06,169.39,300.0
2024-10-22T11:00:00-04:00,169.36,169.36,169.36,169.36,150.0
2024-10-22T11:15:00-04:00,169.62,169.66,169.62,169.66,308.0
2024-10-22T11:30:00-04:00,169.68,169.68,169.68,169.68,100.0
2024-10-22T11:35:00-04:00,169.63,169.63,169.63,169.63,129.0
2024-10-22T12:05:00-04:00,169.24,169.24,169.22,169.22,259.0
2024-10-22T12:25:00-04:00,169.21,169.21,169.21,169.21,250.0
2024-10-22T12:45:00-04:00,169.33,169.33,169.33,169.33,100.0
2024-10-22T12:50:00-04:00,169.66,169.91,169.66,169.91,250.0
2024-10-22T13:00:00-04:00,169.92,169.92,169.92,169.92,100.0
2024-10-22T13:15:00-04:00,169.83,169.84,169.83,169.83,400.0
2024-10-22T13:25:00-04:00,169.96,169.96,169.96,169.96,100.0
2024-10-22T13:30:00-04:00,170.09,170.09,170.09,170.09,100.0
2024-10-22T13:40:00-04:00,170.7,170.73,170.65,170.65,521.0
2024-10-22T13:50:00-04:00,170.88,170.88,170.88,170.88,100.0
2024-10-22T14:05:00-04:00,171.37,171.37,171.03,171.03,482.0
2024-10-22T14:10:00-04:00,171.03,171.06,170.99,171.06,400.0
2024-10-22T14:25:00-04:00,170.89,170.89,170.89,170.89,100.0
2024-10-22T14:50:00-04:00,170.62,170.62,170.45,170.45,300.0
2024-10-22T14:55:00-04:00,170.27,170.27,170.27,170.27,129.0
2024-10-22T15:10:00-04:00,170.66,170.66,170.66,170.66,100.0
2024-10-22T15:15:00-04:00,170.76,170.76,170.76,170.76,100.0
2024-10-22T15:20:00-04:00,170.74,170.74,170.74,170.74,100.0
2024-10-22T15:45:00-04:00,171.25,171.29,171.25,171.29,200.0
2024-10-22T15:50:00-04:00,171.07,171.27,171.07,171.27,300.0
2024-10-22T15:55:00-04:00,170.78,170.78,170.5,170.5,593.0
2024-10-23T09:30:00-04:00,168.7,169.06,168.7,169.06,500.0
2024-10-23T09:35:00-04:00,168.82,168.82,168.78,168.78,300.0
2024-10-23T09:45:00-04:00,168.92,168.92,168.92,168.92,100.0
2024-10-23T10:05:00-04:00,168.25,168.25,168.0,168.0,750.0
2024-10-23T10:45:00-04:00,168.91,168.91,168.85,168.85,438.0
2024-10-23T10:50:00-04:00,168.01,168.01,168.01,168.01,179.0
2024-10-23T10:55:00-04:00,168.14,168.14,168.14,168.14,130.0
2024-10-23T11:10:00-04:00,167.7,167.7,167.01,167.02,450.0
2024-10-23T11:15:00-04:00,166.95,166.95,166.95,166.95,100.0
2024-10-23T11:20:00-04:00,167.28,167.28,167.28,167.28,165.0
2024-10-23T11:25:00-04:00,166.82,166.82,166.82,166.82,209.0
2024-10-23T11:30:00-04:00,166.59,166.59,166.59,166.59,100.0
2024-10-23T11:35:00-04:00,166.81,166.81,166.81,166.81,154.0
2024-10-23T11:50:00-04:00,167.0,167.0,167.0,167.0,200.0
2024-10-23T12:00:00-04:00,166.515,166.515,166.515,166.515,180.0
2024-10-23T12:20:00-04:00,166.2,166.2,166.2,166.2,150.0
2024-10-23T13:05:00-04:00,165.43,165.43,165.31,165.31,250.0
2024-10-23T13:10:00-04:00,164.99,164.99,164.99,164.99,100.0
2024-10-23T13:15:00-04:00,164.62,164.62,164.62,164.62,100.0
2024-10-23T13:30:00-04:00,164.85,164.85,164.85,164.85,100.0
2024-10-23T13:35:00-04:00,164.4,164.4,164.4,164.4,100.0
2024-10-23T14:00:00-04:00,163.51,163.51,163.51,163.51,200.0
2024-10-23T14:10:00-04:00,163.46,163.46,163.46,163.46,180.0
2024-10-23T14:25:00-04:00,163.68,163.68,163.68,163.68,100.0
2024-10-23T14:40:00-04:00,164.79,164.79,164.79,164.79,222.0
2024-10-23T14:45:00-04:00,164.93,164.93,164.93,164.93,250.0
2024-10-23T14:50:00-04:00,164.85,164.86,164.78,164.78,448.0
2024-10-23T15:00:00-04:00,165.11,165.11,165.11,165.11,100.0
2024-10-23T15:05:00-04:00,164.93,164.95,164.85,164.92,642.0
2024-10-23T15:10:00-04:00,164.82,164.82,164.82,164.82,100.0
2024-10-23T15:15:00-04:00,165.08,165.09,165.06,165.06,325.0
2024-10-23T15:20:00-04:00,165.135,165.29,165.07,165.14,986.0
2024-10-23T15:25:00-04:00,165.01,165.3,165.01,165.27,350.0
2024-10-23T15:30:00-04:00,165.11,165.11,165.11,165.11,130.0
2024-10-23T15:35:00-04:00,165.52,165.52,165.52,165.52,181.0
2024-10-23T15:40:00-04:00,165.56,165.85,165.56,165.76,400.0
2024-10-23T15:45:00-04:00,165.67,165.68,165.56,165.575,637.0
2024-10-23T15:50:00-04:00,165.62,165.79,165.62,165.65,1014.0
2024-10-23T15:55:00-04:00,165.57,165.82,165.57,165.78,1168.0
2024-10-23T16:45:00-04:00,166.37,166.37,166.37,166.37,100.0
2024-10-24T09:30:00-04:00,167.54,167.54,166.65,166.65,412.0
2024-10-24T09:35:00-04:00,166.91,166.91,166.91,166.91,100.0
2024-10-24T09:55:00-04:00,166.84,166.84,166.84,166.84,100.0
2024-10-24T10:00:00-04:00,166.94,167.32,166.92,166.92,812.0
2024-10-24T10:05:00-04:00,166.91,166.92,166.91,166.92,261.0
2024-10-24T10:10:00-04:00,167.02,167.02,166.98,166.98,250.0
2024-10-24T10:45:00-04:00,166.85,166.85,166.72,166.72,300.0
2024-10-24T11:05:00-04:00,166.11,166.11,166.11,166.11,174.0
2024-10-24T11:10:00-04:00,166.47,166.57,166.47,166.57,300.0
2024-10-24T11:20:00-04:00,166.43,166.52,166.32,166.32,411.0
2024-10-24T11:25:00-04:00,166.45,166.45,166.45,166.45,200.0
2024-10-24T11:30:00-04:00,166.38,166.38,166.37,166.37,200.0
2024-10-24T11:35:00-04:00,165.98,165.98,165.98,165.98,200.0
2024-10-24T11:40:00-04:00,165.88,165.9,165.82,165.86,647.0
2024-10-24T11:45:00-04:00,165.68,165.68,165.32,165.32,855.0
2024-10-24T11:50:00-04:00,165.6,165.6,165.59,165.59,200.0
2024-10-24T11:55:00-04:00,165.65,165.93,165.65,165.93,630.0
2024-10-24T12:00:00-04:00,165.74,165.74,165.74,165.74,100.0
2024-10-24T12:05:00-04:00,165.67,165.67,165.53,165.53,228.0
2024-10-24T12:10:00-04:00,164.86,164.86,164.67,164.67,300.0
2024-10-24T12:20:00-04:00,164.825,165.47,164.825,165.47,300.0
2024-10-24T12:30:00-04:00,166.19,166.31,166.19,166.31,341.0
2024-10-24T12:35:00-04:00,166.17,166.17,166.17,166.17,200.0
2024-10-24T12:40:00-04:00,166.25,166.25,166.25,166.25,100.0
2024-10-24T13:10:00-04:00,167.02,167.08,167.02,167.08,257.0
2024-10-24T13:20:00-04:00,166.7,166.7,166.7,166.7,100.0
2024-10-24T13:30:00-04:00,166.66,166.66,166.66,166.66,100.0
2024-10-24T13:35:00-04:00,166.84,166.84,166.84,166.84,100.0
2024-10-24T13:40:00-04:00,166.81,167.15,166.75,167.15,1117.0
2024-10-24T14:00:00-04:00,166.24,166.39,166.21,166.39,663.0
2024-10-24T14:05:00-04:00,166.34,166.43,166.28,166.28,700.0
2024-10-24T14:10:00-04:00,166.57,166.76,166.57,166.76,500.0
2024-10-24T14:15:00-04:00,166.73,166.73,166.73,166.73,100.0
2024-10-24T14:30:00-04:00,166.55,166.55,166.55,166.55,150.0
2024-10-24T14:35:00-04:00,166.35,166.35,166.35,166.35,100.0
2024-10-24T14:55:00-04:00,166.44,166.45,166.41,166.45,409.0
2024-10-24T15:10:00-04:00,166.96,166.96,166.83,166.83,200.0
2024-10-24T15:30:00-04:00,167.16,167.16,167.05,167.05,230.0
2024-10-24T15:35:00-04:00,167.33,167.33,167.07,167.08,300.0
2024-10-24T15:45:00-04:00,167.05,167.05,167.02,167.02,300.0
2024-10-24T15:50:00-04:00,166.98,167.18,166.95,167.18,1292.0
2024-10-24T15:55:00-04:00,167.12,167.12,166.78,166.84,2281.0
2024-10-25T09:30:00-04:00,168.73,169.54,168.73,169.32,1006.0
2024-10-25T09:40:00-04:00,169.56,169.56,169.56,169.56,150.0
2024-10-25T09:50:00-04:00,170.0,170.0,170.0,170.0,100.0
2024-10-25T09:55:00-04:00,169.99,170.32,169.99,170.32,225.0
2024-10-25T10:00:00-04:00,170.59,170.59,170.59,170.59,100.0
2024-10-25T10:45:00-04:00,170.09,170.09,170.09,170.09,179.0
2024-10-25T11:15:00-04:00,170.2,170.2,170.18,170.18,250.0
2024-10-25T11:20:00-04:00,170.09,170.09,170.09,170.09,200.0
2024-10-25T11:25:00-04:00,169.98,169.98,169.47,169.47,1559.0
2024-10-25T11:30:00-04:00,169.66,169.78,169.65,169.65,1429.0
2024-10-25T11:35:00-04:00,169.45,169.45,169.1,169.1,550.0
2024-10-25T11:40:00-04:00,169.11,169.11,169.02,169.02,431.0
2024-10-25T11:50:00-04:00,168.98,168.98,168.98,168.98,100.0
2024-10-25T11:55:00-04:00,169.07,169.07,169.07,169.07,100.0
2024-10-25T12:00:00-04:00,169.09,169.09,169.09,169.09,300.0
2024-10-25T12:05:00-04:00,169.18,169.18,169.18,169.18,138.0
2024-10-25T12:30:00-04:00,169.72,169.72,169.72,169.72,100.0
2024-10-25T13:00:00-04:00,169.06,169.06,169.06,169.06,100.0
2024-10-25T13:10:00-04:00,168.83,168.83,168.5,168.5,550.0
2024-10-25T13:40:00-04:00,167.0,167.0,166.62,166.62,206.0
2024-10-25T13:45:00-04:00,166.32,166.86,166.32,166.86,330.0
2024-10-25T13:55:00-04:00,166.73,166.73,166.73,166.73,100.0
2024-10-25T14:05:00-04:00,166.12,166.12,166.12,166.12,100.0
2024-10-25T14:15:00-04:00,166.53,166.53,166.38,166.38,230.0
2024-10-25T14:20:00-04:00,166.7,166.7,166.7,166.7,121.0
2024-10-25T14:35:00-04:00,167.02,167.42,167.02,167.41,429.0
2024-10-25T14:45:00-04:00,167.64,167.64,167.64,167.64,100.0
2024-10-25T14:55:00-04:00,167.47,167.47,167.47,167.47,115.0
2024-10-25T15:10:00-04:00,167.1,167.1,166.68,166.68,200.0
2024-10-25T15:25:00-04:00,166.62,166.62,166.62,166.62,132.0
2024-10-25T15:30:00-04:00,166.86,166.86,166.84,166.84,229.0
2024-10-25T15:40:00-04:00,166.76,166.76,166.76,166.76,124.0
2024-10-25T15:45:00-04:00,166.92,166.92,166.865,166.88,421.0
2024-10-25T15:50:00-04:00,166.86,166.86,166.56,166.56,1000.0
2024-10-25T15:55:00-04:00,166.44,166.66,166.17,166.66,1901.0
2024-10-25T16:45:00-04:00,166.2,166.2,166.2,166.2,200.0
2024-10-28T09:30:00-04:00,169.1,169.1,169.1,169.1,300.0
2024-10-28T09:35:00-04:00,169.12,169.12,168.89,168.89,229.0
2024-10-28T09:40:00-04:00,168.96,168.96,168.96,168.96,100.0
2024-10-28T09:45:00-04:00,168.89,168.89,168.8,168.8,400.0
2024-10-28T10:05:00-04:00,168.68,168.68,168.68,168.68,100.0
2024-10-28T10:15:00-04:00,168.805,168.805,168.805,168.805,100.0
2024-10-28T10:20:00-04:00,168.99,168.99,168.99,168.99,107.0
2024-10-28T10:25:00-04:00,169.17,169.4,169.17,169.4,410.0
2024-10-28T10:35:00-04:00,168.96,168.96,168.96,168.96,100.0
2024-10-28T11:00:00-04:00,168.99,168.99,168.5,168.5,230.0
2024-10-28T11:05:00-04:00,168.7,168.7,168.7,168.7,100.0
2024-10-28T11:15:00-04:00,169.01,169.01,169.01,169.01,200.0
2024-10-28T11:20:00-04:00,168.71,168.71,168.71,168.71,100.0
2024-10-28T11:30:00-04:00,168.41,168.41,168.41,168.41,100.0
2024-10-28T11:40:00-04:00,168.09,168.09,168.09,168.09,100.0
2024-10-28T11:50:00-04:00,168.31,168.31,168.31,168.31,100.0
2024-10-28T11:55:00-04:00,168.11,168.11,168.11,168.11,100.0
2024-10-28T12:10:00-04:00,168.38,168.38,168.38,168.38,100.0
2024-10-28T12:40:00-04:00,168.39,168.67,168.39,168.67,273.0
2024-10-28T12:45:00-04:00,168.65,168.65,168.65,168.65,100.0
2024-10-28T12:50:00-04:00,168.32,168.32,168.32,168.32,100.0
2024-10-28T13:05:00-04:00,168.5,168.5,168.5,168.5,100.0
2024-10-28T13:15:00-04:00,168.09,168.09,168.09,168.09,100.0
2024-10-28T13:20:00-04:00,168.52,168.52,168.52,168.52,100.0
2024-10-28T13:25:00-04:00,168.52,168.52,168.52,168.52,150.0
2024-10-28T13:35:00-04:00,168.75,168.75,168.75,168.75,170.0
2024-10-28T14:00:00-04:00,168.56,168.56,168.56,168.56,110.0
2024-10-28T14:30:00-04:00,168.51,168.51,168.51,168.51,150.0
2024-10-28T14:35:00-04:00,168.35,168.35,168.35,168.35,102.0
2024-10-28T15:00:00-04:00,168.4,168.56,168.4,168.56,200.0
2024-10-28T15:10:00-04:00,168.32,168.32,168.32,168.32,130.0
2024-10-28T15:30:00-04:00,168.59,168.59,168.59,168.59,300.0
2024-10-28T15:40:00-04:00,168.69,168.69,168.69,168.69,100.0
2024-10-28T15:45:00-04:00,168.56,168.56,168.56,168.56,100.0
2024-10-28T15:50:00-04:00,168.29,168.29,168.29,168.29,200.0
2024-10-28T15:55:00-04:00,167.87,167.91,167.86,167.89,1968.0
2024-10-29T09:30:00-04:00,166.87,166.87,166.61,166.61,600.0
2024-10-29T09:35:00-04:00,166.1,166.38,166.1,166.1,549.0
2024-10-29T09:40:00-04:00,166.55,166.745,166.55,166.745,473.0
2024-10-29T09:45:00-04:00,166.52,166.52,166.45,166.45,394.0
2024-10-29T10:15:00-04:00,167.62,167.62,167.62,167.62,100.0
2024-10-29T10:20:00-04:00,168.53,168.53,168.53,168.53,150.0
2024-10-29T10:25:00-04:00,168.79,168.79,168.265,168.265,516.0
2024-10-29T10:30:00-04:00,168.05,168.05,168.05,168.05,100.0
2024-10-29T10:35:00-04:00,168.41,168.41,168.41,168.41,150.0
2024-10-29T10:40:00-04:00,168.44,168.44,168.23,168.23,200.0
2024-10-29T10:45:00-04:00,168.26,168.26,168.26,168.26,100.0
2024-10-29T11:05:00-04:00,167.93,167.93,167.93,167.93,100.0
2024-10-29T11:10:00-04:00,168.13,168.13,168.13,168.13,100.0
2024-10-29T12:25:00-04:00,168.52,168.52,168.52,168.52,100.0
2024-10-29T13:00:00-04:00,169.1,169.1,169.1,169.1,150.0
2024-10-29T13:05:00-04:00,169.34,169.34,169.34,169.34,100.0
2024-10-29T13:15:00-04:00,169.55,169.55,169.55,169.55,100.0
2024-10-29T13:25:00-04:00,169.09,169.09,168.99,168.99,366.0
2024-10-29T13:30:00-04:00,169.05,169.05,168.88,169.04,1229.0
2024-10-29T13:40:00-04:00,168.79,168.79,168.75,168.75,200.0
2024-10-29T14:20:00-04:00,169.245,169.245,169.245,169.245,200.0
2024-10-29T14:25:00-04:00,169.32,169.32,169.32,169.32,100.0
2024-10-29T14:35:00-04:00,169.55,169.55,169.55,169.55,100.0
2024-10-29T15:05:00-04:00,169.36,169.43,169.36,169.43,229.0
2024-10-29T15:10:00-04:00,169.44,169.46,169.44,169.46,268.0
2024-10-29T15:15:00-04:00,169.54,169.57,169.53,169.57,300.0
2024-10-29T15:25:00-04:00,169.64,169.64,169.64,169.64,279.0
2024-10-29T15:30:00-04:00,169.73,169.73,169.73,169.73,100.0
2024-10-29T15:35:00-04:00,169.46,169.46,169.46,169.46,100.0
2024-10-29T15:40:00-04:00,169.49,169.49,169.49,169.49,100.0
2024-10-29T15:50:00-04:00,169.31,169.31,168.85,168.85,1710.0
2024-10-29T15:55:00-04:00,168.83,168.83,168.52,168.59,1015.0
2024-10-30T09:30:00-04:00,168.37,168.61,168.03,168.4,2600.0
2024-10-30T09:35:00-04:00,168.07,168.12,167.99,167.99,300.0
2024-10-30T09:40:00-04:00,167.54,167.54,166.7,166.7,546.0
2024-10-30T09:50:00-04:00,168.24,168.47,168.24,168.36,550.0
2024-10-30T09:55:00-04:00,168.6,168.87,168.54,168.83,1313.0
2024-10-30T10:00:00-04:00,168.82,168.94,168.795,168.9,1359.0
2024-10-30T10:05:00-04:00,169.18,169.225,169.18,169.225,400.0
2024-10-30T10:20:00-04:00,169.58,169.59,169.58,169.59,200.0
2024-10-30T10:50:00-04:00,169.32,169.32,169.32,169.32,100.0
2024-10-30T11:15:00-04:00,168.93,168.93,168.93,168.93,130.0
2024-10-30T11:20:00-04:00,168.9,169.08,168.9,169.08,229.0
2024-10-30T11:30:00-04:00,169.56,169.56,169.56,169.56,125.0
2024-10-30T11:50:00-04:00,170.04,170.04,170.04,170.04,100.0
2024-10-30T12:10:00-04:00,169.74,169.74,169.74,169.74,100.0
2024-10-30T12:20:00-04:00,169.43,169.43,169.43,169.43,232.0
2024-10-30T12:25:00-04:00,169.48,169.48,169.35,169.35,344.0
2024-10-30T13:25:00-04:00,168.61,168.71,168.6,168.71,435.0
2024-10-30T13:45:00-04:00,168.25,168.25,168.25,168.25,225.0
2024-10-30T13:50:00-04:00,168.04,168.04,168.04,168.04,821.0
2024-10-30T14:00:00-04:00,168.16,168.16,168.16,168.16,100.0
2024-10-30T14:05:00-04:00,168.64,168.69,168.6,168.69,475.0
2024-10-30T14:15:00-04:00,168.32,168.32,168.32,168.32,100.0
2024-10-30T14:20:00-04:00,168.66,168.66,168.66,168.66,250.0
2024-10-30T15:00:00-04:00,167.88,167.88,167.88,167.88,100.0
2024-10-30T15:05:00-04:00,167.56,167.63,167.38,167.63,503.0
2024-10-30T15:25:00-04:00,167.84,167.84,167.84,167.84,100.0
2024-10-30T15:30:00-04:00,167.81,167.87,167.79,167.85,500.0
2024-10-30T15:40:00-04:00,167.67,167.67,167.67,167.67,100.0
2024-10-30T15:45:00-04:00,167.46,167.46,167.46,167.46,100.0
2024-10-30T15:50:00-04:00,167.45,167.615,167.33,167.33,1450.0
2024-10-30T15:55:00-04:00,167.42,167.42,166.76,167.15,4755.0
2024-10-31T09:30:00-04:00,163.33,163.33,162.41,162.41,991.0
2024-10-31T09:35:00-04:00,162.88,162.91,162.88,162.91,300.0
2024-10-31T09:40:00-04:00,162.91,162.91,162.91,162.91,100.0
2024-10-31T09:45:00-04:00,162.15,162.15,161.45,161.45,850.0
2024-10-31T09:50:00-04:00,161.45,161.45,161.3,161.3,450.0
2024-10-31T09:55:00-04:00,161.52,162.19,161.47,161.53,1835.0
2024-10-31T10:05:00-04:00,161.17,161.4,161.17,161.34,370.0
2024-10-31T10:10:00-04:00,161.11,161.11,160.55,160.77,650.0
2024-10-31T10:15:00-04:00,161.54,161.54,161.41,161.41,300.0
2024-10-31T10:20:00-04:00,161.25,161.25,161.1,161.1,512.0
2024-10-31T10:25:00-04:00,160.59,160.59,160.16,160.16,800.0
2024-10-31T10:30:00-04:00,160.51,160.51,160.51,160.51,100.0
2024-10-31T10:35:00-04:00,160.37,160.37,160.37,160.37,180.0
2024-10-31T10:40:00-04:00,160.355,160.37,160.0,160.0,344.0
2024-10-31T10:45:00-04:00,160.265,160.265,159.67,159.67,350.0
2024-10-31T10:50:00-04:00,159.42,159.42,159.42,159.42,110.0
2024-10-31T10:55:00-04:00,159.51,159.51,159.5,159.5,220.0
2024-10-31T11:00:00-04:00,159.35,159.35,158.85,158.91,411.0
2024-10-31T11:05:00-04:00,159.49,159.49,159.48,159.48,211.0
2024-10-31T11:10:00-04:00,159.21,159.21,159.21,159.21,110.0
2024-10-31T11:15:00-04:00,159.03,159.46,159.03,159.46,442.0
2024-10-31T11:25:00-04:00,159.67,159.67,159.67,159.67,100.0
2024-10-31T11:35:00-04:00,159.25,159.25,159.25,159.25,100.0
2024-10-31T11:45:00-04:00,159.32,159.32,158.97,158.98,600.0
2024-10-31T11:50:00-04:00,158.79,158.79,158.79,158.79,100.0
2024-10-31T11:55:00-04:00,158.87,159.25,158.87,159.25,360.0
2024-10-31T12:00:00-04:00,159.29,159.29,159.22,159.22,200.0
2024-10-31T12:05:00-04:00,159.57,159.57,159.57,159.57,100.0
2024-10-31T12:15:00-04:00,159.77,159.81,159.77,159.81,200.0
2024-10-31T12:20:00-04:00,160.04,160.08,159.91,159.91,900.0
2024-10-31T12:25:00-04:00,159.7,159.7,159.68,159.68,200.0
2024-10-31T12:30:00-04:00,159.82,159.82,159.82,159.82,100.0
2024-10-31T12:35:00-04:00,159.73,159.73,159.73,159.73,100.0
2024-10-31T13:20:00-04:00,160.03,160.03,160.03,160.03,100.0
2024-10-31T13:25:00-04:00,159.95,159.95,159.95,159.95,100.0
2024-10-31T13:30:00-04:00,159.54,159.54,159.36,159.36,250.0
2024-10-31T13:40:00-04:00,159.24,159.24,159.24,159.24,100.0
2024-10-31T13:45:00-04:00,159.05,159.05,159.05,159.05,100.0
2024-10-31T13:50:00-04:00,159.07,159.07,159.07,159.07,100.0
2024-10-31T14:00:00-04:00,158.61,158.61,158.52,158.52,250.0
2024-10-31T14:05:00-04:00,158.71,158.76,158.71,158.76,200.0
2024-10-31T14:10:00-04:00,158.71,158.71,158.71,158.71,100.0
2024-10-31T14:20:00-04:00,158.7,158.7,158.69,158.69,200.0
2024-10-31T14:30:00-04:00,158.65,158.65,158.33,158.43,701.0
2024-10-31T14:35:00-04:00,158.73,158.73,158.73,158.73,500.0
2024-10-31T14:40:00-04:00,158.78,158.79,158.78,158.79,200.0
2024-10-31T14:50:00-04:00,158.77,158.77,158.73,158.73,330.0
2024-10-31T14:55:00-04:00,158.88,159.14,158.88,159.13,300.0
2024-10-31T15:10:00-04:00,159.58,159.58,159.58,159.58,100.0
2024-10-31T15:15:00-04:00,159.39,159.5,159.39,159.5,227.0
2024-10-31T15:35:00-04:00,158.96,159.23,158.92,159.23,774.0
2024-10-31T15:40:00-04:00,159.2,159.43,159.2,159.42,544.0
2024-10-31T15:45:00-04:00,159.7,160.09,159.7,160.09,603.0
2024-10-31T15:50:00-04:00,160.22,160.22,158.425,158.425,6398.0
2024-10-31T15:55:00-04:00,158.59,158.85,157.35,157.35,7385.0
2024-11-01T09:30:00-04:00,159.3,159.93,159.3,159.93,706.0
2024-11-01T09:35:00-04:00,160.17,160.6,159.94,160.6,882.0
2024-11-01T09:40:00-04:00,160.66,160.66,160.6,160.6,250.0
2024-11-01T09:45:00-04:00,160.65,160.65,160.65,160.65,100.0
2024-11-01T09:50:00-04:00,160.85,161.15,160.84,161.15,560.0
2024-11-01T09:55:00-04:00,161.06,161.06,161.06,161.06,100.0
2024-11-01T10:00:00-04:00,160.93,160.93,160.69,160.73,400.0
2024-11-01T10:05:00-04:00,161.29,161.41,161.29,161.41,200.0
2024-11-01T10:10:00-04:00,161.56,162.0,161.56,162.0,374.0
2024-11-01T10:15:00-04:00,161.96,162.29,161.96,162.28,700.0
2024-11-01T10:20:00-04:00,162.23,162.33,162.16,162.16,310.0
2024-11-01T10:30:00-04:00,162.965,162.965,162.48,162.48,500.0
2024-11-01T10:35:00-04:00,162.58,162.58,162.53,162.53,200.0
2024-11-01T10:40:00-04:00,161.63,161.63,161.36,161.36,336.0
2024-11-01T10:45:00-04:00,161.0,161.31,161.0,161.31,450.0
2024-11-01T10:50:00-04:00,161.34,161.34,161.34,161.34,130.0
2024-11-01T10:55:00-04:00,161.64,161.64,161.64,161.64,100.0
2024-11-01T11:05:00-04:00,161.97,161.97,161.97,161.97,100.0
2024-11-01T11:10:00-04:00,162.45,162.45,162.45,162.45,100.0
2024-11-01T11:15:00-04:00,162.56,162.56,162.56,162.56,365.0
2024-11-01T11:50:00-04:00,161.3,161.375,161.3,161.375,436.0
2024-11-01T12:00:00-04:00,161.67,161.67,161.65,161.65,232.0
2024-11-01T12:10:00-04:00,161.62,161.62,161.62,161.62,100.0
2024-11-01T12:15:00-04:00,161.58,161.58,161.58,161.58,100.0
2024-11-01T12:40:00-04:00,161.32,161.32,160.85,160.85,300.0
2024-11-01T12:45:00-04:00,161.02,161.02,161.02,161.02,131.0
2024-11-01T13:10:00-04:00,160.83,160.83,160.83,160.83,100.0
2024-11-01T13:40:00-04:00,159.86,159.86,159.86,159.86,102.0
2024-11-01T13:45:00-04:00,159.69,159.69,159.69,159.69,140.0
2024-11-01T13:50:00-04:00,160.05,160.05,160.05,160.05,100.0
2024-11-01T13:55:00-04:00,160.07,160.07,159.94,159.95,1050.0
2024-11-01T14:00:00-04:00,159.71,159.71,159.71,159.71,100.0
2024-11-01T14:10:00-04:00,159.45,159.45,159.45,159.45,100.0
2024-11-01T14:35:00-04:00,159.96,159.96,159.96,159.96,100.0
2024-11-01T14:40:00-04:00,160.05,160.13,160.05,160.13,400.0
2024-11-01T14:45:00-04:00,160.17,160.17,160.17,160.17,100.0
2024-11-01T14:55:00-04:00,160.05,160.05,160.05,160.05,100.0
2024-11-01T15:00:00-04:00,160.17,160.18,160.17,160.18,600.0
2024-11-01T15:05:00-04:00,160.35,160.35,160.35,160.35,100.0
2024-11-01T15:10:00-04:00,160.51,160.51,160.51,160.51,100.0
2024-11-01T15:20:00-04:00,160.55,160.55,160.55,160.55,100.0
2024-11-01T15:25:00-04:00,160.27,160.27,160.27,160.27,200.0
2024-11-01T15:30:00-04:00,159.73,159.78,159.73,159.78,280.0
2024-11-01T15:40:00-04:00,159.83,159.83,159.83,159.83,194.0
2024-11-01T15:45:00-04:00,159.69,159.69,159.69,159.69,200.0
2024-11-01T15:50:00-04:00,159.16,159.37,158.86,159.37,2700.0
2024-11-01T15:55:00-04:00,159.53,159.53,159.11,159.245,1998.0
2024-11-04T09:30:00-05:00,158.73,158.73,158.73,158.73,110.0
2024-11-04T09:35:00-05:00,157.71,158.04,157.71,158.04,800.0
2024-11-04T09:40:00-05:00,158.3,158.98,158.22,158.98,450.0
2024-11-04T09:45:00-05:00,159.34,159.5,159.34,159.43,897.0
2024-11-04T09:50:00-05:00,159.03,159.03,158.9,158.9,250.0
2024-11-04T09:55:00-05:00,159.49,159.49,159.49,159.49,100.0
2024-11-04T10:00:00-05:00,159.69,159.69,159.69,159.69,100.0
2024-11-04T10:20:00-05:00,159.67,159.67,159.67,159.67,280.0
2024-11-04T10:55:00-05:00,160.0,160.0,160.0,160.0,100.0
2024-11-04T11:00:00-05:00,159.68,159.68,159.66,159.66,200.0
2024-11-04T11:05:00-05:00,159.8,159.8,159.8,159.8,100.0
2024-11-04T11:10:00-05:00,160.03,160.03,160.01,160.01,200.0
2024-11-04T11:15:00-05:00,159.89,159.89,159.89,159.89,100.0
2024-11-04T11:20:00-05:00,159.55,159.55,159.275,159.29,400.0
2024-11-04T11:25:00-05:00,159.205,159.23,159.205,159.23,200.0
2024-11-04T11:30:00-05:00,158.97,158.97,158.97,158.97,380.0
2024-11-04T11:35:00-05:00,158.63,158.63,158.63,158.63,100.0
2024-11-04T11:40:00-05:00,158.16,158.295,158.16,158.295,300.0
2024-11-04T11:45:00-05:00,157.49,157.49,157.49,157.49,100.0
2024-11-04T11:50:00-05:00,157.43,157.43,157.43,157.43,100.0
2024-11-04T11:55:00-05:00,157.11,157.11,156.91,156.91,400.0
2024-11-04T12:00:00-05:00,157.31,157.31,157.31,157.31,101.0
2024-11-04T12:05:00-05:00,156.93,156.93,156.81,156.81,340.0
2024-11-04T12:30:00-05:00,158.47,158.51,158.21,158.31,594.0
2024-11-04T12:35:00-05:00,158.55,158.55,158.39,158.39,410.0
2024-11-04T12:40:00-05:00,158.32,158.32,158.32,158.32,100.0
2024-11-04T13:05:00-05:00,157.71,157.71,157.71,157.71,100.0
2024-11-04T13:10:00-05:00,158.81,158.81,158.81,158.81,100.0
2024-11-04T13:20:00-05:00,159.06,159.06,158.99,158.99,300.0
2024-11-04T13:25:00-05:00,158.78,158.78,158.78,158.78,100.0
2024-11-04T13:30:00-05:00,158.66,158.66,158.66,158.66,100.0
2024-11-04T13:40:00-05:00,158.96,159.11,158.96,159.11,200.0
2024-11-04T14:00:00-05:00,158.91,158.91,158.91,158.91,100.0
2024-11-04T14:05:00-05:00,159.1,159.1,159.1,159.1,100.0
2024-11-04T14:20:00-05:00,158.97,158.97,158.97,158.97,100.0
2024-11-04T14:30:00-05:00,158.92,158.92,158.92,158.92,100.0
2024-11-04T14:55:00-05:00,158.75,158.75,158.75,158.75,187.0
2024-11-04T15:00:00-05:00,158.62,158.62,158.62,158.62,177.0
2024-11-04T15:15:00-05:00,158.29,158.29,158.27,158.27,201.0
2024-11-04T15:30:00-05:00,158.15,158.15,158.14,158.14,1500.0
2024-11-04T15:35:00-05:00,157.78,157.78,157.78,157.78,201.0
2024-11-04T15:40:00-05:00,158.13,158.3,158.125,158.3,700.0
2024-11-04T15:50:00-05:00,157.87,158.01,157.78,158.01,707.0
2024-11-04T15:55:00-05:00,157.77,157.96,157.74,157.95,2048.0
2024-11-05T09:30:00-05:00,159.18,159.18,159.18,159.18,200.0
2024-11-05T09:35:00-05:00,159.96,159.96,159.96,159.96,100.0
2024-11-05T09:40:00-05:00,160.11,160.11,159.94,160.02,300.0
2024-11-05T09:45:00-05:00,160.12,160.6,160.03,160.6,300.0
2024-11-05T09:50:00-05:00,160.92,160.92,160.92,160.92,101.0
2024-11-05T09:55:00-05:00,161.25,161.515,161.25,161.515,231.0
2024-11-05T10:00:00-05:00,161.72,161.9,161.56,161.81,900.0
2024-11-05T10:25:00-05:00,162.05,162.05,161.41,161.41,200.0
2024-11-05T10:30:00-05:00,161.58,161.625,161.58,161.625,231.0
2024-11-05T10:50:00-05:00,162.15,162.15,162.12,162.12,200.0
2024-11-05T10:55:00-05:00,161.58,161.58,161.58,161.58,130.0
2024-11-05T11:00:00-05:00,161.23,161.23,161.23,161.23,200.0
2024-11-05T11:05:00-05:00,161.85,162.35,161.85,162.35,450.0
2024-11-05T11:15:00-05:00,162.08,162.09,162.07,162.09,350.0
2024-11-05T11:20:00-05:00,162.31,162.31,162.31,162.31,150.0
2024-11-05T11:30:00-05:00,162.39,162.57,162.33,162.57,517.0
2024-11-05T11:50:00-05:00,162.54,162.54,162.54,162.54,100.0
2024-11-05T12:00:00-05:00,162.66,162.66,162.66,162.66,100.0
2024-11-05T12:10:00-05:00,162.97,162.97,162.97,162.97,114.0
2024-11-05T12:15:00-05:00,163.22,163.32,163.22,163.32,275.0
2024-11-05T12:20:00-05:00,163.37,163.37,163.37,163.37,100.0
2024-11-05T12:35:00-05:00,163.21,163.21,163.21,163.21,150.0
2024-11-05T13:00:00-05:00,163.48,163.48,163.48,163.48,100.0
2024-11-05T13:10:00-05:00,162.91,162.91,162.91,162.91,127.0
2024-11-05T13:20:00-05:00,163.05,163.05,163.05,163.05,600.0
2024-11-05T13:30:00-05:00,162.66,162.66,162.66,162.66,146.0
2024-11-05T13:35:00-05:00,162.38,162.38,162.38,162.38,100.0
2024-11-05T13:50:00-05:00,162.69,162.69,162.69,162.69,133.0
2024-11-05T14:00:00-05:00,162.77,162.77,162.75,162.75,250.0
2024-11-05T14:45:00-05:00,162.92,162.92,162.92,162.92,100.0
2024-11-05T15:15:00-05:00,162.85,162.85,162.85,162.85,100.0
2024-11-05T15:30:00-05:00,163.02,163.23,163.02,163.23,300.0
2024-11-05T15:35:00-05:00,163.31,163.35,163.185,163.185,300.0
2024-11-05T15:45:00-05:00,162.93,163.06,162.93,163.06,300.0
2024-11-05T15:50:00-05:00,163.03,163.305,162.905,163.18,5478.0
2024-11-05T15:55:00-05:00,163.305,163.75,163.14,163.67,5487.0
2024-11-05T16:00:00-05:00,163.88,163.88,163.84,163.84,300.0
2024-11-06T09:30:00-05:00,174.56,174.65,173.46,174.37,1216.0
2024-11-06T09:35:00-05:00,173.85,174.12,173.85,173.97,729.0
2024-11-06T09:40:00-05:00,174.05,174.05,174.05,174.05,100.0
2024-11-06T09:45:00-05:00,173.37,173.46,172.66,172.66,1583.0
2024-11-06T09:50:00-05:00,171.69,171.99,171.69,171.74,1084.0
2024-11-06T09:55:00-05:00,171.66,171.66,171.3,171.33,557.0
2024-11-06T10:00:00-05:00,172.32,172.61,172.32,172.61,719.0
2024-11-06T10:05:00-05:00,172.31,172.58,172.28,172.58,740.0
2024-11-06T10:10:00-05:00,173.05,173.05,172.82,172.83,350.0
2024-11-06T10:15:00-05:00,172.89,173.49,172.83,173.38,957.0
2024-11-06T10:20:00-05:00,173.47,173.78,173.47,173.78,1100.0
2024-11-06T10:25:00-05:00,173.77,174.28,173.77,174.28,800.0
2024-11-06T10:30:00-05:00,173.92,174.16,173.75,173.845,480.0
2024-11-06T10:35:00-05:00,173.61,173.61,173.61,173.61,100.0
2024-11-06T10:40:00-05:00,173.44,173.46,173.44,173.46,600.0
2024-11-06T10:55:00-05:00,172.52,172.52,172.52,172.52,100.0
2024-11-06T11:00:00-05:00,172.51,172.51,172.51,172.51,140.0
2024-11-06T11:05:00-05:00,172.42,172.83,172.42,172.83,316.0
2024-11-06T11:15:00-05:00,173.4,173.4,173.05,173.05,400.0
2024-11-06T11:20:00-05:00,172.99,172.99,172.99,172.99,100.0
2024-11-06T11:25:00-05:00,173.33,173.33,173.33,173.33,123.0
2024-11-06T11:30:00-05:00,173.74,173.74,173.74,173.74,100.0
2024-11-06T11:45:00-05:00,173.91,173.91,173.91,173.91,100.0
2024-11-06T11:50:00-05:00,174.02,174.02,174.02,174.02,100.0
2024-11-06T12:00:00-05:00,173.85,173.85,173.85,173.85,205.0
2024-11-06T12:05:00-05:00,174.02,174.02,174.0,174.0,200.0
2024-11-06T12:10:00-05:00,174.22,174.34,174.22,174.34,300.0
2024-11-06T12:15:00-05:00,174.27,174.27,174.27,174.27,100.0
2024-11-06T12:20:00-05:00,173.9,173.94,173.9,173.94,328.0
2024-11-06T12:25:00-05:00,174.03,174.08,174.03,174.08,200.0
2024-11-06T12:35:00-05:00,174.05,174.21,174.05,174.21,200.0
2024-11-06T12:45:00-05:00,174.45,174.51,174.45,174.51,329.0
2024-11-06T12:50:00-05:00,174.32,174.32,174.32,174.32,113.0
2024-11-06T13:05:00-05:00,174.76,174.76,174.65,174.65,200.0
2024-11-06T13:15:00-05:00,175.05,175.05,175.05,175.05,100.0
2024-11-06T13:20:00-05:00,174.8,174.96,174.8,174.96,200.0
2024-11-06T13:25:00-05:00,175.19,175.19,175.19,175.19,100.0
2024-11-06T13:30:00-05:00,175.4,175.44,175.39,175.44,800.0
2024-11-06T13:40:00-05:00,175.34,175.54,175.34,175.54,502.0
2024-11-06T13:45:00-05:00,175.44,175.68,175.44,175.68,300.0
2024-11-06T13:50:00-05:00,175.67,175.67,175.67,175.67,100.0
2024-11-06T13:55:00-05:00,175.44,175.44,175.29,175.29,232.0
2024-11-06T14:00:00-05:00,175.58,175.63,175.45,175.45,400.0
2024-11-06T14:05:00-05:00,175.3,175.3,175.3,175.3,100.0
2024-11-06T14:10:00-05:00,175.24,175.39,175.15,175.39,300.0
2024-11-06T14:15:00-05:00,175.49,175.49,175.4,175.4,200.0
2024-11-06T14:30:00-05:00,175.6,175.85,175.6,175.85,336.0
2024-11-06T14:35:00-05:00,175.6,175.64,175.54,175.64,300.0
2024-11-06T14:40:00-05:00,175.46,175.46,175.46,175.46,100.0
2024-11-06T14:50:00-05:00,175.48,175.48,175.27,175.32,300.0
2024-11-06T14:55:00-05:00,175.55,175.55,175.55,175.55,100.0
2024-11-06T15:10:00-05:00,176.04,176.04,176.04,176.04,105.0
2024-11-06T15:20:00-05:00,175.98,175.98,175.98,175.98,100.0
2024-11-06T15:25:00-05:00,176.01,176.01,176.01,176.01,147.0
2024-11-06T15:40:00-05:00,175.98,176.25,175.905,176.235,547.0
2024-11-06T15:45:00-05:00,176.4,176.58,176.4,176.58,247.0
2024-11-06T15:50:00-05:00,176.16,176.18,175.97,176.06,1259.0
2024-11-06T15:55:00-05:00,176.09,176.25,175.8,176.0,4554.0
2024-11-26T09:30:00-05:00,181.63,181.63,181.63,181.63,100.0
2024-11-26T09:45:00-05:00,181.86,181.9,181.86,181.9,201.0
2024-11-26T09:50:00-05:00,181.7,181.72,181.7,181.72,967.0
2024-11-26T09:55:00-05:00,181.85,181.85,181.85,181.85,100.0
2024-11-26T10:00:00-05:00,181.85,181.85,181.85,181.85,200.0
2024-11-26T10:05:00-05:00,181.52,181.52,181.5,181.5,250.0
2024-11-26T10:20:00-05:00,181.29,181.29,181.29,181.29,100.0
2024-11-26T10:25:00-05:00,181.11,181.11,181.11,181.11,100.0
2024-11-26T11:40:00-05:00,182.51,182.51,182.51,182.51,100.0
2024-11-26T12:05:00-05:00,182.28,182.28,182.28,182.28,151.0
2024-11-26T13:55:00-05:00,182.77,182.77,182.77,182.77,100.0
2024-11-26T14:05:00-05:00,182.92,182.92,182.92,182.92,100.0
2024-11-26T14:10:00-05:00,182.79,182.79,182.79,182.79,100.0
2024-11-26T14:15:00-05:00,182.43,182.43,182.43,182.43,100.0
2024-11-26T14:20:00-05:00,182.33,182.33,182.33,182.33,200.0
2024-11-26T14:50:00-05:00,182.72,182.72,182.72,182.72,120.0
2024-11-26T15:00:00-05:00,182.84,182.84,182.84,182.84,101.0
2024-11-26T15:40:00-05:00,183.27,183.36,183.23,183.35,753.0
2024-11-26T15:45:00-05:00,183.67,183.67,183.67,183.67,200.0
2024-11-26T15:50:00-05:00,183.82,183.82,183.58,183.64,981.0
2024-11-26T15:55:00-05:00,183.68,183.68,183.45,183.45,238.0
2024-11-27T09:30:00-05:00,183.43,183.43,183.43,183.43,600.0
2024-11-27T09:35:00-05:00,182.81,182.81,182.77,182.77,200.0
2024-11-27T10:05:00-05:00,182.81,182.81,182.75,182.75,250.0
2024-11-27T10:10:00-05:00,182.68,182.69,182.68,182.69,300.0
2024-11-27T10:15:00-05:00,182.37,182.37,182.37,182.37,100.0
2024-11-27T10:20:00-05:00,182.45,182.45,182.45,182.45,200.0
2024-11-27T10:25:00-05:00,182.23,182.23,182.16,182.16,200.0
2024-11-27T10:40:00-05:00,182.17,182.17,182.17,182.17,100.0
2024-11-27T10:55:00-05:00,181.63,181.63,181.63,181.63,100.0
2024-11-27T11:00:00-05:00,181.21,181.21,181.21,181.21,153.0
2024-11-27T11:05:00-05:00,181.52,181.52,181.52,181.52,100.0
2024-11-27T11:15:00-05:00,181.31,181.31,181.31,181.31,100.0
2024-11-27T11:20:00-05:00,181.2,181.21,181.2,181.21,300.0
2024-11-27T11:25:00-05:00,181.23,181.23,181.06,181.23,400.0
2024-11-27T11:30:00-05:00,181.06,181.35,181.06,181.35,500.0
2024-11-27T11:35:00-05:00,181.39,181.53,181.39,181.53,277.0
2024-11-27T11:40:00-05:00,181.22,181.22,181.22,181.22,200.0
2024-11-27T11:45:00-05:00,180.97,180.97,180.87,180.87,200.0
2024-11-27T11:50:00-05:00,180.99,181.01,180.99,181.01,250.0
2024-11-27T12:05:00-05:00,180.22,180.3,180.22,180.3,400.0
2024-11-27T12:10:00-05:00,180.49,180.49,180.49,180.49,200.0
2024-11-27T12:20:00-05:00,180.88,180.88,180.88,180.88,100.0
2024-11-27T12:35:00-05:00,180.75,180.75,180.75,180.75,100.0
2024-11-27T13:05:00-05:00,181.08,181.08,181.08,181.08,100.0
2024-11-27T13:10:00-05:00,181.17,181.17,181.17,181.17,150.0
2024-11-27T13:30:00-05:00,181.41,181.41,181.41,181.41,100.0
2024-11-27T13:45:00-05:00,181.42,181.46,181.42,181.46,200.0
2024-11-27T13:55:00-05:00,181.72,181.72,181.72,181.72,100.0
2024-11-27T14:20:00-05:00,181.55,181.55,181.55,181.55,100.0
2024-11-27T14:35:00-05:00,181.13,181.13,181.13,181.13,100.0
2024-11-27T14:40:00-05:00,181.43,181.43,181.43,181.43,100.0
2024-11-27T14:50:00-05:00,181.64,181.64,181.64,181.64,100.0
2024-11-27T15:00:00-05:00,181.33,181.33,181.33,181.33,100.0
2024-11-27T15:05:00-05:00,181.57,181.57,181.56,181.56,352.0
2024-11-27T15:45:00-05:00,181.34,181.54,181.34,181.54,241.0
2024-11-27T15:50:00-05:00,181.56,181.56,181.34,181.34,436.0
2024-11-27T15:55:00-05:00,181.35,181.39,181.25,181.39,627.0
2024-11-27T16:00:00-05:00,181.53,181.53,181.53,181.53,100.0
2024-11-27T16:05:00-05:00,181.42,181.42,181.42,181.42,100.0
2024-11-29T09:30:00-05:00,182.0,182.0,181.9,181.96,300.0
2024-11-29T09:35:00-05:00,182.41,182.41,182.41,182.41,100.0
2024-11-29T09:55:00-05:00,182.9,182.91,182.9,182.91,250.0
2024-11-29T10:10:00-05:00,183.86,183.86,183.86,183.86,100.0
2024-11-29T10:40:00-05:00,184.03,184.11,184.03,184.1,411.0
2024-11-29T11:00:00-05:00,184.21,184.21,184.21,184.21,229.0
2024-11-29T11:25:00-05:00,184.49,184.49,184.49,184.49,100.0
2024-11-29T11:45:00-05:00,184.63,184.63,184.63,184.63,100.0
2024-11-29T11:50:00-05:00,184.89,184.89,184.89,184.89,100.0
2024-11-29T12:30:00-05:00,185.32,185.32,185.32,185.32,100.0
2024-11-29T12:40:00-05:00,185.21,185.21,185.21,185.21,100.0
2024-11-29T12:50:00-05:00,185.37,185.37,185.22,185.22,300.0
2024-11-29T12:55:00-05:00,184.65,184.73,184.64,184.64,305.0
2024-12-02T09:30:00-05:00,185.17,185.5,185.17,185.5,667.0
2024-12-02T09:35:00-05:00,185.43,185.43,185.2,185.2,300.0
2024-12-02T09:40:00-05:00,185.21,185.22,184.99,185.08,660.0
2024-12-02T09:45:00-05:00,185.25,185.25,185.25,185.25,300.0
2024-12-02T09:50:00-05:00,185.03,185.03,185.0,185.0,200.0
2024-12-02T10:00:00-05:00,185.06,185.06,185.06,185.06,100.0
2024-12-02T10:05:00-05:00,185.0,185.0,185.0,185.0,100.0
2024-12-02T10:10:00-05:00,185.14,185.14,185.14,185.14,100.0
2024-12-02T10:20:00-05:00,185.07,185.07,185.07,185.07,100.0
2024-12-02T10:30:00-05:00,185.49,185.49,185.49,185.49,100.0
2024-12-02T10:35:00-05:00,185.5,185.5,185.5,185.5,100.0
2024-12-02T10:40:00-05:00,185.59,185.59,185.59,185.59,100.0
2024-12-02T10:50:00-05:00,185.41,185.41,185.22,185.22,326.0
2024-12-02T10:55:00-05:00,184.73,184.73,184.71,184.71,350.0
2024-12-02T11:00:00-05:00,184.66,184.66,184.66,184.66,200.0
2024-12-02T11:20:00-05:00,185.13,185.13,185.13,185.13,100.0
2024-12-02T11:40:00-05:00,185.73,185.73,185.72,185.72,566.0
2024-12-02T11:45:00-05:00,185.8,185.8,185.8,185.8,100.0
2024-12-02T11:50:00-05:00,185.67,185.67,185.67,185.67,100.0
2024-12-02T12:05:00-05:00,185.96,185.96,185.96,185.96,100.0
2024-12-02T12:35:00-05:00,185.73,185.73,185.73,185.73,100.0
2024-12-02T13:25:00-05:00,185.83,185.83,185.83,185.83,100.0
2024-12-02T14:25:00-05:00,185.29,185.29,185.29,185.29,199.0
2024-12-02T14:30:00-05:00,185.58,185.63,185.58,185.63,200.0
2024-12-02T15:05:00-05:00,185.81,185.81,185.81,185.81,100.0
2024-12-02T15:15:00-05:00,186.01,186.01,186.01,186.01,226.0
2024-12-02T15:35:00-05:00,186.07,186.07,186.07,186.07,100.0
2024-12-02T15:40:00-05:00,185.93,185.93,185.81,185.81,501.0
2024-12-02T15:45:00-05:00,185.72,185.72,185.59,185.59,200.0
2024-12-02T15:50:00-05:00,185.59,185.95,185.59,185.88,1230.0
2024-12-02T15:55:00-05:00,185.68,185.76,185.54,185.71,1768.0
2024-12-03T09:30:00-05:00,185.68,185.68,185.42,185.54,410.0
2024-12-03T09:45:00-05:00,185.25,185.25,185.25,185.25,100.0
2024-12-03T10:20:00-05:00,185.03,185.03,184.91,184.91,302.0
2024-12-03T10:25:00-05:00,184.78,184.78,184.78,184.78,100.0
2024-12-03T10:35:00-05:00,184.94,184.94,184.94,184.94,100.0
2024-12-03T11:00:00-05:00,185.06,185.06,185.06,185.06,100.0
2024-12-03T11:30:00-05:00,185.49,185.49,185.49,185.49,100.0
2024-12-03T11:40:00-05:00,184.74,184.74,184.62,184.62,200.0
2024-12-03T12:15:00-05:00,185.0,185.0,185.0,185.0,147.0
2024-12-03T12:40:00-05:00,185.29,185.29,185.29,185.29,110.0
2024-12-03T12:45:00-05:00,185.34,185.45,185.34,185.45,369.0
2024-12-03T13:35:00-05:00,185.67,185.67,185.49,185.49,593.0
2024-12-03T13:45:00-05:00,185.36,185.45,185.36,185.45,213.0
2024-12-03T13:50:00-05:00,185.63,185.63,185.63,185.63,100.0
2024-12-03T14:05:00-05:00,185.31,185.31,185.31,185.31,100.0
2024-12-03T14:50:00-05:00,185.92,185.92,185.92,185.92,100.0
2024-12-03T15:05:00-05:00,185.96,185.96,185.96,185.96,100.0
2024-12-03T15:10:00-05:00,185.99,185.99,185.99,185.99,100.0
2024-12-03T15:20:00-05:00,185.93,185.95,185.93,185.95,300.0
2024-12-03T15:30:00-05:00,185.79,185.79,185.79,185.79,202.0
2024-12-03T15:40:00-05:00,185.74,185.74,185.74,185.74,100.0
2024-12-03T15:45:00-05:00,185.83,185.83,185.83,185.83,100.0
2024-12-03T15:55:00-05:00,185.98,186.05,185.76,185.82,1954.0
2024-12-04T09:30:00-05:00,187.45,187.62,187.4,187.59,1155.0
2024-12-04T09:35:00-05:00,187.61,187.64,187.42,187.42,881.0
2024-12-04T09:50:00-05:00,187.75,187.75,187.75,187.75,100.0
2024-12-04T09:55:00-05:00,187.59,187.59,187.59,187.59,283.0
2024-12-04T10:00:00-05:00,187.33,187.43,187.33,187.43,340.0
2024-12-04T10:15:00-05:00,187.05,187.05,187.05,187.05,100.0
2024-12-04T10:20:00-05:00,187.44,187.44,187.44,187.44,100.0
2024-12-04T10:30:00-05:00,187.69,187.69,187.69,187.69,100.0
2024-12-04T10:35:00-05:00,187.97,187.97,187.85,187.85,469.0
2024-12-04T10:45:00-05:00,187.565,187.565,187.565,187.565,100.0
2024-12-04T11:15:00-05:00,188.04,188.04,188.04,188.04,200.0
2024-12-04T11:20:00-05:00,188.15,188.15,188.15,188.15,200.0
2024-12-04T11:30:00-05:00,188.14,188.14,188.14,188.14,131.0
2024-12-04T11:40:00-05:00,187.94,187.94,187.94,187.94,100.0
2024-12-04T12:20:00-05:00,187.93,187.93,187.93,187.93,200.0
2024-12-04T12:25:00-05:00,188.2,188.2,188.2,188.2,100.0
2024-12-04T12:30:00-05:00,188.06,188.06,188.03,188.03,200.0
2024-12-04T12:40:00-05:00,187.87,187.87,187.87,187.87,150.0
2024-12-04T12:45:00-05:00,188.04,188.04,188.04,188.04,100.0
2024-12-04T12:50:00-05:00,188.15,188.15,188.15,188.15,127.0
2024-12-04T13:25:00-05:00,187.75,187.75,187.65,187.65,400.0
2024-12-04T13:30:00-05:00,187.08,187.08,187.08,187.08,100.0
2024-12-04T13:55:00-05:00,188.17,188.17,187.76,187.76,400.0
2024-12-04T14:00:00-05:00,187.86,187.86,187.86,187.86,400.0
2024-12-04T14:15:00-05:00,188.33,188.33,188.33,188.33,101.0
2024-12-04T14:20:00-05:00,188.44,188.44,188.35,188.35,350.0
2024-12-04T14:25:00-05:00,188.49,188.49,188.49,188.49,100.0
2024-12-04T14:30:00-05:00,188.42,188.64,188.42,188.64,200.0
2024-12-04T14:35:00-05:00,188.66,188.66,188.62,188.62,358.0
2024-12-04T14:40:00-05:00,188.56,188.56,188.44,188.44,319.0
2024-12-04T15:00:00-05:00,188.67,188.67,188.67,188.67,100.0
2024-12-04T15:05:00-05:00,188.76,188.76,188.76,188.76,100.0
2024-12-04T15:10:00-05:00,188.99,188.99,188.99,188.99,100.0
2024-12-04T15:25:00-05:00,189.02,189.02,189.02,189.02,203.0
2024-12-04T15:30:00-05:00,188.86,189.0,188.86,189.0,300.0
2024-12-04T15:35:00-05:00,189.2,189.27,189.2,189.27,200.0
2024-12-04T15:40:00-05:00,189.27,189.27,189.27,189.27,100.0
2024-12-04T15:45:00-05:00,189.26,189.33,189.12,189.33,584.0
2024-12-04T15:50:00-05:00,189.41,189.41,189.17,189.21,610.0
2024-12-04T15:55:00-05:00,189.09,189.26,189.09,189.17,455.0
2024-12-04T16:05:00-05:00,189.03,189.03,189.03,189.03,200.0
2024-12-05T09:30:00-05:00,189.29,189.32,189.29,189.29,500.0
2024-12-05T09:35:00-05:00,189.04,189.04,189.04,189.04,100.0
2024-12-05T09:40:00-05:00,189.01,189.01,189.01,189.01,100.0
2024-12-05T09:45:00-05:00,189.29,189.29,189.29,189.29,144.0
2024-12-05T10:00:00-05:00,189.5,189.5,189.5,189.5,119.0
2024-12-05T10:05:00-05:00,189.5,189.5,189.5,189.5,100.0
2024-12-05T10:10:00-05:00,189.34,189.34,189.34,189.34,100.0
2024-12-05T10:15:00-05:00,189.18,189.18,189.18,189.18,113.0
2024-12-05T10:45:00-05:00,188.68,188.68,188.68,188.68,100.0
2024-12-05T10:50:00-05:00,188.57,188.57,188.57,188.57,100.0
2024-12-05T11:05:00-05:00,188.505,188.505,188.505,188.505,200.0
2024-12-05T11:15:00-05:00,188.76,188.76,188.76,188.76,100.0
2024-12-05T11:20:00-05:00,188.89,188.89,188.89,188.89,100.0
2024-12-05T11:25:00-05:00,189.035,189.035,189.035,189.035,200.0
2024-12-05T11:45:00-05:00,189.02,189.02,189.02,189.02,100.0
2024-12-05T12:10:00-05:00,189.53,189.53,189.53,189.53,100.0
2024-12-05T12:40:00-05:00,189.64,189.64,189.64,189.64,100.0
2024-12-05T12:50:00-05:00,189.93,189.93,189.93,189.93,100.0
2024-12-05T12:55:00-05:00,189.81,189.81,189.81,189.81,100.0
2024-12-05T13:25:00-05:00,188.86,188.86,188.86,188.86,100.0
2024-12-05T13:30:00-05:00,188.82,188.82,188.82,188.82,100.0
2024-12-05T13:35:00-05:00,189.05,189.05,189.05,189.05,100.0
2024-12-05T13:55:00-05:00,188.76,188.76,188.76,188.76,100.0
2024-12-05T14:00:00-05:00,188.85,188.85,188.62,188.62,200.0
2024-12-05T14:15:00-05:00,188.94,188.94,188.94,188.94,100.0
2024-12-05T14:25:00-05:00,188.85,188.85,188.85,188.85,100.0
2024-12-05T14:55:00-05:00,188.78,188.78,188.78,188.78,100.0
2024-12-05T15:00:00-05:00,188.64,188.64,188.64,188.64,100.0
2024-12-05T15:05:00-05:00,188.9,188.9,188.9,188.9,242.0
2024-12-05T15:15:00-05:00,188.55,188.55,188.46,188.46,200.0
2024-12-05T15:20:00-05:00,188.69,188.69,188.69,188.69,100.0
2024-12-05T15:25:00-05:00,188.33,188.33,188.33,188.33,100.0
2024-12-05T15:30:00-05:00,188.31,188.31,188.29,188.29,300.0
2024-12-05T15:40:00-05:00,188.78,188.78,188.78,188.78,100.0
2024-12-05T15:50:00-05:00,188.31,188.31,188.26,188.26,200.0
2024-12-05T15:55:00-05:00,188.06,188.24,188.06,188.24,200.0
2024-12-05T16:00:00-05:00,187.96,187.96,187.96,187.96,300.0
2024-12-05T16:10:00-05:00,187.82,187.82,187.82,187.82,100.0
2024-12-06T09:30:00-05:00,189.28,189.55,189.28,189.55,250.0
2024-12-06T09:40:00-05:00,189.5,189.5,189.5,189.5,100.0
2024-12-06T09:55:00-05:00,189.93,190.11,189.93,190.11,377.0
2024-12-06T10:10:00-05:00,189.85,189.85,189.85,189.85,100.0
2024-12-06T10:15:00-05:00,190.18,190.18,190.18,190.18,200.0
2024-12-06T10:35:00-05:00,190.14,190.14,190.14,190.14,100.0
2024-12-06T10:50:00-05:00,189.82,189.82,189.82,189.82,100.0
2024-12-06T11:00:00-05:00,189.97,189.97,189.89,189.89,200.0
2024-12-06T11:05:00-05:00,189.92,189.92,189.92,189.92,150.0
2024-12-06T11:10:00-05:00,189.33,189.33,189.06,189.06,200.0
2024-12-06T11:15:00-05:00,189.28,189.28,189.18,189.18,200.0
2024-12-06T11:20:00-05:00,189.08,189.08,189.03,189.03,250.0
2024-12-06T11:25:00-05:00,189.32,189.32,189.32,189.32,100.0
2024-12-06T11:30:00-05:00,189.42,189.42,189.42,189.42,100.0
2024-12-06T11:45:00-05:00,189.41,189.41,189.25,189.25,200.0
2024-12-06T11:55:00-05:00,189.18,189.3,189.18,189.3,200.0
2024-12-06T12:00:00-05:00,189.16,189.16,188.73,188.73,1029.0
2024-12-06T12:05:00-05:00,188.84,188.84,188.84,188.84,200.0
2024-12-06T12:10:00-05:00,188.95,188.95,188.95,188.95,100.0
2024-12-06T12:40:00-05:00,188.63,188.63,188.58,188.58,519.0
2024-12-06T12:45:00-05:00,188.65,188.77,188.63,188.77,436.0
2024-12-06T12:50:00-05:00,188.82,188.82,188.82,188.82,267.0
2024-12-06T12:55:00-05:00,188.87,188.87,188.87,188.87,186.0
2024-12-06T13:05:00-05:00,189.2,189.33,189.2,189.31,568.0
2024-12-06T13:10:00-05:00,189.44,189.44,189.44,189.44,100.0
2024-12-06T13:15:00-05:00,189.59,189.63,189.59,189.63,200.0
2024-12-06T13:50:00-05:00,189.16,189.16,189.16,189.16,100.0
2024-12-06T14:10:00-05:00,188.46,188.72,188.46,188.68,1132.0
2024-12-06T14:15:00-05:00,188.505,188.53,188.47,188.47,625.0
2024-12-06T14:25:00-05:00,188.49,188.49,188.48,188.48,509.0
2024-12-06T14:30:00-05:00,188.42,188.565,188.42,188.565,782.0
2024-12-06T14:35:00-05:00,188.61,188.61,188.6,188.6,576.0
2024-12-06T14:40:00-05:00,188.76,188.76,188.76,188.76,200.0
2024-12-06T14:55:00-05:00,188.82,188.82,188.82,188.82,100.0
2024-12-06T15:05:00-05:00,188.69,188.71,188.68,188.71,587.0
2024-12-06T15:10:00-05:00,188.83,188.89,188.83,188.89,300.0
2024-12-06T15:15:00-05:00,188.97,188.97,188.97,188.97,100.0
2024-12-06T15:20:00-05:00,188.96,188.96,188.96,188.96,150.0
2024-12-06T15:30:00-05:00,188.99,188.99,188.99,188.99,100.0
2024-12-06T15:50:00-05:00,189.11,189.2,189.11,189.17,550.0
2024-12-06T15:55:00-05:00,189.37,189.43,189.1,189.1,1306.0
2024-12-09T09:30:00-05:00,189.04,189.09,188.85,188.85,640.0
2024-12-09T09:35:00-05:00,188.72,188.72,188.72,188.72,100.0
2024-12-09T09:40:00-05:00,188.62,188.62,188.62,188.62,300.0
2024-12-09T09:55:00-05:00,188.81,188.81,188.79,188.79,300.0
2024-12-09T10:10:00-05:00,188.56,188.56,188.56,188.56,100.0
2024-12-09T10:15:00-05:00,188.29,188.29,188.26,188.26,200.0
2024-12-09T10:20:00-05:00,188.28,188.28,188.28,188.28,100.0
2024-12-09T10:25:00-05:00,187.76,187.76,187.76,187.76,100.0
2024-12-09T10:30:00-05:00,187.92,187.92,187.73,187.73,200.0
2024-12-09T10:35:00-05:00,187.64,187.73,187.35,187.35,678.0
2024-12-09T10:40:00-05:00,187.67,187.68,187.67,187.68,300.0
2024-12-09T10:45:00-05:00,187.44,187.44,187.3,187.3,302.0
2024-12-09T10:50:00-05:00,186.79,187.05,186.79,187.05,406.0
2024-12-09T11:00:00-05:00,186.69,186.69,186.69,186.69,150.0
2024-12-09T11:05:00-05:00,186.78,186.78,186.39,186.41,893.0
2024-12-09T11:10:00-05:00,186.26,186.6,186.26,186.6,201.0
2024-12-09T11:15:00-05:00,186.63,186.71,186.63,186.71,613.0
2024-12-09T11:20:00-05:00,187.08,187.08,187.01,187.02,306.0
2024-12-09T11:25:00-05:00,186.97,187.18,186.97,187.18,300.0
2024-12-09T11:35:00-05:00,187.3,187.3,186.94,186.94,350.0
2024-12-09T11:45:00-05:00,187.02,187.02,187.02,187.02,100.0
2024-12-09T12:00:00-05:00,187.35,187.35,187.35,187.35,100.0
2024-12-09T12:05:00-05:00,187.19,187.19,187.19,187.19,100.0
2024-12-09T13:05:00-05:00,186.75,186.75,186.75,186.75,100.0
2024-12-09T13:35:00-05:00,187.43,187.43,187.43,187.43,100.0
2024-12-09T13:45:00-05:00,187.7,187.7,187.68,187.68,200.0
2024-12-09T13:50:00-05:00,187.73,187.73,187.54,187.54,300.0
2024-12-09T13:55:00-05:00,187.38,187.38,187.38,187.38,100.0
2024-12-09T14:00:00-05:00,187.03,187.03,186.92,186.92,200.0
2024-12-09T14:05:00-05:00,186.89,186.89,186.89,186.89,100.0
2024-12-09T14:25:00-05:00,186.78,186.78,186.78,186.78,100.0
2024-12-09T14:35:00-05:00,186.73,186.73,186.73,186.73,100.0
2024-12-09T14:40:00-05:00,186.43,186.43,186.17,186.17,300.0
2024-12-09T15:00:00-05:00,186.24,186.24,186.24,186.24,300.0
2024-12-09T15:20:00-05:00,186.16,186.16,186.16,186.16,100.0
2024-12-09T15:30:00-05:00,185.97,185.97,185.97,185.97,100.0
2024-12-09T15:35:00-05:00,186.02,186.02,186.02,186.02,100.0
2024-12-09T15:45:00-05:00,185.68,185.68,185.68,185.68,100.0
2024-12-09T15:50:00-05:00,185.88,185.88,185.79,185.81,701.0
2024-12-09T15:55:00-05:00,185.69,186.11,185.69,186.11,765.0
2024-12-09T16:15:00-05:00,185.77,185.77,185.77,185.77,100.0
2024-12-09T16:20:00-05:00,185.72,185.83,185.72,185.83,200.0
2024-12-09T16:25:00-05:00,185.82,185.82,185.82,185.82,100.0
2024-12-10T09:30:00-05:00,186.69,186.69,185.88,185.88,1070.0
2024-12-10T09:35:00-05:00,185.985,185.985,185.93,185.93,300.0
2024-12-10T09:40:00-05:00,185.81,185.81,185.81,185.81,100.0
2024-12-10T09:50:00-05:00,185.99,185.99,185.99,185.99,200.0
2024-12-10T09:55:00-05:00,186.37,186.4,186.37,186.4,200.0
2024-12-10T10:00:00-05:00,186.37,186.48,186.37,186.48,250.0
2024-12-10T10:05:00-05:00,186.67,186.71,186.67,186.71,350.0
2024-12-10T10:10:00-05:00,186.61,186.61,186.61,186.61,100.0
2024-12-10T10:20:00-05:00,186.63,186.63,186.63,186.63,100.0
2024-12-10T10:25:00-05:00,186.55,186.55,186.55,186.55,150.0
2024-12-10T10:30:00-05:00,186.74,186.81,186.74,186.81,200.0
2024-12-10T10:35:00-05:00,186.82,186.82,186.82,186.82,100.0
2024-12-10T10:45:00-05:00,186.92,186.92,186.92,186.92,100.0
2024-12-10T10:50:00-05:00,186.76,186.76,186.76,186.76,100.0
2024-12-10T11:05:00-05:00,186.09,186.09,186.09,186.09,100.0
2024-12-10T11:10:00-05:00,186.39,186.39,186.39,186.39,100.0
2024-12-10T11:20:00-05:00,186.18,186.18,186.18,186.18,100.0
2024-12-10T11:25:00-05:00,186.08,186.08,186.08,186.08,100.0
2024-12-10T11:30:00-05:00,185.92,185.92,185.92,185.92,263.0
2024-12-10T11:35:00-05:00,185.9,186.01,185.9,185.9,902.0
2024-12-10T11:40:00-05:00,185.94,185.94,185.94,185.94,100.0
2024-12-10T12:15:00-05:00,185.76,185.76,185.76,185.76,340.0
2024-12-10T12:30:00-05:00,186.03,186.03,186.03,186.03,100.0
2024-12-10T12:50:00-05:00,186.26,186.26,186.26,186.26,100.0
2024-12-10T13:30:00-05:00,185.78,185.78,185.77,185.77,200.0
2024-12-10T14:00:00-05:00,185.34,185.52,185.34,185.52,268.0
2024-12-10T14:10:00-05:00,185.24,185.24,185.09,185.19,650.0
2024-12-10T14:15:00-05:00,185.1,185.19,185.1,185.19,442.0
2024-12-10T14:40:00-05:00,185.43,185.43,185.43,185.43,166.0
2024-12-10T14:50:00-05:00,185.1,185.1,185.1,185.1,100.0
2024-12-10T15:00:00-05:00,185.01,185.03,185.01,185.03,265.0
2024-12-10T15:05:00-05:00,184.85,184.89,184.85,184.89,302.0
2024-12-10T15:10:00-05:00,184.6,184.65,184.52,184.55,917.0
2024-12-10T15:15:00-05:00,184.56,184.56,184.56,184.56,173.0
2024-12-10T15:20:00-05:00,184.36,184.53,184.36,184.53,878.0
2024-12-10T15:30:00-05:00,184.02,184.02,183.9,183.9,482.0
2024-12-10T15:35:00-05:00,184.15,184.15,184.15,184.15,100.0
2024-12-10T15:45:00-05:00,184.0,184.01,184.0,184.01,200.0
2024-12-10T15:55:00-05:00,184.35,184.45,184.35,184.41,2600.0
2024-12-10T16:00:00-05:00,184.52,184.52,184.52,184.52,100.0
2024-12-11T09:30:00-05:00,187.045,187.24,187.02,187.24,1098.0
2024-12-11T09:35:00-05:00,187.22,187.22,187.22,187.22,149.0
2024-12-11T09:40:00-05:00,187.26,187.26,187.26,187.26,100.0
2024-12-11T09:45:00-05:00,187.56,187.56,187.56,187.56,100.0
2024-12-11T09:50:00-05:00,187.6,187.6,187.6,187.6,100.0
2024-12-11T09:55:00-05:00,187.78,187.78,187.72,187.72,205.0
2024-12-11T10:00:00-05:00,187.65,187.65,187.65,187.65,100.0
2024-12-11T10:05:00-05:00,187.81,187.81,187.81,187.81,126.0
2024-12-11T10:20:00-05:00,187.88,187.9,187.85,187.9,300.0
2024-12-11T10:25:00-05:00,187.85,187.85,187.85,187.85,100.0
2024-12-11T10:35:00-05:00,187.93,187.97,187.93,187.97,200.0
2024-12-11T10:40:00-05:00,188.14,188.14,187.99,187.99,230.0
2024-12-11T10:55:00-05:00,187.71,187.83,187.71,187.83,300.0
2024-12-11T11:05:00-05:00,187.88,188.07,187.88,188.07,200.0
2024-12-11T11:10:00-05:00,188.11,188.11,188.11,188.11,100.0
2024-12-11T11:20:00-05:00,188.34,188.34,188.34,188.34,100.0
2024-12-11T11:25:00-05:00,188.48,188.65,188.48,188.65,480.0
2024-12-11T11:30:00-05:00,188.61,188.61,188.58,188.58,2363.0
2024-12-11T11:35:00-05:00,188.65,188.85,188.65,188.85,277.0
2024-12-11T11:40:00-05:00,188.92,188.96,188.8,188.96,400.0
2024-12-11T11:50:00-05:00,188.845,188.845,188.845,188.845,100.0
2024-12-11T12:00:00-05:00,188.89,189.03,188.89,189.03,543.0
2024-12-11T12:20:00-05:00,189.01,189.01,189.01,189.01,100.0
2024-12-11T12:25:00-05:00,188.96,188.96,188.96,188.96,100.0
2024-12-11T12:35:00-05:00,188.79,188.88,188.79,188.88,402.0
2024-12-11T12:40:00-05:00,188.95,188.95,188.95,188.95,100.0
2024-12-11T12:45:00-05:00,189.17,189.2,189.17,189.2,326.0
2024-12-11T12:50:00-05:00,189.14,189.14,189.14,189.14,100.0
2024-12-11T12:55:00-05:00,189.19,189.19,189.19,189.19,100.0
2024-12-11T13:30:00-05:00,189.45,189.47,189.34,189.34,846.0
2024-12-11T13:40:00-05:00,189.35,189.35,189.35,189.35,126.0
2024-12-11T13:55:00-05:00,188.95,188.95,188.95,188.95,100.0
2024-12-11T14:00:00-05:00,188.97,188.97,188.97,188.97,300.0
2024-12-11T14:40:00-05:00,189.24,189.24,189.09,189.09,200.0
2024-12-11T14:55:00-05:00,189.04,189.04,189.04,189.04,184.0
2024-12-11T15:10:00-05:00,189.05,189.05,189.05,189.05,100.0
2024-12-11T15:25:00-05:00,189.13,189.13,189.13,189.13,150.0
2024-12-11T15:50:00-05:00,188.92,188.92,188.87,188.87,472.0
2024-12-11T15:55:00-05:00,188.72,188.75,188.45,188.61,1462.0
2024-12-12T09:30:00-05:00,187.16,187.16,187.09,187.09,200.0
2024-12-12T09:35:00-05:00,187.25,187.25,187.25,187.25,100.0
2024-12-12T09:40:00-05:00,187.16,187.21,187.16,187.21,207.0
2024-12-12T09:50:00-05:00,187.05,187.25,187.05,187.07,500.0
2024-12-12T09:55:00-05:00,186.95,186.95,186.95,186.95,100.0
2024-12-12T10:00:00-05:00,187.09,187.09,187.09,187.09,100.0
2024-12-12T10:05:00-05:00,186.63,186.63,186.59,186.59,200.0
2024-12-12T10:10:00-05:00,186.64,186.64,186.41,186.48,302.0
2024-12-12T10:20:00-05:00,187.2,187.36,187.2,187.36,250.0
2024-12-12T10:45:00-05:00,187.73,187.73,187.73,187.73,150.0
2024-12-12T11:00:00-05:00,188.11,188.16,188.11,188.16,342.0
2024-12-12T11:45:00-05:00,187.25,187.25,187.25,187.25,100.0
2024-12-12T12:00:00-05:00,187.26,187.26,187.26,187.26,100.0
2024-12-12T12:05:00-05:00,187.59,187.6,187.59,187.6,200.0
2024-12-12T12:20:00-05:00,187.62,187.62,187.62,187.62,100.0
2024-12-12T12:40:00-05:00,187.21,187.21,187.21,187.21,200.0
2024-12-12T12:45:00-05:00,187.51,187.59,187.51,187.59,300.0
2024-12-12T13:00:00-05:00,187.89,187.89,187.89,187.89,100.0
2024-12-12T13:20:00-05:00,187.9,187.9,187.9,187.9,100.0
2024-12-12T14:00:00-05:00,186.72,186.72,186.72,186.72,100.0
2024-12-12T14:10:00-05:00,186.85,186.85,186.85,186.85,200.0
2024-12-12T14:30:00-05:00,186.19,186.19,186.19,186.19,100.0
2024-12-12T14:45:00-05:00,186.51,186.51,186.51,186.51,100.0
2024-12-12T15:15:00-05:00,186.21,186.27,186.21,186.27,871.0
2024-12-12T15:20:00-05:00,186.15,186.15,186.15,186.15,157.0
2024-12-12T15:40:00-05:00,186.24,186.34,186.16,186.19,501.0
2024-12-12T15:45:00-05:00,186.54,186.54,186.37,186.39,500.0
2024-12-12T15:50:00-05:00,186.17,186.17,186.17,186.17,100.0
2024-12-12T15:55:00-05:00,186.02,186.02,185.75,185.76,1328.0
2024-12-13T08:00:00-05:00,187.97,187.97,187.97,187.97,100.0
2024-12-13T09:30:00-05:00,187.34,187.35,187.03,187.34,611.0
2024-12-13T09:35:00-05:00,187.41,187.41,187.41,187.41,110.0
2024-12-13T09:40:00-05:00,187.56,187.56,187.56,187.56,136.0
2024-12-13T09:45:00-05:00,187.86,187.86,187.79,187.79,228.0
2024-12-13T09:50:00-05:00,187.72,187.72,187.56,187.56,456.0
2024-12-13T10:05:00-05:00,186.325,186.325,186.325,186.325,3900.0
2024-12-13T10:10:00-05:00,186.62,186.62,186.62,186.62,150.0
2024-12-13T10:15:00-05:00,186.49,186.49,186.49,186.49,200.0
2024-12-13T10:20:00-05:00,186.31,186.31,186.31,186.31,100.0
2024-12-13T10:25:00-05:00,186.29,186.29,186.29,186.29,100.0
2024-12-13T10:35:00-05:00,185.9,185.9,185.9,185.9,100.0
2024-12-13T10:40:00-05:00,185.53,185.54,184.84,184.84,450.0
2024-12-13T10:50:00-05:00,185.26,185.26,184.84,185.01,400.0
2024-12-13T10:55:00-05:00,184.805,184.805,184.805,184.805,200.0
2024-12-13T11:00:00-05:00,184.625,184.625,184.625,184.625,100.0
2024-12-13T11:10:00-05:00,184.45,184.45,184.45,184.45,140.0
2024-12-13T11:35:00-05:00,185.7,185.7,185.01,185.01,286.0
2024-12-13T11:40:00-05:00,184.97,184.97,184.97,184.97,100.0
2024-12-13T11:50:00-05:00,184.845,184.845,184.845,184.845,100.0
2024-12-13T12:15:00-05:00,184.66,184.66,184.66,184.66,100.0
2024-12-13T12:35:00-05:00,184.47,184.47,184.47,184.47,120.0
2024-12-13T13:10:00-05:00,184.51,184.51,184.51,184.51,100.0
2024-12-13T13:45:00-05:00,185.31,185.31,185.31,185.31,100.0
2024-12-13T14:30:00-05:00,185.67,185.67,185.62,185.62,240.0
2024-12-13T15:30:00-05:00,185.43,185.43,185.43,185.43,100.0
2024-12-13T15:40:00-05:00,185.57,185.57,185.57,185.57,100.0
2024-12-13T15:45:00-05:00,185.74,185.76,185.74,185.76,214.0
2024-12-13T15:50:00-05:00,185.46,185.49,185.3,185.49,300.0
2024-12-13T15:55:00-05:00,185.36,185.45,185.34,185.34,537.0
2024-12-13T16:20:00-05:00,184.77,184.77,184.77,184.77,100.0
2024-12-13T16:45:00-05:00,184.9,184.9,184.9,184.9,100.0
2024-12-16T09:30:00-05:00,186.99,187.28,186.97,187.28,500.0
2024-12-16T09:35:00-05:00,186.77,186.77,186.77,186.77,100.0
2024-12-16T10:05:00-05:00,187.32,187.32,187.32,187.32,100.0
2024-12-16T10:10:00-05:00,187.11,187.11,187.11,187.11,100.0
2024-12-16T10:15:00-05:00,186.97,186.97,186.97,186.97,100.0
2024-12-16T10:20:00-05:00,186.59,186.59,186.59,186.59,120.0
2024-12-16T10:25:00-05:00,187.12,187.3,187.12,187.27,681.0
2024-12-16T10:30:00-05:00,187.43,187.51,187.43,187.51,349.0
2024-12-16T10:35:00-05:00,187.67,187.67,187.67,187.67,100.0
2024-12-16T11:00:00-05:00,187.64,187.64,187.64,187.64,236.0
2024-12-16T11:15:00-05:00,187.62,187.62,187.62,187.62,100.0
2024-12-16T11:20:00-05:00,187.62,187.62,187.62,187.62,126.0
2024-12-16T11:35:00-05:00,187.41,187.41,187.41,187.41,100.0
2024-12-16T11:40:00-05:00,187.33,187.33,187.33,187.33,100.0
2024-12-16T11:50:00-05:00,187.64,187.64,187.64,187.64,100.0
2024-12-16T12:05:00-05:00,187.59,187.59,187.59,187.59,100.0
2024-12-16T12:15:00-05:00,187.78,187.78,187.78,187.78,126.0
2024-12-16T12:30:00-05:00,187.84,187.87,187.84,187.87,300.0
2024-12-16T12:35:00-05:00,187.8,187.8,187.8,187.8,100.0
2024-12-16T12:45:00-05:00,187.97,188.0,187.97,188.0,446.0
2024-12-16T12:50:00-05:00,188.03,188.03,187.795,187.795,278.0
2024-12-16T13:05:00-05:00,188.14,188.21,188.14,188.21,200.0
2024-12-16T13:15:00-05:00,188.26,188.26,188.26,188.26,200.0
2024-12-16T13:20:00-05:00,188.38,188.38,188.38,188.38,100.0
2024-12-16T13:25:00-05:00,188.47,188.47,188.47,188.47,100.0
2024-12-16T13:30:00-05:00,188.49,188.56,188.49,188.56,470.0
2024-12-16T13:50:00-05:00,188.46,188.46,188.46,188.46,100.0
2024-12-16T14:15:00-05:00,188.36,188.36,188.36,188.36,300.0
2024-12-16T14:35:00-05:00,188.24,188.24,188.24,188.24,164.0
2024-12-16T14:40:00-05:00,188.36,188.36,188.36,188.36,100.0
2024-12-16T14:45:00-05:00,188.24,188.24,188.17,188.17,300.0
2024-12-16T14:55:00-05:00,188.385,188.42,188.29,188.29,2108.0
2024-12-16T15:00:00-05:00,188.27,188.27,188.24,188.24,299.0
2024-12-16T15:05:00-05:00,188.39,188.47,188.39,188.47,316.0
2024-12-16T15:10:00-05:00,188.45,188.45,188.45,188.45,100.0
2024-12-16T15:15:00-05:00,188.48,188.48,188.48,188.48,172.0
2024-12-16T15:20:00-05:00,188.4,188.4,188.4,188.4,100.0
2024-12-16T15:30:00-05:00,188.15,188.16,188.15,188.16,200.0
2024-12-16T15:35:00-05:00,188.09,188.09,188.08,188.08,200.0
2024-12-16T15:40:00-05:00,187.94,187.94,187.83,187.9,476.0
2024-12-16T15:45:00-05:00,187.63,187.63,187.52,187.56,538.0
2024-12-16T15:50:00-05:00,187.25,187.29,186.94,187.175,5411.0
2024-12-16T15:55:00-05:00,187.245,187.52,187.14,187.52,15811.0
2024-12-16T16:00:00-05:00,187.34,187.34,187.34,187.34,101.0
2024-12-17T09:30:00-05:00,185.01,185.25,184.87,185.06,1000.0
2024-12-17T09:35:00-05:00,185.15,185.15,184.83,185.0,500.0
2024-12-17T09:45:00-05:00,185.45,185.525,185.45,185.525,400.0
2024-12-17T10:00:00-05:00,185.09,185.09,184.83,184.83,503.0
2024-12-17T10:05:00-05:00,184.82,184.82,184.82,184.82,100.0
2024-12-17T10:10:00-05:00,184.4,184.42,184.4,184.42,300.0
2024-12-17T10:15:00-05:00,184.31,184.31,184.31,184.31,100.0
2024-12-17T10:20:00-05:00,184.28,184.45,184.28,184.45,847.0
2024-12-17T10:25:00-05:00,184.25,184.25,184.23,184.23,200.0
2024-12-17T10:30:00-05:00,184.43,184.43,184.33,184.33,430.0
2024-12-17T10:35:00-05:00,184.24,184.59,184.24,184.59,608.0
2024-12-17T10:40:00-05:00,184.61,184.61,184.385,184.385,203.0
2024-12-17T11:00:00-05:00,185.11,185.11,185.11,185.11,100.0
2024-12-17T11:05:00-05:00,184.93,185.86,184.93,185.81,1532.0
2024-12-17T11:10:00-05:00,185.84,185.85,185.84,185.85,200.0
2024-12-17T11:15:00-05:00,185.66,185.66,185.66,185.66,100.0
2024-12-17T11:20:00-05:00,185.45,185.45,185.2,185.2,503.0
2024-12-17T11:25:00-05:00,185.4,185.42,185.31,185.31,700.0
2024-12-17T11:30:00-05:00,185.48,185.88,185.46,185.87,600.0
2024-12-17T11:35:00-05:00,185.98,185.98,185.98,185.98,5100.0
2024-12-17T11:40:00-05:00,185.83,185.99,185.83,185.99,408.0
2024-12-17T11:50:00-05:00,185.83,185.83,185.66,185.66,756.0
2024-12-17T11:55:00-05:00,185.76,185.76,185.68,185.68,200.0
2024-12-17T12:05:00-05:00,185.41,185.56,185.41,185.56,200.0
2024-12-17T12:10:00-05:00,185.57,185.57,185.57,185.57,100.0
2024-12-17T12:30:00-05:00,185.335,185.335,185.33,185.33,1500.0
2024-12-17T12:45:00-05:00,185.84,185.84,185.84,185.84,100.0
2024-12-17T13:15:00-05:00,185.31,185.31,185.13,185.19,400.0
2024-12-17T13:20:00-05:00,185.05,185.14,185.05,185.14,541.0
2024-12-17T13:30:00-05:00,185.1,185.21,185.08,185.21,560.0
2024-12-17T13:35:00-05:00,185.21,185.21,185.21,185.21,100.0
2024-12-17T13:40:00-05:00,185.275,185.305,185.275,185.305,200.0
2024-12-17T13:45:00-05:00,185.08,185.08,185.08,185.08,101.0
2024-12-17T14:05:00-05:00,185.03,185.03,185.03,185.03,200.0
2024-12-17T14:10:00-05:00,184.96,184.98,184.96,184.98,250.0
2024-12-17T14:15:00-05:00,184.9,184.9,184.9,184.9,100.0
2024-12-17T14:25:00-05:00,184.67,184.68,184.67,184.68,586.0
2024-12-17T14:30:00-05:00,184.6,184.6,184.5,184.5,1350.0
2024-12-17T14:35:00-05:00,184.45,184.45,184.45,184.45,100.0
2024-12-17T14:40:00-05:00,184.7,184.7,184.7,184.7,100.0
2024-12-17T14:45:00-05:00,184.42,184.42,184.42,184.42,100.0
2024-12-17T14:50:00-05:00,184.47,184.47,184.32,184.32,600.0
2024-12-17T15:00:00-05:00,184.4,184.4,184.4,184.4,104.0
2024-12-17T15:05:00-05:00,184.275,184.275,184.275,184.275,100.0
2024-12-17T15:10:00-05:00,184.355,184.355,184.25,184.25,495.0
2024-12-17T15:15:00-05:00,184.23,184.23,184.23,184.23,100.0
2024-12-17T15:20:00-05:00,184.02,184.02,184.02,184.02,100.0
2024-12-17T15:30:00-05:00,184.09,184.23,184.09,184.23,1314.0
2024-12-17T15:35:00-05:00,184.44,184.44,184.44,184.44,100.0
2024-12-17T15:40:00-05:00,184.69,184.87,184.69,184.87,200.0
2024-12-17T15:50:00-05:00,185.11,185.56,185.06,185.56,1732.0
2024-12-17T15:55:00-05:00,185.62,185.62,185.45,185.45,551.0
2024-12-17T16:00:00-05:00,184.88,184.88,184.83,184.83,200.0
2024-12-17T16:10:00-05:00,184.84,184.84,184.84,184.84,100.0
2024-12-18T09:35:00-05:00,184.46,184.46,184.45,184.45,210.0
2024-12-18T09:45:00-05:00,184.69,184.69,184.69,184.69,100.0
2024-12-18T09:50:00-05:00,185.03,185.42,185.03,185.42,400.0
2024-12-18T10:05:00-05:00,185.76,185.76,185.76,185.76,101.0
2024-12-18T10:30:00-05:00,186.15,186.47,186.15,186.47,400.0
2024-12-18T10:35:00-05:00,186.44,186.67,186.44,186.67,276.0
2024-12-18T10:45:00-05:00,186.94,187.13,186.94,187.13,200.0
2024-12-18T10:50:00-05:00,186.94,186.96,186.9,186.96,472.0
2024-12-18T10:55:00-05:00,186.97,186.97,186.94,186.94,300.0
2024-12-18T11:05:00-05:00,186.69,186.69,186.69,186.69,100.0
2024-12-18T11:10:00-05:00,186.65,186.65,186.24,186.24,616.0
2024-12-18T11:15:00-05:00,186.0,186.0,185.89,185.89,300.0
2024-12-18T11:20:00-05:00,185.57,185.69,185.57,185.69,367.0
2024-12-18T11:30:00-05:00,186.26,186.26,186.26,186.26,100.0
2024-12-18T11:35:00-05:00,186.46,186.46,186.46,186.46,147.0
2024-12-18T11:45:00-05:00,186.64,186.64,186.64,186.64,100.0
2024-12-18T12:35:00-05:00,186.24,186.24,186.24,186.24,100.0
2024-12-18T13:55:00-05:00,186.39,186.44,186.39,186.44,200.0
2024-12-18T14:00:00-05:00,185.4,185.4,185.03,185.03,247.0
2024-12-18T14:05:00-05:00,183.53,183.53,182.39,182.39,200.0
2024-12-18T14:15:00-05:00,181.53,181.53,181.53,181.53,400.0
2024-12-18T14:20:00-05:00,182.425,182.425,182.425,182.425,500.0
2024-12-18T14:25:00-05:00,182.705,182.705,182.705,182.705,1042.0
2024-12-18T14:35:00-05:00,181.36,181.49,181.36,181.49,200.0
2024-12-18T14:45:00-05:00,180.57,180.57,180.57,180.57,205.0
2024-12-18T14:55:00-05:00,178.8,178.8,178.08,178.08,1313.0
2024-12-18T15:05:00-05:00,176.9,177.83,176.9,177.47,442.0
2024-12-18T15:15:00-05:00,175.75,176.035,175.75,176.035,1200.0
2024-12-18T15:20:00-05:00,176.3,176.73,176.3,176.73,309.0
2024-12-18T15:25:00-05:00,175.99,175.99,175.11,175.11,200.0
2024-12-18T15:35:00-05:00,173.63,173.65,171.92,171.92,3161.0
2024-12-18T15:40:00-05:00,170.89,170.905,170.39,170.4,870.0
2024-12-18T15:45:00-05:00,168.96,171.66,168.96,171.32,681.0
2024-12-18T15:50:00-05:00,171.87,172.41,171.835,172.41,2351.0
2024-12-18T15:55:00-05:00,171.03,171.03,169.565,169.565,1638.0
2024-12-18T16:00:00-05:00,166.31,166.31,166.31,166.31,100.0
2024-12-18T16:05:00-05:00,166.45,166.45,166.41,166.41,200.0
2024-12-18T16:15:00-05:00,167.67,167.67,167.67,167.67,100.0
2024-12-19T09:30:00-05:00,172.53,174.21,172.35,174.19,4427.0
2024-12-19T09:35:00-05:00,174.06,174.06,172.905,173.12,570.0
2024-12-19T09:40:00-05:00,173.69,173.69,173.0,173.0,798.0
2024-12-19T09:45:00-05:00,173.275,173.275,172.535,172.535,746.0
2024-12-19T09:55:00-05:00,171.98,171.98,171.98,171.98,1000.0
2024-12-19T10:00:00-05:00,171.68,171.68,171.68,171.68,100.0
2024-12-19T10:10:00-05:00,172.1,172.1,172.1,172.1,100.0
2024-12-19T10:20:00-05:00,171.49,171.49,171.49,171.49,100.0
2024-12-19T10:30:00-05:00,170.81,170.81,170.81,170.81,100.0
2024-12-19T10:40:00-05:00,171.47,171.56,171.47,171.56,200.0
2024-12-19T10:45:00-05:00,171.54,171.54,171.54,171.54,100.0
2024-12-19T11:00:00-05:00,170.46,170.46,170.27,170.27,200.0
2024-12-19T11:05:00-05:00,169.97,170.15,169.97,170.15,244.0
2024-12-19T11:15:00-05:00,170.46,170.46,170.46,170.46,100.0
2024-12-19T11:20:00-05:00,172.21,172.21,172.21,172.21,100.0
2024-12-19T11:50:00-05:00,171.82,171.82,171.82,171.82,100.0
2024-12-19T12:05:00-05:00,171.69,171.69,171.69,171.69,129.0
2024-12-19T12:15:00-05:00,171.22,171.22,171.22,171.22,100.0
2024-12-19T12:20:00-05:00,170.935,170.935,170.935,170.935,200.0
2024-12-19T12:25:00-05:00,170.02,170.02,170.02,170.02,160.0
2024-12-19T12:40:00-05:00,170.07,170.37,170.07,170.08,664.0
2024-12-19T14:05:00-05:00,172.05,172.05,171.79,171.79,300.0
2024-12-19T14:10:00-05:00,171.26,171.26,171.26,171.26,100.0
2024-12-19T14:35:00-05:00,170.77,170.77,170.77,170.77,100.0
2024-12-19T14:40:00-05:00,170.48,170.58,170.48,170.58,200.0
2024-12-19T14:45:00-05:00,170.41,170.41,170.41,170.41,100.0
2024-12-19T14:55:00-05:00,170.32,170.32,170.32,170.32,100.0
2024-12-19T15:00:00-05:00,169.81,169.81,169.81,169.81,100.0
2024-12-19T15:05:00-05:00,170.12,170.14,170.12,170.14,200.0
2024-12-19T15:20:00-05:00,170.76,170.76,170.76,170.76,100.0
2024-12-19T15:30:00-05:00,170.04,170.04,170.04,170.04,300.0
2024-12-19T15:35:00-05:00,169.0,170.67,168.95,170.67,640.0
2024-12-19T15:40:00-05:00,170.34,171.0,170.34,171.0,200.0
2024-12-19T15:45:00-05:00,170.26,170.26,170.26,170.26,100.0
2024-12-19T15:50:00-05:00,168.89,169.25,168.3,168.3,1001.0
2024-12-19T15:55:00-05:00,169.27,169.32,168.38,168.38,1052.0
2024-12-20T08:30:00-05:00,166.03,166.03,166.03,166.03,100.0
2024-12-20T08:35:00-05:00,165.95,165.95,165.75,165.75,225.0
2024-12-20T09:30:00-05:00,166.18,166.52,165.91,166.52,1620.0
2024-12-20T09:35:00-05:00,166.27,168.17,166.27,168.17,701.0
2024-12-20T09:40:00-05:00,167.09,167.09,166.985,167.07,447.0
2024-12-20T09:45:00-05:00,167.14,167.14,165.88,166.14,650.0
2024-12-20T09:50:00-05:00,165.46,165.46,165.46,165.46,640.0
2024-12-20T09:55:00-05:00,166.37,166.37,166.37,166.37,156.0
2024-12-20T10:00:00-05:00,166.87,167.0,166.87,166.97,900.0
2024-12-20T10:05:00-05:00,167.76,167.76,167.25,167.25,599.0
2024-12-20T10:10:00-05:00,167.34,167.34,167.34,167.34,100.0
2024-12-20T10:25:00-05:00,169.46,169.46,169.46,169.46,100.0
2024-12-20T10:30:00-05:00,171.9,171.9,171.89,171.89,730.0
2024-12-20T10:35:00-05:00,171.61,171.61,171.55,171.55,200.0
2024-12-20T10:45:00-05:00,171.93,172.03,171.93,172.03,200.0
2024-12-20T10:55:00-05:00,172.41,172.61,172.06,172.06,300.0
2024-12-20T11:00:00-05:00,171.66,172.75,171.66,172.75,305.0
2024-12-20T11:05:00-05:00,173.76,173.76,173.62,173.62,400.0
2024-12-20T11:15:00-05:00,174.01,174.82,174.01,174.75,691.0
2024-12-20T11:20:00-05:00,174.63,174.63,174.63,174.63,250.0
2024-12-20T11:25:00-05:00,175.0,175.15,174.85,175.15,508.0
2024-12-20T11:35:00-05:00,176.17,176.17,176.17,176.17,100.0
2024-12-20T11:40:00-05:00,176.7,176.7,176.7,176.7,1000.0
2024-12-20T11:45:00-05:00,176.76,176.97,176.76,176.91,450.0
2024-12-20T11:50:00-05:00,176.35,176.39,176.11,176.26,1550.0
2024-12-20T11:55:00-05:00,176.36,177.11,176.36,177.11,333.0
2024-12-20T12:00:00-05:00,176.62,176.88,176.62,176.88,768.0
2024-12-20T12:15:00-05:00,177.66,177.66,177.5,177.5,200.0
2024-12-20T12:20:00-05:00,177.19,177.19,177.19,177.19,100.0
2024-12-20T12:30:00-05:00,176.63,176.87,176.63,176.87,247.0
2024-12-20T12:50:00-05:00,177.68,177.68,177.68,177.68,129.0
2024-12-20T13:00:00-05:00,177.09,177.09,177.09,177.09,137.0
2024-12-20T13:10:00-05:00,176.415,176.415,176.415,176.415,100.0
2024-12-20T13:15:00-05:00,176.25,176.25,175.86,175.86,328.0
2024-12-20T13:25:00-05:00,175.47,175.47,175.47,175.47,400.0
2024-12-20T14:50:00-05:00,175.33,175.33,175.33,175.33,100.0
2024-12-20T15:20:00-05:00,174.81,174.81,174.81,174.81,100.0
2024-12-20T15:30:00-05:00,174.75,174.75,174.66,174.66,200.0
2024-12-20T15:35:00-05:00,174.76,174.76,174.76,174.76,100.0
2024-12-20T15:40:00-05:00,174.36,174.36,174.36,174.36,100.0
2024-12-20T15:45:00-05:00,175.25,175.25,174.79,175.13,500.0
2024-12-20T15:50:00-05:00,173.21,173.6,173.21,173.6,486.0
2024-12-20T15:55:00-05:00,173.73,174.11,172.895,174.11,2252.0
2024-12-23T09:30:00-05:00,174.335,174.335,174.335,174.335,102.0
2024-12-23T09:35:00-05:00,174.23,174.23,173.81,173.81,400.0
2024-12-23T09:40:00-05:00,173.87,173.87,173.45,173.45,300.0
2024-12-23T09:45:00-05:00,173.23,173.49,172.75,172.98,700.0
2024-12-23T09:50:00-05:00,172.65,172.67,172.32,172.32,2100.0
2024-12-23T10:00:00-05:00,172.85,172.85,172.85,172.85,150.0
2024-12-23T10:05:00-05:00,172.43,172.43,171.74,171.74,201.0
2024-12-23T10:10:00-05:00,171.73,171.73,171.73,171.73,325.0
2024-12-23T10:20:00-05:00,172.15,172.15,172.15,172.15,108.0
2024-12-24T09:10:00-05:00,178.35,178.35,178.35,178.35,100.0
2024-12-24T09:30:00-05:00,178.1,178.1,177.81,177.81,250.0
2024-12-24T09:45:00-05:00,178.83,178.83,178.83,178.83,100.0
2024-12-24T10:15:00-05:00,180.05,180.05,180.0,180.0,200.0
2024-12-24T10:20:00-05:00,179.94,180.01,179.94,180.01,450.0
2024-12-24T10:25:00-05:00,180.0,180.0,180.0,180.0,250.0
2024-12-24T10:30:00-05:00,180.11,180.39,180.11,180.39,300.0
2024-12-24T10:35:00-05:00,180.49,180.49,180.49,180.49,100.0
2024-12-24T10:40:00-05:00,180.63,180.94,180.63,180.88,501.0
2024-12-24T10:45:00-05:00,180.95,180.95,180.95,180.95,100.0
2024-12-24T10:50:00-05:00,180.94,180.94,180.67,180.67,250.0
2024-12-24T10:55:00-05:00,180.8,180.88,180.8,180.88,300.0
2024-12-24T11:05:00-05:00,180.67,180.8,180.67,180.76,300.0
2024-12-24T11:10:00-05:00,180.57,180.57,180.57,180.57,100.0
2024-12-24T11:15:00-05:00,180.77,180.77,180.77,180.77,100.0
2024-12-24T11:20:00-05:00,180.82,180.94,180.82,180.94,318.0
2024-12-24T11:25:00-05:00,181.0,181.01,180.93,180.93,400.0
2024-12-24T11:35:00-05:00,181.0,181.12,181.0,181.12,200.0
2024-12-24T11:40:00-05:00,181.16,181.22,181.16,181.22,260.0
2024-12-24T11:50:00-05:00,181.38,181.38,181.33,181.33,250.0
2024-12-24T11:55:00-05:00,181.16,181.16,181.16,181.16,100.0
2024-12-24T12:00:00-05:00,180.91,180.91,180.91,180.91,100.0
2024-12-24T12:05:00-05:00,181.05,181.22,181.04,181.22,500.0
2024-12-24T12:10:00-05:00,181.31,181.31,181.31,181.31,100.0
2024-12-24T12:15:00-05:00,181.42,181.42,181.39,181.39,200.0
2024-12-24T12:20:00-05:00,181.645,181.645,181.645,181.645,200.0
2024-12-24T12:30:00-05:00,181.35,181.53,181.35,181.53,600.0
2024-12-24T12:35:00-05:00,181.48,181.48,181.48,181.48,100.0
2024-12-24T12:40:00-05:00,181.66,181.67,181.55,181.57,666.0
2024-12-24T12:50:00-05:00,181.72,181.94,181.72,181.92,1724.0
2024-12-24T12:55:00-05:00,182.235,182.46,182.22,182.46,5542.0
2024-12-26T09:30:00-05:00,181.1,181.4,181.09,181.4,522.0
2024-12-26T09:35:00-05:00,181.75,181.75,181.75,181.75,100.0
2024-12-26T09:40:00-05:00,181.33,181.33,181.33,181.33,100.0
2024-12-26T09:55:00-05:00,180.94,180.94,180.94,180.94,100.0
2024-12-26T10:05:00-05:00,181.7,181.7,181.7,181.7,100.0
2024-12-26T10:25:00-05:00,181.78,181.78,181.78,181.78,100.0
2024-12-26T11:20:00-05:00,182.53,182.53,182.53,182.53,3600.0
2024-12-26T11:40:00-05:00,182.78,182.78,182.78,182.78,100.0
2024-12-26T12:15:00-05:00,183.5,183.76,183.5,183.76,200.0
2024-12-26T12:45:00-05:00,181.86,181.86,181.86,181.86,105.0
2024-12-26T13:35:00-05:00,182.78,182.78,182.78,182.78,100.0
2024-12-26T13:55:00-05:00,182.88,182.88,182.88,182.88,100.0
2024-12-26T15:25:00-05:00,183.24,183.24,183.24,183.24,300.0
2024-12-26T15:35:00-05:00,183.165,183.165,183.165,183.165,234.0
2024-12-26T15:40:00-05:00,183.26,183.26,183.12,183.12,339.0
2024-12-26T15:50:00-05:00,183.04,183.16,183.04,183.1,657.0
2024-12-26T15:55:00-05:00,183.04,183.05,182.89,182.91,661.0
2024-12-27T09:30:00-05:00,179.14,179.18,178.84,178.84,435.0
2024-12-27T09:35:00-05:00,178.74,178.94,178.53,178.53,751.0
2024-12-27T09:45:00-05:00,178.85,178.85,178.85,178.85,110.0
2024-12-27T10:00:00-05:00,178.09,178.09,177.0,177.0,717.0
2024-12-27T10:05:00-05:00,176.61,176.79,176.61,176.75,400.0
2024-12-27T10:10:00-05:00,175.79,175.79,175.79,175.79,100.0
2024-12-27T10:15:00-05:00,175.675,175.675,175.4,175.4,300.0
2024-12-27T10:20:00-05:00,175.34,176.34,175.34,175.88,520.0
2024-12-27T10:30:00-05:00,174.87,174.87,174.54,174.54,314.0
2024-12-27T10:40:00-05:00,175.59,175.59,175.59,175.59,100.0
2024-12-27T10:50:00-05:00,176.1,176.1,176.1,176.1,100.0
2024-12-27T11:00:00-05:00,175.33,175.33,175.32,175.32,250.0
2024-12-27T11:05:00-05:00,174.91,174.91,174.91,174.91,360.0
2024-12-27T11:10:00-05:00,174.51,174.51,174.51,174.51,100.0
2024-12-27T11:50:00-05:00,174.12,174.12,174.12,174.12,428.0
2024-12-27T12:05:00-05:00,173.87,173.87,173.87,173.87,100.0
2024-12-27T12:15:00-05:00,173.38,173.38,173.2,173.2,204.0
2024-12-27T12:20:00-05:00,173.0,173.27,173.0,173.27,260.0
2024-12-27T12:30:00-05:00,174.02,174.02,174.02,174.02,110.0
2024-12-27T12:35:00-05:00,173.48,173.48,173.48,173.48,100.0
2024-12-27T12:45:00-05:00,173.555,173.555,173.555,173.555,100.0
2024-12-27T13:20:00-05:00,174.59,174.59,174.59,174.59,100.0
2024-12-27T13:30:00-05:00,174.43,174.62,174.43,174.62,200.0
2024-12-27T13:35:00-05:00,175.01,175.01,175.01,175.01,100.0
2024-12-27T14:00:00-05:00,175.54,175.54,175.54,175.54,100.0
2024-12-27T14:05:00-05:00,176.11,176.11,176.11,176.11,100.0
2024-12-27T14:35:00-05:00,176.39,176.39,176.39,176.39,100.0
2024-12-27T14:55:00-05:00,176.72,177.27,176.72,177.27,260.0
2024-12-27T15:00:00-05:00,176.49,176.49,176.49,176.49,100.0
2024-12-27T15:10:00-05:00,175.765,175.765,175.57,175.57,232.0
2024-12-27T15:25:00-05:00,175.55,175.55,175.55,175.55,100.0
2024-12-27T15:35:00-05:00,175.31,175.31,175.31,175.31,150.0
2024-12-27T15:40:00-05:00,174.64,174.64,174.6,174.6,200.0
2024-12-27T15:50:00-05:00,176.46,176.46,176.46,176.46,150.0
2024-12-27T15:55:00-05:00,176.19,176.72,176.19,176.72,384.0
2024-12-30T08:50:00-05:00,169.99,169.99,169.99,169.99,100.0
2024-12-30T08:55:00-05:00,169.75,169.75,169.75,169.75,100.0
2024-12-30T09:20:00-05:00,170.27,170.27,170.27,170.27,100.0
2024-12-30T09:30:00-05:00,170.29,170.46,169.76,169.77,3012.0
2024-12-30T09:35:00-05:00,169.55,169.77,169.34,169.34,480.0
2024-12-30T09:40:00-05:00,168.855,168.855,168.855,168.855,600.0
2024-12-30T09:45:00-05:00,168.655,168.68,168.54,168.54,436.0
2024-12-30T09:50:00-05:00,169.015,169.015,169.015,169.015,102.0
2024-12-30T09:55:00-05:00,168.92,168.92,168.92,168.92,100.0
2024-12-30T10:00:00-05:00,167.85,167.97,167.85,167.96,660.0
2024-12-30T10:05:00-05:00,168.34,168.34,168.29,168.29,200.0
2024-12-30T10:10:00-05:00,167.96,168.3,167.96,168.3,400.0
2024-12-30T10:30:00-05:00,167.835,168.095,167.835,168.095,200.0
2024-12-30T10:35:00-05:00,168.27,168.27,168.27,168.27,100.0
2024-12-30T10:40:00-05:00,168.96,169.08,168.96,169.08,308.0
2024-12-30T10:45:00-05:00,169.61,169.61,169.32,169.32,392.0
2024-12-30T10:50:00-05:00,168.32,168.61,168.32,168.61,374.0
2024-12-30T11:00:00-05:00,169.64,169.64,169.64,169.64,110.0
2024-12-30T11:05:00-05:00,169.66,169.66,169.66,169.66,100.0
2024-12-30T11:10:00-05:00,170.19,170.19,170.165,170.165,200.0
2024-12-30T11:15:00-05:00,169.86,170.71,169.86,170.71,486.0
2024-12-30T11:20:00-05:00,170.67,170.67,170.67,170.67,300.0
2024-12-30T11:25:00-05:00,170.08,170.2,170.08,170.2,2576.0
2024-12-30T11:45:00-05:00,171.18,171.18,170.87,170.87,318.0
2024-12-30T12:15:00-05:00,172.04,172.15,172.04,172.15,210.0
2024-12-30T12:25:00-05:00,172.5,172.52,172.5,172.52,200.0
2024-12-30T12:55:00-05:00,172.29,173.17,172.29,173.17,395.0
2024-12-30T13:05:00-05:00,173.02,173.02,173.02,173.02,100.0
2024-12-30T14:40:00-05:00,172.7,172.7,172.7,172.7,100.0
2024-12-30T14:50:00-05:00,172.91,173.005,172.91,173.005,200.0
2024-12-30T15:05:00-05:00,172.5,172.64,172.5,172.64,411.0
2024-12-30T15:30:00-05:00,171.9,171.96,171.84,171.84,389.0
2024-12-30T15:40:00-05:00,172.14,172.14,172.14,172.14,1010.0
2024-12-30T15:45:00-05:00,172.35,172.35,172.35,172.35,100.0
2024-12-30T15:50:00-05:00,172.555,172.555,172.15,172.16,1185.0
2024-12-30T15:55:00-05:00,171.83,171.83,170.81,170.81,500.0
2024-12-31T09:30:00-05:00,172.27,172.27,172.27,172.27,100.0
2024-12-31T09:35:00-05:00,171.27,171.27,171.27,171.27,100.0
2024-12-31T09:40:00-05:00,171.04,171.06,171.04,171.06,400.0
2024-12-31T09:50:00-05:00,171.45,171.47,171.45,171.47,200.0
2024-12-31T10:00:00-05:00,172.15,172.15,171.97,171.97,300.0
2024-12-31T10:15:00-05:00,171.47,171.47,171.47,171.47,101.0
2024-12-31T10:20:00-05:00,172.19,172.19,172.19,172.19,100.0
2024-12-31T10:25:00-05:00,172.01,172.01,171.74,171.74,650.0
2024-12-31T10:30:00-05:00,171.9,171.9,171.06,171.06,500.0
2024-12-31T10:50:00-05:00,171.515,171.515,171.515,171.515,1200.0
2024-12-31T11:00:00-05:00,169.94,169.94,169.94,169.94,100.0
2024-12-31T11:10:00-05:00,170.43,170.43,170.43,170.43,100.0
2024-12-31T11:20:00-05:00,169.44,169.44,169.44,169.44,100.0
2024-12-31T11:30:00-05:00,169.34,169.4,169.34,169.4,920.0
2024-12-31T12:00:00-05:00,168.97,168.97,168.97,168.97,100.0
2024-12-31T12:05:00-05:00,169.42,169.42,169.42,169.42,1100.0
2024-12-31T12:20:00-05:00,169.68,169.68,168.75,168.75,840.0
2024-12-31T12:25:00-05:00,168.69,168.69,168.44,168.44,200.0
2024-12-31T12:55:00-05:00,169.14,169.14,168.96,168.96,400.0
2024-12-31T13:05:00-05:00,169.68,169.68,169.58,169.58,300.0
2024-12-31T13:25:00-05:00,167.82,167.82,167.82,167.82,600.0
2024-12-31T13:40:00-05:00,168.22,168.28,168.22,168.28,200.0
2024-12-31T13:45:00-05:00,168.61,168.61,168.61,168.61,100.0
2024-12-31T14:10:00-05:00,168.78,168.78,168.74,168.74,200.0
2024-12-31T14:15:00-05:00,168.47,168.47,168.22,168.22,200.0
2024-12-31T14:40:00-05:00,167.37,167.37,167.32,167.32,200.0
2024-12-31T14:45:00-05:00,167.92,167.92,167.74,167.75,1491.0
2024-12-31T15:00:00-05:00,168.74,168.74,168.74,168.74,100.0
2024-12-31T15:05:00-05:00,168.8,168.8,168.8,168.8,200.0
2024-12-31T15:15:00-05:00,168.64,168.64,168.62,168.62,305.0
2024-12-31T15:20:00-05:00,168.89,168.89,168.89,168.89,100.0
2024-12-31T15:30:00-05:00,169.355,169.355,168.9,168.9,200.0
2024-12-31T15:45:00-05:00,168.5,168.51,168.5,168.51,6213.0
2024-12-31T15:50:00-05:00,168.55,168.74,168.53,168.53,2327.0
2024-12-31T15:55:00-05:00,168.01,168.64,167.89,168.63,1126.0
2025-01-02T09:30:00-05:00,171.3,171.43,170.505,170.52,1075.0
2025-01-02T09:35:00-05:00,169.63,169.69,168.95,168.95,1300.0
2025-01-02T09:40:00-05:00,168.71,169.52,168.71,169.52,2613.0
2025-01-02T09:45:00-05:00,169.56,170.61,169.56,170.61,1216.0
2025-01-02T09:50:00-05:00,171.61,171.61,171.61,171.61,100.0
2025-01-02T09:55:00-05:00,172.17,172.17,172.17,172.17,100.0
2025-01-02T10:00:00-05:00,171.99,172.01,171.99,172.01,200.0
2025-01-02T10:05:00-05:00,172.52,172.85,172.14,172.4,700.0
2025-01-02T10:10:00-05:00,172.525,172.72,172.525,172.72,200.0
2025-01-02T10:15:00-05:00,172.65,172.65,171.71,171.71,400.0
2025-01-02T10:20:00-05:00,171.03,171.03,169.74,169.83,1826.0
2025-01-02T10:25:00-05:00,170.21,170.58,170.2,170.58,1000.0
2025-01-02T10:30:00-05:00,170.04,170.04,169.67,169.68,1200.0
2025-01-02T10:35:00-05:00,169.68,169.68,169.55,169.55,200.0
2025-01-02T10:40:00-05:00,169.23,169.34,169.16,169.34,300.0
2025-01-02T10:45:00-05:00,169.53,169.79,169.32,169.79,400.0
2025-01-02T10:50:00-05:00,170.91,170.91,170.34,170.34,300.0
2025-01-02T11:00:00-05:00,169.44,169.44,168.13,168.13,904.0
2025-01-02T11:05:00-05:00,168.24,168.56,168.24,168.56,520.0
2025-01-02T11:20:00-05:00,168.98,168.99,168.86,168.86,300.0
2025-01-02T11:30:00-05:00,169.97,169.97,169.97,169.97,100.0
2025-01-02T11:35:00-05:00,170.22,170.46,170.22,170.46,358.0
2025-01-02T11:40:00-05:00,170.47,170.47,170.47,170.47,100.0
2025-01-02T11:50:00-05:00,170.49,170.49,170.49,170.49,100.0
2025-01-02T11:55:00-05:00,170.14,170.14,170.14,170.14,100.0
2025-01-02T12:25:00-05:00,168.79,168.79,167.09,167.09,500.0
2025-01-02T12:40:00-05:00,165.0,165.43,164.99,165.43,1100.0
2025-01-02T12:45:00-05:00,165.36,165.36,164.9,164.9,750.0
2025-01-02T12:50:00-05:00,164.27,164.27,164.27,164.27,122.0
2025-01-02T12:55:00-05:00,165.98,166.03,165.85,166.03,500.0
2025-01-02T13:00:00-05:00,165.03,165.03,165.03,165.03,130.0
2025-01-02T13:05:00-05:00,165.73,165.73,165.73,165.73,100.0
2025-01-02T13:15:00-05:00,164.48,164.69,164.48,164.69,200.0
2025-01-02T13:25:00-05:00,164.92,164.92,164.92,164.92,100.0
2025-01-02T13:30:00-05:00,164.28,164.28,164.28,164.28,100.0
2025-01-02T13:35:00-05:00,164.87,164.87,164.87,164.87,122.0
2025-01-02T13:40:00-05:00,164.32,165.16,164.32,165.11,960.0
2025-01-02T13:50:00-05:00,164.08,164.08,164.08,164.08,200.0
2025-01-02T13:55:00-05:00,164.29,165.02,164.29,165.02,200.0
2025-01-02T14:25:00-05:00,166.15,166.15,166.15,166.15,100.0
2025-01-02T14:30:00-05:00,166.15,166.15,166.15,166.15,138.0
2025-01-02T14:35:00-05:00,165.89,165.89,165.89,165.89,100.0
2025-01-02T14:45:00-05:00,166.37,166.37,166.37,166.37,400.0
2025-01-02T14:55:00-05:00,166.19,166.19,165.36,165.36,300.0
2025-01-02T15:05:00-05:00,166.32,166.32,166.32,166.32,100.0
2025-01-02T15:10:00-05:00,167.12,167.12,167.12,167.12,300.0
2025-01-02T15:15:00-05:00,166.99,166.99,166.97,166.98,1000.0
2025-01-02T15:40:00-05:00,166.9,166.925,166.9,166.925,240.0
2025-01-02T15:45:00-05:00,166.94,167.5,166.94,167.34,1010.0
2025-01-02T15:50:00-05:00,167.0,167.37,166.99,166.99,900.0
2025-01-02T15:55:00-05:00,166.94,167.38,166.84,167.09,1600.0
2025-01-03T09:30:00-05:00,169.59,169.87,169.59,169.87,550.0
2025-01-03T09:35:00-05:00,170.25,171.33,170.25,171.33,675.0
2025-01-03T09:40:00-05:00,171.39,171.39,171.39,171.39,100.0
2025-01-03T09:50:00-05:00,169.22,169.22,169.22,169.22,100.0
2025-01-03T09:55:00-05:00,170.1,170.1,169.9,169.9,500.0
2025-01-03T10:00:00-05:00,170.55,170.55,170.55,170.55,100.0
2025-01-03T10:05:00-05:00,171.15,171.15,171.15,171.15,600.0
2025-01-03T10:10:00-05:00,170.3,170.3,170.3,170.3,102.0
2025-01-03T10:15:00-05:00,170.07,170.07,170.07,170.07,227.0
2025-01-03T10:20:00-05:00,168.93,168.93,168.93,168.93,150.0
2025-01-03T10:25:00-05:00,170.37,170.37,170.37,170.37,600.0
2025-01-03T10:30:00-05:00,170.44,170.44,170.44,170.44,100.0
2025-01-03T10:35:00-05:00,170.92,170.92,170.47,170.47,635.0
2025-01-03T10:40:00-05:00,170.63,170.63,170.63,170.63,100.0
2025-01-03T11:05:00-05:00,170.34,170.34,170.34,170.34,100.0
2025-01-03T11:15:00-05:00,170.64,170.64,170.64,170.64,100.0
2025-01-03T11:30:00-05:00,171.56,171.56,171.56,171.56,100.0
2025-01-03T11:35:00-05:00,172.23,172.23,172.23,172.23,1000.0
2025-01-03T11:50:00-05:00,172.45,172.45,172.45,172.45,100.0
2025-01-03T12:10:00-05:00,172.47,172.47,172.42,172.44,300.0
2025-01-03T12:15:00-05:00,172.125,172.34,172.125,172.34,200.0
2025-01-03T12:20:00-05:00,172.15,172.15,172.15,172.15,600.0
2025-01-03T12:30:00-05:00,172.06,172.09,172.06,172.09,400.0
2025-01-03T12:35:00-05:00,172.03,172.07,172.03,172.07,200.0
2025-01-03T12:55:00-05:00,172.43,172.43,172.43,172.43,100.0
2025-01-03T13:05:00-05:00,172.48,172.48,172.47,172.47,200.0
2025-01-03T13:25:00-05:00,172.76,172.76,172.76,172.76,100.0
2025-01-03T13:55:00-05:00,173.2,173.27,173.2,173.27,429.0
2025-01-03T14:55:00-05:00,173.66,173.66,173.66,173.66,100.0
2025-01-03T15:10:00-05:00,173.36,173.36,173.36,173.36,100.0
2025-01-03T15:25:00-05:00,173.475,173.495,173.475,173.495,203.0
2025-01-03T15:30:00-05:00,173.24,173.3,173.17,173.17,429.0
2025-01-03T15:50:00-05:00,172.89,173.07,172.83,173.07,500.0
2025-01-03T15:55:00-05:00,173.24,173.69,173.24,173.5,1595.0
2025-01-06T09:30:00-05:00,176.96,177.18,176.96,177.18,200.0
2025-01-06T09:40:00-05:00,178.58,178.58,177.87,177.93,400.0
2025-01-06T09:45:00-05:00,178.7,178.7,178.7,178.7,100.0
2025-01-06T10:00:00-05:00,178.72,178.735,178.72,178.735,750.0
2025-01-06T10:05:00-05:00,179.02,179.02,179.02,179.02,100.0
2025-01-06T10:10:00-05:00,178.66,179.11,178.65,179.07,1117.0
2025-01-06T10:30:00-05:00,179.19,179.19,179.19,179.19,100.0
2025-01-06T11:00:00-05:00,179.66,179.66,179.66,179.66,127.0
2025-01-06T11:55:00-05:00,180.03,180.03,180.03,180.03,100.0
2025-01-06T12:35:00-05:00,178.97,178.97,178.97,178.97,100.0
2025-01-06T12:55:00-05:00,178.48,178.48,178.48,178.48,100.0
2025-01-06T13:20:00-05:00,177.97,177.97,177.97,177.97,100.0
2025-01-06T13:25:00-05:00,178.2,178.22,178.2,178.22,200.0
2025-01-06T13:50:00-05:00,177.02,177.02,177.02,177.02,100.0
2025-01-06T14:00:00-05:00,176.55,176.55,176.55,176.55,100.0
2025-01-06T14:15:00-05:00,176.7,176.7,176.7,176.7,250.0
2025-01-06T14:20:00-05:00,176.56,176.56,176.56,176.56,100.0
2025-01-06T14:55:00-05:00,175.71,175.71,175.53,175.53,200.0
2025-01-06T15:00:00-05:00,175.45,175.45,175.45,175.45,100.0
2025-01-06T15:05:00-05:00,175.87,175.87,175.58,175.58,300.0
2025-01-06T15:10:00-05:00,175.68,175.68,175.68,175.68,512.0
2025-01-06T15:15:00-05:00,175.795,175.795,175.795,175.795,100.0
2025-01-06T15:30:00-05:00,176.31,176.31,176.31,176.31,150.0
2025-01-06T15:35:00-05:00,176.2,176.2,176.05,176.05,300.0
2025-01-06T15:40:00-05:00,175.8,175.95,175.8,175.95,500.0
2025-01-06T15:45:00-05:00,175.65,175.65,174.94,175.11,590.0
2025-01-06T15:50:00-05:00,175.76,175.92,175.76,175.88,452.0
2025-01-06T15:55:00-05:00,175.88,176.14,175.7,176.14,2088.0
2025-01-07T09:30:00-05:00,178.33,178.355,178.33,178.33,657.0
2025-01-07T09:35:00-05:00,177.43,177.43,177.43,177.43,170.0
2025-01-07T09:40:00-05:00,177.37,177.54,177.37,177.54,700.0
2025-01-07T09:45:00-05:00,177.81,177.81,177.81,177.81,100.0
2025-01-07T09:55:00-05:00,177.25,177.25,177.25,177.25,100.0
2025-01-07T10:00:00-05:00,176.59,176.59,176.25,176.25,228.0
2025-01-07T10:05:00-05:00,174.75,174.75,174.6,174.6,300.0
2025-01-07T10:10:00-05:00,174.36,174.4,174.35,174.39,1300.0
2025-01-07T10:15:00-05:00,173.58,173.73,173.58,173.73,226.0
2025-01-07T10:20:00-05:00,174.71,174.71,174.71,174.71,100.0
2025-01-07T10:25:00-05:00,175.43,175.62,175.17,175.17,600.0
2025-01-07T10:30:00-05:00,173.86,174.07,173.86,174.07,200.0
2025-01-07T10:45:00-05:00,172.21,172.21,172.21,172.21,100.0
2025-01-07T10:50:00-05:00,172.92,173.06,172.92,172.94,300.0
2025-01-07T10:55:00-05:00,173.75,174.13,173.75,174.13,200.0
2025-01-07T11:10:00-05:00,173.97,173.97,173.97,173.97,100.0
2025-01-07T11:30:00-05:00,173.91,173.91,173.79,173.79,800.0
2025-01-07T12:15:00-05:00,172.83,172.83,172.83,172.83,100.0
2025-01-07T12:25:00-05:00,171.97,171.98,171.97,171.98,500.0
2025-01-07T12:40:00-05:00,172.23,172.23,171.95,171.95,200.0
2025-01-07T13:00:00-05:00,172.8,172.8,172.8,172.8,200.0
2025-01-07T13:10:00-05:00,173.14,173.14,173.14,173.14,100.0
2025-01-07T13:25:00-05:00,173.71,173.71,173.71,173.71,200.0
2025-01-07T13:30:00-05:00,173.44,173.44,173.23,173.24,400.0
2025-01-07T13:55:00-05:00,172.52,172.52,172.52,172.52,218.0
2025-01-07T14:40:00-05:00,171.98,171.98,171.98,171.98,100.0
2025-01-07T14:45:00-05:00,172.2,172.2,172.2,172.2,100.0
2025-01-07T14:55:00-05:00,171.69,171.69,171.69,171.69,100.0
2025-01-07T15:00:00-05:00,171.44,171.44,171.44,171.44,125.0
2025-01-07T15:05:00-05:00,171.085,171.085,170.97,170.97,200.0
2025-01-07T15:15:00-05:00,170.56,170.56,170.56,170.56,300.0
2025-01-07T15:20:00-05:00,170.14,170.14,169.89,169.94,1063.0
2025-01-07T15:30:00-05:00,169.5,169.5,169.33,169.33,300.0
2025-01-07T15:35:00-05:00,169.22,169.41,169.22,169.41,500.0
2025-01-07T15:40:00-05:00,169.89,170.23,169.64,169.64,1265.0
2025-01-07T15:45:00-05:00,169.9,169.94,169.9,169.94,500.0
2025-01-07T15:50:00-05:00,170.275,170.37,169.86,170.3,2581.0
2025-01-07T15:55:00-05:00,170.32,170.62,170.31,170.48,2147.0
2025-01-08T09:30:00-05:00,169.99,169.99,169.99,169.99,100.0
2025-01-08T09:35:00-05:00,170.04,170.04,170.04,170.04,100.0
2025-01-08T09:45:00-05:00,169.4,169.82,169.4,169.82,700.0
2025-01-08T09:50:00-05:00,168.72,168.72,168.72,168.72,201.0
2025-01-08T09:55:00-05:00,168.94,168.94,168.94,168.94,100.0
2025-01-08T10:00:00-05:00,170.11,170.22,170.11,170.22,500.0
2025-01-08T10:05:00-05:00,169.92,169.92,169.92,169.92,100.0
2025-01-08T10:10:00-05:00,169.49,169.49,168.45,168.45,400.0
2025-01-08T10:15:00-05:00,168.71,168.71,168.7,168.7,301.0
2025-01-08T10:20:00-05:00,168.75,168.75,168.75,168.75,100.0
2025-01-08T10:30:00-05:00,168.6,168.845,168.6,168.845,300.0
2025-01-08T10:55:00-05:00,170.005,170.02,170.005,170.02,201.0
2025-01-08T11:00:00-05:00,170.1,170.1,169.61,169.61,300.0
2025-01-08T11:05:00-05:00,169.75,169.75,169.75,169.75,100.0
2025-01-08T11:15:00-05:00,169.88,169.88,169.56,169.56,200.0
2025-01-08T11:20:00-05:00,170.24,170.24,170.24,170.24,100.0
2025-01-08T12:20:00-05:00,168.76,168.76,168.76,168.76,1791.0
2025-01-08T12:25:00-05:00,168.315,168.315,168.315,168.315,103.0
2025-01-08T12:30:00-05:00,167.395,167.5,167.395,167.5,400.0
2025-01-08T12:40:00-05:00,168.31,168.31,168.31,168.31,100.0
2025-01-08T12:55:00-05:00,168.88,169.04,168.88,169.04,300.0
2025-01-08T13:05:00-05:00,170.07,170.07,169.94,169.94,201.0
2025-01-08T13:10:00-05:00,170.07,170.07,170.07,170.07,100.0
2025-01-08T13:20:00-05:00,170.16,170.28,169.82,170.28,476.0
2025-01-08T13:25:00-05:00,170.96,171.07,170.96,171.07,250.0
2025-01-08T13:30:00-05:00,170.52,170.53,170.52,170.53,400.0
2025-01-08T13:35:00-05:00,170.64,170.64,170.64,170.64,600.0
2025-01-08T13:45:00-05:00,170.43,170.43,170.11,170.11,201.0
2025-01-08T13:50:00-05:00,169.3,169.32,169.3,169.32,229.0
2025-01-08T14:10:00-05:00,170.35,170.35,170.35,170.35,100.0
2025-01-08T14:15:00-05:00,170.17,170.17,170.17,170.17,100.0
2025-01-08T14:35:00-05:00,170.58,170.58,170.58,170.58,100.0
2025-01-08T14:40:00-05:00,170.33,170.33,170.33,170.33,102.0
2025-01-08T14:45:00-05:00,170.36,170.36,170.17,170.17,256.0
2025-01-08T14:55:00-05:00,170.13,170.13,170.13,170.13,100.0
2025-01-08T15:05:00-05:00,170.575,170.575,170.575,170.575,112.0
2025-01-08T15:10:00-05:00,170.21,170.21,169.93,169.93,984.0
2025-01-08T15:15:00-05:00,170.215,170.215,170.215,170.215,100.0
2025-01-08T15:30:00-05:00,170.8,170.8,170.8,170.8,100.0
2025-01-08T15:35:00-05:00,170.46,170.46,170.46,170.46,102.0
2025-01-08T15:40:00-05:00,170.28,170.28,170.28,170.28,1200.0
2025-01-08T15:50:00-05:00,170.75,171.05,170.75,171.03,2576.0
2025-01-08T15:55:00-05:00,171.13,171.33,170.79,170.94,4942.0
2025-01-10T09:35:00-05:00,166.9,167.16,165.76,165.76,500.0
2025-01-10T09:40:00-05:00,165.915,166.31,165.71,166.28,1609.0
2025-01-10T09:45:00-05:00,166.5,166.69,165.04,165.06,750.0
2025-01-10T09:50:00-05:00,164.86,165.3,164.7,164.7,1300.0
2025-01-10T09:55:00-05:00,164.9,165.08,164.84,164.84,1925.0
2025-01-10T10:00:00-05:00,163.13,163.19,162.43,162.89,1039.0
2025-01-10T10:05:00-05:00,162.51,162.59,162.51,162.59,750.0
2025-01-10T10:10:00-05:00,162.41,162.45,162.41,162.45,1300.0
2025-01-10T10:20:00-05:00,163.74,163.74,163.74,163.74,500.0
2025-01-10T10:25:00-05:00,163.85,163.85,163.85,163.85,100.0
2025-01-10T10:30:00-05:00,164.03,164.03,164.03,164.03,350.0
2025-01-10T10:35:00-05:00,164.31,164.88,164.26,164.88,2690.0
2025-01-10T10:40:00-05:00,164.43,164.43,164.43,164.43,100.0
2025-01-10T10:50:00-05:00,164.22,164.22,164.22,164.22,100.0
2025-01-10T10:55:00-05:00,163.76,164.03,163.76,164.03,536.0
2025-01-10T11:00:00-05:00,163.245,163.245,162.85,162.85,746.0
2025-01-10T11:05:00-05:00,162.955,162.955,162.955,162.955,106.0
2025-01-10T11:10:00-05:00,162.72,162.72,162.72,162.72,500.0
2025-01-10T11:20:00-05:00,162.74,162.74,162.74,162.74,101.0
2025-01-10T11:30:00-05:00,162.145,162.27,162.145,162.27,460.0
2025-01-10T11:35:00-05:00,162.235,162.235,161.7,161.89,575.0
2025-01-10T11:45:00-05:00,162.65,162.65,162.65,162.65,164.0
2025-01-10T11:55:00-05:00,161.77,161.77,161.77,161.77,100.0
2025-01-10T12:00:00-05:00,161.79,161.79,161.44,161.44,381.0
2025-01-10T12:05:00-05:00,161.56,161.56,161.56,161.56,100.0
2025-01-10T12:10:00-05:00,161.69,161.69,161.69,161.69,100.0
2025-01-10T12:30:00-05:00,162.655,162.655,162.655,162.655,500.0
2025-01-10T12:40:00-05:00,163.22,163.245,163.22,163.24,300.0
2025-01-10T12:55:00-05:00,164.07,164.07,163.97,163.97,700.0
2025-01-10T13:00:00-05:00,163.52,163.52,163.52,163.52,100.0
2025-01-10T13:10:00-05:00,164.55,164.59,164.55,164.59,300.0
2025-01-10T13:20:00-05:00,165.29,165.42,165.29,165.42,251.0
2025-01-10T13:25:00-05:00,165.35,165.85,165.35,165.46,600.0
2025-01-10T13:40:00-05:00,165.61,165.61,165.44,165.44,300.0
2025-01-10T13:45:00-05:00,165.63,165.66,165.34,165.34,300.0
2025-01-10T13:55:00-05:00,166.42,166.48,166.22,166.48,550.0
2025-01-10T14:00:00-05:00,166.14,166.14,166.14,166.14,100.0
2025-01-10T14:05:00-05:00,164.86,164.86,164.86,164.86,100.0
2025-01-10T14:20:00-05:00,164.52,164.52,164.29,164.29,500.0
2025-01-10T15:10:00-05:00,164.18,164.205,163.17,163.195,1199.0
2025-01-10T15:15:00-05:00,163.28,163.28,163.28,163.28,100.0
2025-01-10T15:20:00-05:00,163.04,163.04,163.04,163.04,100.0
2025-01-10T15:45:00-05:00,162.82,162.82,162.63,162.8,461.0
2025-01-10T15:50:00-05:00,162.5,163.38,162.5,163.29,659.0
2025-01-10T15:55:00-05:00,163.16,163.46,163.16,163.46,200.0
2025-01-13T09:30:00-05:00,159.18,159.525,158.94,159.525,2111.0
2025-01-13T09:35:00-05:00,159.6,159.6,158.8,159.04,886.0
2025-01-13T09:40:00-05:00,159.01,159.01,158.68,158.73,702.0
2025-01-13T09:45:00-05:00,159.69,159.69,159.69,159.69,100.0
2025-01-13T09:50:00-05:00,160.34,160.34,160.34,160.34,100.0
2025-01-13T10:05:00-05:00,160.81,160.81,160.81,160.81,200.0
2025-01-13T10:10:00-05:00,160.0,160.0,160.0,160.0,100.0
2025-01-13T10:15:00-05:00,159.97,159.97,159.77,159.77,200.0
2025-01-13T10:20:00-05:00,160.74,160.77,160.74,160.77,200.0
2025-01-13T10:25:00-05:00,159.33,159.33,159.33,159.33,100.0
2025-01-13T10:30:00-05:00,159.88,159.93,159.81,159.81,1431.0
2025-01-13T10:40:00-05:00,160.73,161.51,160.73,161.51,478.0
2025-01-13T10:45:00-05:00,161.43,161.76,161.43,161.76,698.0
2025-01-13T10:50:00-05:00,160.97,160.97,160.96,160.96,350.0
2025-01-13T11:00:00-05:00,160.49,160.49,160.47,160.47,381.0
2025-01-13T11:05:00-05:00,160.41,160.41,160.41,160.41,100.0
2025-01-13T11:10:00-05:00,160.28,160.28,160.03,160.03,200.0
2025-01-13T11:15:00-05:00,160.28,160.28,160.13,160.14,400.0
2025-01-13T11:20:00-05:00,159.89,160.57,159.89,160.47,500.0
2025-01-13T11:30:00-05:00,160.04,160.11,160.04,160.11,200.0
2025-01-13T11:35:00-05:00,160.04,160.04,160.03,160.04,426.0
2025-01-13T11:40:00-05:00,160.57,160.8,160.57,160.8,200.0
2025-01-13T11:45:00-05:00,160.68,160.68,160.68,160.68,100.0
2025-01-13T11:50:00-05:00,160.32,160.32,160.09,160.09,200.0
2025-01-13T11:55:00-05:00,159.67,159.67,159.67,159.67,200.0
2025-01-13T12:00:00-05:00,159.57,159.57,159.57,159.57,100.0
2025-01-13T12:10:00-05:00,160.34,160.34,160.34,160.34,100.0
2025-01-13T12:15:00-05:00,160.49,160.89,160.49,160.89,941.0
2025-01-13T12:25:00-05:00,161.29,161.29,161.11,161.11,200.0
2025-01-13T12:30:00-05:00,160.79,161.09,160.79,161.09,300.0
2025-01-13T12:40:00-05:00,160.65,160.65,160.65,160.65,100.0
2025-01-13T12:50:00-05:00,161.25,161.31,161.18,161.18,400.0
2025-01-13T12:55:00-05:00,161.84,161.91,161.84,161.91,499.0
2025-01-13T13:00:00-05:00,162.07,162.07,161.85,161.85,223.0
2025-01-13T13:05:00-05:00,161.75,161.75,161.75,161.75,100.0
2025-01-13T13:30:00-05:00,162.56,162.56,162.56,162.56,250.0
2025-01-13T13:45:00-05:00,162.45,162.45,162.45,162.45,100.0
2025-01-13T13:55:00-05:00,162.2,162.2,162.19,162.19,400.0
2025-01-13T14:00:00-05:00,162.25,162.25,162.25,162.25,100.0
2025-01-13T14:05:00-05:00,162.38,162.38,162.38,162.38,100.0
2025-01-13T14:10:00-05:00,162.34,162.34,162.34,162.34,100.0
2025-01-13T14:15:00-05:00,161.93,161.93,161.9,161.9,350.0
2025-01-13T14:25:00-05:00,162.79,162.79,162.79,162.79,150.0
2025-01-13T14:35:00-05:00,162.79,162.79,162.79,162.79,100.0
2025-01-13T14:40:00-05:00,163.3,163.3,163.3,163.3,100.0
2025-01-13T14:45:00-05:00,162.89,162.89,162.88,162.88,439.0
2025-01-13T15:00:00-05:00,162.6,162.735,162.59,162.735,309.0
2025-01-13T15:05:00-05:00,162.9,162.9,162.9,162.9,100.0
2025-01-13T15:15:00-05:00,162.985,162.985,162.985,162.985,100.0
2025-01-13T15:20:00-05:00,163.12,163.13,162.56,162.56,500.0
2025-01-13T15:45:00-05:00,162.52,162.52,162.52,162.52,100.0
2025-01-13T15:50:00-05:00,163.07,163.575,163.07,163.575,300.0
2025-01-13T15:55:00-05:00,163.52,163.91,163.49,163.66,2420.0
2025-01-14T09:30:00-05:00,165.64,165.64,165.36,165.36,200.0
2025-01-14T09:35:00-05:00,166.32,166.32,166.32,166.32,100.0
2025-01-14T09:40:00-05:00,166.43,166.43,166.37,166.37,200.0
2025-01-14T09:45:00-05:00,165.91,165.91,165.43,165.43,813.0
2025-01-14T09:55:00-05:00,164.27,164.27,164.27,164.27,100.0
2025-01-14T10:00:00-05:00,164.93,164.93,164.93,164.93,100.0
2025-01-14T10:05:00-05:00,165.74,165.95,165.74,165.95,430.0
2025-01-14T10:10:00-05:00,166.16,166.26,165.77,165.77,550.0
2025-01-14T10:15:00-05:00,166.24,166.24,166.24,166.24,100.0
2025-01-14T10:25:00-05:00,165.81,165.81,165.81,165.81,150.0
2025-01-14T10:50:00-05:00,164.18,164.18,164.18,164.18,100.0
2025-01-14T10:55:00-05:00,164.42,164.42,164.42,164.42,250.0
2025-01-14T11:00:00-05:00,163.54,163.54,163.54,163.54,100.0
2025-01-14T11:10:00-05:00,163.03,163.03,163.03,163.03,100.0
2025-01-14T11:15:00-05:00,163.13,163.57,163.13,163.16,350.0
2025-01-14T11:25:00-05:00,164.09,164.09,163.93,163.93,300.0
2025-01-14T11:30:00-05:00,163.43,163.43,163.4,163.4,409.0
2025-01-14T11:40:00-05:00,162.525,162.525,162.525,162.525,132.0
2025-01-14T11:45:00-05:00,162.11,162.11,162.11,162.11,100.0
2025-01-14T13:20:00-05:00,163.84,163.84,163.84,163.84,150.0
2025-01-14T14:50:00-05:00,164.17,164.17,164.17,164.17,100.0
2025-01-14T15:00:00-05:00,162.095,162.095,161.965,161.965,694.0
2025-01-14T15:15:00-05:00,162.29,162.29,162.29,162.29,122.0
2025-01-14T15:40:00-05:00,162.25,162.48,162.25,162.32,300.0
2025-01-14T15:45:00-05:00,163.07,163.07,163.07,163.07,100.0
2025-01-14T15:50:00-05:00,163.94,163.94,163.69,163.69,350.0
2025-01-14T15:55:00-05:00,163.8,163.95,163.8,163.95,1056.0
2025-01-15T09:30:00-05:00,171.185,171.62,171.185,171.62,200.0
2025-01-15T09:35:00-05:00,170.73,171.13,170.73,171.13,200.0
2025-01-15T09:40:00-05:00,171.93,171.93,171.93,171.93,100.0
2025-01-15T09:50:00-05:00,172.53,172.55,172.53,172.55,200.0
2025-01-15T09:55:00-05:00,172.5,172.71,172.5,172.71,260.0
2025-01-15T10:05:00-05:00,172.34,172.34,172.34,172.34,101.0
2025-01-15T10:20:00-05:00,173.02,173.02,173.02,173.02,140.0
2025-01-15T10:25:00-05:00,172.86,172.86,172.86,172.86,250.0
2025-01-15T10:30:00-05:00,172.71,172.71,172.71,172.71,100.0
2025-01-15T10:35:00-05:00,172.7,172.7,172.7,172.7,203.0
2025-01-15T10:50:00-05:00,171.98,171.98,171.98,171.98,101.0
2025-01-15T11:05:00-05:00,171.92,171.92,171.92,171.92,100.0
2025-01-15T11:10:00-05:00,172.0,172.04,172.0,172.04,351.0
2025-01-15T11:30:00-05:00,171.37,171.37,171.14,171.14,350.0
2025-01-15T12:00:00-05:00,171.18,171.18,171.18,171.18,255.0
2025-01-15T12:35:00-05:00,172.12,172.12,172.11,172.11,200.0
2025-01-15T12:55:00-05:00,172.19,172.19,172.19,172.19,229.0
2025-01-15T13:35:00-05:00,172.82,172.82,172.82,172.82,100.0
2025-01-15T13:55:00-05:00,173.03,173.03,173.03,173.03,100.0
2025-01-15T14:20:00-05:00,173.35,173.35,173.35,173.35,100.0
2025-01-15T14:40:00-05:00,173.65,173.65,173.65,173.65,100.0
2025-01-15T14:55:00-05:00,173.75,173.76,173.75,173.76,200.0
2025-01-15T15:00:00-05:00,173.765,173.765,173.765,173.765,100.0
2025-01-15T15:05:00-05:00,173.77,173.89,173.77,173.835,1028.0
2025-01-15T15:10:00-05:00,173.98,173.98,173.97,173.97,200.0
2025-01-15T15:20:00-05:00,174.03,174.11,174.03,174.11,700.0
2025-01-15T15:30:00-05:00,173.84,173.84,173.84,173.84,110.0
2025-01-15T15:35:00-05:00,173.71,173.79,173.71,173.79,201.0
2025-01-15T15:40:00-05:00,173.71,173.71,173.71,173.71,100.0
2025-01-15T15:45:00-05:00,173.92,173.92,173.76,173.81,610.0
2025-01-15T15:50:00-05:00,173.5,173.71,173.455,173.455,1404.0
2025-01-15T15:55:00-05:00,173.44,173.54,173.21,173.22,1046.0
2025-09-15T09:30:00-04:00,205.395,205.76,205.37,205.6,1422.0
2025-09-15T09:35:00-04:00,205.68,205.87,205.61,205.87,1919.0
2025-09-15T09:40:00-04:00,205.93,205.93,205.38,205.38,1227.0
2025-09-15T09:45:00-04:00,205.41,205.93,205.41,205.88,1438.0
2025-09-15T09:50:00-04:00,205.93,206.12,205.86,206.1,1966.0
2025-09-15T09:55:00-04:00,206.16,206.3,206.04,206.3,1363.0
2025-09-15T10:00:00-04:00,206.33,206.35,205.98,205.98,1434.0
2025-09-15T10:05:00-04:00,206.01,206.02,205.9,205.94,520.0
2025-09-15T10:10:00-04:00,205.84,205.84,205.84,205.84,100.0
2025-09-15T10:20:00-04:00,206.06,206.06,206.06,206.06,100.0
2025-09-15T10:25:00-04:00,206.24,206.24,206.24,206.24,104.0
2025-09-15T10:30:00-04:00,206.37,206.49,206.09,206.24,1667.0
2025-09-15T10:35:00-04:00,206.22,206.22,206.22,206.22,100.0
2025-09-15T10:40:00-04:00,206.5,206.53,206.5,206.53,260.0
2025-09-15T10:50:00-04:00,206.6,206.6,206.6,206.6,100.0
2025-09-15T11:05:00-04:00,206.56,206.56,206.56,206.56,108.0
2025-09-15T11:15:00-04:00,206.45,206.45,206.45,206.45,100.0
2025-09-15T11:20:00-04:00,206.24,206.24,205.99,205.99,300.0
2025-09-15T11:30:00-04:00,206.14,206.14,205.96,206.12,654.0
2025-09-15T11:35:00-04:00,206.14,206.33,206.07,206.31,800.0
2025-09-15T11:40:00-04:00,206.45,206.45,206.43,206.43,225.0
2025-09-15T11:45:00-04:00,206.07,206.18,206.04,206.18,910.0
2025-09-15T11:50:00-04:00,206.26,206.32,206.15,206.32,1046.0
2025-09-15T11:55:00-04:00,206.32,206.33,206.25,206.3,744.0
2025-09-15T12:00:00-04:00,206.28,206.28,206.19,206.19,1339.0
2025-09-15T12:05:00-04:00,206.24,206.36,206.2,206.35,936.0
2025-09-15T12:10:00-04:00,206.41,206.52,206.34,206.51,1198.0
2025-09-15T12:15:00-04:00,206.5,206.52,206.43,206.43,768.0
2025-09-15T12:20:00-04:00,206.46,206.46,206.31,206.42,782.0
2025-09-15T12:25:00-04:00,206.44,206.44,206.31,206.38,827.0
2025-09-15T12:30:00-04:00,206.3,206.48,206.3,206.47,625.0
2025-09-15T12:35:00-04:00,206.36,206.37,206.33,206.37,329.0
2025-09-15T12:40:00-04:00,206.41,206.41,206.23,206.32,531.0
2025-09-15T12:45:00-04:00,206.27,206.28,206.14,206.23,756.0
2025-09-15T12:50:00-04:00,206.23,206.23,206.13,206.15,836.0
2025-09-15T12:55:00-04:00,206.09,206.09,205.93,205.94,887.0
2025-09-15T13:00:00-04:00,205.82,205.93,205.82,205.92,1050.0
2025-09-15T13:05:00-04:00,205.93,206.07,205.93,206.07,600.0
2025-09-15T13:10:00-04:00,205.92,205.92,205.69,205.7,1377.0
2025-09-15T13:15:00-04:00,205.78,205.78,205.57,205.57,758.0
2025-09-15T13:20:00-04:00,205.51,205.58,205.4,205.58,451.0
2025-09-15T13:25:00-04:00,205.59,205.59,205.49,205.51,1063.0
2025-09-15T13:30:00-04:00,205.47,205.63,205.47,205.63,541.0
2025-09-15T13:35:00-04:00,205.69,205.91,205.61,205.91,909.0
2025-09-15T13:40:00-04:00,206.02,206.1,206.0,206.03,873.0
2025-09-15T13:45:00-04:00,206.0,206.07,205.99,205.99,476.0
2025-09-15T13:50:00-04:00,206.17,206.17,206.1,206.1,701.0
2025-09-15T13:55:00-04:00,206.14,206.24,206.12,206.23,704.0
2025-09-15T14:00:00-04:00,206.21,206.21,206.07,206.07,658.0
2025-09-15T14:05:00-04:00,206.21,206.21,205.9,205.9,1208.0
2025-09-15T14:10:00-04:00,205.88,205.89,205.81,205.85,774.0
2025-09-15T14:15:00-04:00,205.85,205.85,205.72,205.76,823.0
2025-09-15T14:20:00-04:00,205.8,205.87,205.74,205.87,524.0
2025-09-15T14:25:00-04:00,205.9,205.91,205.65,205.65,761.0
2025-09-15T14:30:00-04:00,205.63,205.8,205.63,205.8,598.0
2025-09-15T14:35:00-04:00,205.79,205.79,205.59,205.6,1407.0
2025-09-15T14:40:00-04:00,205.62,205.62,205.195,205.23,1567.0
2025-09-15T14:45:00-04:00,205.29,205.51,205.24,205.51,1129.0
2025-09-15T14:50:00-04:00,205.6,205.81,205.6,205.81,840.0
2025-09-15T14:55:00-04:00,205.82,205.82,205.69,205.69,1012.0
2025-09-15T15:00:00-04:00,205.8,205.8,205.55,205.55,648.0
2025-09-15T15:05:00-04:00,205.54,205.69,205.54,205.69,700.0
2025-09-15T15:10:00-04:00,205.66,205.85,205.66,205.7,1218.0
2025-09-15T15:15:00-04:00,205.55,205.67,205.54,205.67,593.0
2025-09-15T15:20:00-04:00,205.72,205.86,205.72,205.72,902.0
2025-09-15T15:25:00-04:00,205.82,205.84,205.79,205.83,1074.0
2025-09-15T15:30:00-04:00,205.74,205.75,205.74,205.75,478.0
2025-09-15T15:35:00-04:00,205.76,205.82,205.62,205.67,1019.0
2025-09-15T15:40:00-04:00,205.65,205.86,205.65,205.68,1174.0
2025-09-15T15:45:00-04:00,205.82,206.09,205.82,206.09,2886.0
2025-09-15T15:50:00-04:00,205.98,205.98,205.62,205.98,1437.0
2025-09-15T15:55:00-04:00,205.85,206.53,205.85,206.53,3512.0
2025-09-16T09:30:00-04:00,207.09,207.09,206.86,206.86,250.0
2025-09-16T09:35:00-04:00,206.9,206.9,206.59,206.59,2283.0
2025-09-16T09:40:00-04:00,206.57,206.68,206.33,206.43,1235.0
2025-09-16T09:45:00-04:00,206.34,206.53,206.16,206.53,2650.0
2025-09-16T09:50:00-04:00,205.99,205.99,205.73,205.94,696.0
2025-09-16T09:55:00-04:00,205.88,206.0,205.85,205.92,1258.0
2025-09-16T10:00:00-04:00,205.8,205.87,205.58,205.67,1960.0
2025-09-16T10:05:00-04:00,205.7,205.81,205.65,205.66,1879.0
2025-09-16T10:10:00-04:00,205.56,205.63,205.37,205.61,1842.0
2025-09-16T10:15:00-04:00,205.71,206.03,205.71,205.94,1856.0
2025-09-16T10:20:00-04:00,205.71,206.11,205.71,206.02,1344.0
2025-09-16T10:25:00-04:00,206.01,206.01,205.55,205.64,1709.0
2025-09-16T10:30:00-04:00,205.62,205.62,205.51,205.59,461.0
2025-09-16T10:35:00-04:00,205.6,205.93,205.6,205.93,801.0
2025-09-16T10:40:00-04:00,205.54,205.59,205.46,205.46,1148.0
2025-09-16T10:45:00-04:00,205.48,205.59,205.48,205.59,957.0
2025-09-16T10:50:00-04:00,205.53,205.75,205.53,205.75,551.0
2025-09-16T10:55:00-04:00,205.64,205.64,205.58,205.59,500.0
2025-09-16T11:00:00-04:00,205.35,205.35,205.11,205.11,700.0
2025-09-16T11:05:00-04:00,205.37,205.58,205.37,205.58,410.0
2025-09-16T11:10:00-04:00,205.69,205.71,205.56,205.59,700.0
2025-09-16T11:15:00-04:00,205.34,205.34,205.32,205.32,355.0
2025-09-16T11:20:00-04:00,205.55,205.73,205.51,205.51,1306.0
2025-09-16T11:25:00-04:00,205.57,205.57,205.42,205.42,482.0
2025-09-16T11:30:00-04:00,205.26,205.28,205.25,205.25,488.0
2025-09-16T11:35:00-04:00,205.25,205.32,205.25,205.32,374.0
2025-09-16T11:40:00-04:00,205.12,205.12,205.0,205.0,374.0
2025-09-16T11:45:00-04:00,205.28,205.4,205.22,205.22,750.0
2025-09-16T11:50:00-04:00,205.22,205.5,205.22,205.5,653.0
2025-09-16T11:55:00-04:00,205.49,205.53,205.28,205.34,869.0
2025-09-16T12:00:00-04:00,205.31,205.42,205.28,205.28,1314.0
2025-09-16T12:05:00-04:00,205.36,205.51,205.36,205.51,626.0
2025-09-16T12:10:00-04:00,205.5,205.54,205.48,205.5,813.0
2025-09-16T12:15:00-04:00,205.46,205.56,205.46,205.56,328.0
2025-09-16T12:20:00-04:00,205.55,205.55,205.55,205.55,100.0
2025-09-16T12:25:00-04:00,205.52,205.63,205.5,205.57,430.0
2025-09-16T12:30:00-04:00,205.51,205.54,205.48,205.53,752.0
2025-09-16T12:35:00-04:00,205.4,205.6,205.23,205.6,1225.0
2025-09-16T12:40:00-04:00,205.35,205.42,205.35,205.42,203.0
2025-09-16T12:45:00-04:00,205.49,205.59,205.46,205.46,470.0
2025-09-16T12:50:00-04:00,205.44,205.73,205.44,205.72,618.0
2025-09-16T12:55:00-04:00,205.72,205.74,205.61,205.62,823.0
2025-09-16T13:00:00-04:00,205.84,205.84,205.84,205.84,223.0
2025-09-16T13:05:00-04:00,205.82,205.91,205.82,205.86,761.0
2025-09-16T13:10:00-04:00,205.9,205.92,205.9,205.92,200.0
2025-09-16T13:15:00-04:00,205.93,205.93,205.91,205.91,269.0
2025-09-16T13:20:00-04:00,205.98,206.03,205.98,206.03,234.0
2025-09-16T13:25:00-04:00,205.99,205.99,205.94,205.94,561.0
2025-09-16T13:30:00-04:00,205.91,205.96,205.87,205.95,1016.0
2025-09-16T13:35:00-04:00,205.91,205.99,205.91,205.97,584.0
2025-09-16T13:40:00-04:00,205.84,205.84,205.72,205.72,859.0
2025-09-16T13:45:00-04:00,205.87,205.87,205.87,205.87,139.0
2025-09-16T13:50:00-04:00,205.78,205.86,205.66,205.82,686.0
2025-09-16T13:55:00-04:00,205.91,205.93,205.91,205.93,256.0
2025-09-16T14:00:00-04:00,205.8,205.8,205.8,205.8,100.0
2025-09-16T14:05:00-04:00,205.99,206.01,205.91,205.91,572.0
2025-09-16T14:10:00-04:00,205.92,205.92,205.82,205.82,354.0
2025-09-16T14:15:00-04:00,205.89,205.89,205.84,205.84,731.0
2025-09-16T14:20:00-04:00,205.77,205.91,205.77,205.85,900.0
2025-09-16T14:25:00-04:00,205.86,205.86,205.83,205.83,200.0
2025-09-16T14:30:00-04:00,205.96,205.96,205.93,205.93,250.0
2025-09-16T14:35:00-04:00,205.95,206.02,205.88,205.89,630.0
2025-09-16T14:40:00-04:00,205.92,206.13,205.92,206.13,400.0
2025-09-16T14:45:00-04:00,206.15,206.15,206.13,206.15,445.0
2025-09-16T14:50:00-04:00,206.2,206.29,206.2,206.29,275.0
2025-09-16T14:55:00-04:00,206.25,206.25,206.21,206.21,336.0
2025-09-16T15:00:00-04:00,206.2,206.23,206.2,206.2,653.0
2025-09-16T15:05:00-04:00,206.28,206.28,206.13,206.13,627.0
2025-09-16T15:10:00-04:00,206.17,206.17,206.17,206.17,180.0
2025-09-16T15:15:00-04:00,206.26,206.26,206.13,206.15,600.0
2025-09-16T15:20:00-04:00,206.11,206.18,206.07,206.07,526.0
2025-09-16T15:25:00-04:00,205.92,205.92,205.79,205.79,872.0
2025-09-16T15:30:00-04:00,205.81,205.82,205.63,205.63,1272.0
2025-09-16T15:35:00-04:00,205.52,205.79,205.52,205.69,477.0
2025-09-16T15:40:00-04:00,205.61,205.82,205.61,205.75,1232.0
2025-09-16T15:45:00-04:00,205.78,205.99,205.78,205.99,1752.0
2025-09-16T15:50:00-04:00,206.17,206.25,206.0,206.13,3404.0
2025-09-16T15:55:00-04:00,206.08,206.14,205.48,205.55,5483.0
2025-09-17T09:30:00-04:00,205.64,205.79,205.64,205.79,310.0
2025-09-17T09:40:00-04:00,205.59,205.68,205.49,205.49,1415.0
2025-09-17T09:45:00-04:00,205.27,205.87,205.27,205.76,1555.0
2025-09-17T09:50:00-04:00,205.87,206.14,205.74,205.82,1615.0
2025-09-17T09:55:00-04:00,205.82,205.82,205.57,205.57,683.0
2025-09-17T10:00:00-04:00,205.33,205.34,205.14,205.14,725.0
2025-09-17T10:05:00-04:00,204.96,205.24,204.96,205.14,501.0
2025-09-17T10:10:00-04:00,205.09,205.09,205.09,205.09,100.0
2025-09-17T10:15:00-04:00,205.16,205.16,204.86,204.92,513.0
2025-09-17T10:35:00-04:00,204.87,205.01,204.87,205.01,1009.0
2025-09-17T10:40:00-04:00,205.01,205.12,204.85,204.85,1231.0
2025-09-17T10:45:00-04:00,204.9,204.96,204.8,204.89,924.0
2025-09-17T10:50:00-04:00,204.89,204.89,204.89,204.89,273.0
2025-09-17T10:55:00-04:00,205.23,205.23,204.97,204.97,800.0
2025-09-17T11:00:00-04:00,204.96,204.96,204.87,204.87,341.0
2025-09-17T11:05:00-04:00,204.77,204.89,204.77,204.89,299.0
2025-09-17T11:10:00-04:00,204.82,205.1,204.82,205.1,455.0
2025-09-17T11:15:00-04:00,205.12,205.22,205.12,205.18,782.0
2025-09-17T11:20:00-04:00,205.17,205.17,204.99,204.99,589.0
2025-09-17T11:25:00-04:00,204.97,204.97,204.61,204.62,400.0
2025-09-17T11:30:00-04:00,204.63,204.72,204.63,204.72,212.0
2025-09-17T11:35:00-04:00,204.86,204.89,204.86,204.89,466.0
2025-09-17T11:40:00-04:00,204.67,204.67,204.57,204.57,408.0
2025-09-17T11:45:00-04:00,204.92,204.92,204.72,204.72,633.0
2025-09-17T11:50:00-04:00,204.62,204.71,204.57,204.57,411.0
2025-09-17T11:55:00-04:00,204.7,204.91,204.7,204.91,300.0
2025-09-17T12:00:00-04:00,204.77,204.78,204.77,204.78,200.0
2025-09-17T12:05:00-04:00,204.85,204.88,204.66,204.67,541.0
2025-09-17T12:10:00-04:00,204.64,204.64,204.63,204.63,300.0
2025-09-17T12:15:00-04:00,204.59,204.59,204.55,204.55,247.0
2025-09-17T12:20:00-04:00,204.43,204.43,204.43,204.43,100.0
2025-09-17T12:25:00-04:00,204.53,204.59,204.52,204.57,500.0
2025-09-17T12:30:00-04:00,204.62,204.62,204.39,204.39,732.0
2025-09-17T12:35:00-04:00,204.33,204.33,204.21,204.21,538.0
2025-09-17T12:40:00-04:00,203.88,204.26,203.88,204.26,600.0
2025-09-17T12:45:00-04:00,203.88,203.99,203.88,203.99,200.0
2025-09-17T12:50:00-04:00,204.13,204.24,204.13,204.2,735.0
2025-09-17T12:55:00-04:00,204.13,204.13,203.97,203.97,200.0
2025-09-17T13:00:00-04:00,204.11,204.3,204.11,204.3,329.0
2025-09-17T13:05:00-04:00,204.32,204.41,204.32,204.41,475.0
2025-09-17T13:10:00-04:00,204.19,204.27,204.12,204.27,420.0
2025-09-17T13:15:00-04:00,204.31,204.31,204.27,204.27,238.0
2025-09-17T13:20:00-04:00,204.3,204.3,204.17,204.26,769.0
2025-09-17T13:25:00-04:00,204.26,204.38,204.26,204.36,530.0
2025-09-17T13:30:00-04:00,204.47,204.62,204.47,204.58,782.0
2025-09-17T13:35:00-04:00,204.48,204.72,204.48,204.72,874.0
2025-09-17T13:40:00-04:00,204.84,204.85,204.58,204.58,981.0
2025-09-17T13:45:00-04:00,204.56,204.62,204.56,204.59,300.0
2025-09-17T13:50:00-04:00,204.57,204.57,204.49,204.49,286.0
2025-09-17T13:55:00-04:00,204.77,204.96,204.77,204.96,210.0
2025-09-17T14:00:00-04:00,206.27,206.99,206.27,206.99,216.0
2025-09-17T14:05:00-04:00,207.09,207.09,206.44,206.485,775.0
2025-09-17T14:10:00-04:00,205.415,205.415,203.95,203.95,301.0
2025-09-17T14:15:00-04:00,203.33,203.99,203.33,203.99,200.0
2025-09-17T14:20:00-04:00,203.77,204.935,203.77,204.935,413.0
2025-09-17T14:25:00-04:00,205.12,205.81,205.12,205.8,629.0
2025-09-17T14:35:00-04:00,203.55,203.55,202.79,202.79,220.0
2025-09-17T14:40:00-04:00,203.07,203.68,202.22,202.52,2300.0
2025-09-17T14:45:00-04:00,202.01,202.905,202.01,202.905,210.0
2025-09-17T14:50:00-04:00,202.735,202.735,202.09,202.19,411.0
2025-09-17T15:00:00-04:00,203.44,204.25,203.44,204.25,580.0
2025-09-17T15:05:00-04:00,204.715,205.6,204.57,205.6,1298.0
2025-09-17T15:10:00-04:00,205.19,205.19,203.69,203.905,800.0
2025-09-17T15:15:00-04:00,204.51,205.385,204.51,205.2,350.0
2025-09-17T15:20:00-04:00,204.47,205.8,204.47,205.8,400.0
2025-09-17T15:25:00-04:00,205.99,205.99,205.9,205.9,600.0
2025-09-17T15:30:00-04:00,205.16,205.47,204.89,204.89,429.0
2025-09-17T15:35:00-04:00,205.63,205.63,205.175,205.175,350.0
2025-09-17T15:40:00-04:00,204.9,204.92,204.9,204.92,950.0
2025-09-17T15:45:00-04:00,205.16,205.16,205.16,205.16,150.0
2025-09-17T15:50:00-04:00,204.86,204.86,204.86,204.86,100.0
2025-09-17T15:55:00-04:00,205.265,205.265,204.38,204.38,1120.0
2025-09-18T09:30:00-04:00,207.16,207.42,207.08,207.42,351.0
2025-09-18T09:45:00-04:00,205.97,206.17,205.85,205.85,600.0
2025-09-18T09:55:00-04:00,207.03,207.03,207.025,207.025,482.0
2025-09-18T10:00:00-04:00,208.03,208.03,208.03,208.03,100.0
2025-09-18T10:05:00-04:00,208.245,208.47,208.245,208.47,272.0
2025-09-18T10:20:00-04:00,209.06,209.06,208.97,208.97,230.0
2025-09-18T10:25:00-04:00,209.57,209.57,209.57,209.57,165.0
2025-09-18T10:40:00-04:00,208.995,208.995,208.995,208.995,150.0
2025-09-18T11:05:00-04:00,208.365,208.52,208.07,208.52,552.0
2025-09-18T11:10:00-04:00,208.0,208.0,208.0,208.0,100.0
2025-09-18T11:15:00-04:00,208.9,208.9,208.9,208.9,150.0
2025-09-18T11:45:00-04:00,208.47,208.47,208.47,208.47,179.0
2025-09-18T11:50:00-04:00,208.33,208.33,208.33,208.33,133.0
2025-09-18T12:20:00-04:00,208.62,208.62,208.55,208.55,410.0
2025-09-18T12:55:00-04:00,209.34,209.36,209.34,209.36,300.0
2025-09-18T13:05:00-04:00,209.15,209.15,209.15,209.15,150.0
2025-09-18T13:20:00-04:00,208.85,208.85,208.85,208.85,110.0
2025-09-18T13:35:00-04:00,208.19,208.19,208.19,208.19,100.0
2025-09-18T14:20:00-04:00,208.15,208.21,208.15,208.21,260.0
2025-09-18T14:30:00-04:00,208.25,208.25,208.25,208.25,120.0
2025-09-18T14:40:00-04:00,207.98,207.98,207.98,207.98,120.0
2025-09-18T14:50:00-04:00,208.5,208.5,208.5,208.5,120.0
2025-09-18T14:55:00-04:00,208.67,208.67,208.665,208.665,650.0
2025-09-18T15:05:00-04:00,208.66,208.66,208.66,208.66,338.0
2025-09-18T15:25:00-04:00,208.07,208.07,208.07,208.07,100.0
2025-09-18T15:30:00-04:00,208.13,208.13,207.97,207.97,698.0
2025-09-18T15:50:00-04:00,207.47,208.2,207.47,208.2,431.0
2025-09-18T15:55:00-04:00,208.25,208.25,207.82,207.82,1485.0
2025-09-19T09:30:00-04:00,209.175,209.175,208.49,208.49,400.0
2025-09-19T09:35:00-04:00,208.5,208.5,208.32,208.32,531.0
2025-09-19T09:40:00-04:00,208.74,208.89,208.51,208.51,600.0
2025-09-19T09:45:00-04:00,208.49,208.57,208.42,208.42,600.0
2025-09-19T09:50:00-04:00,209.36,209.5,209.23,209.23,327.0
2025-09-19T09:55:00-04:00,209.35,209.39,208.92,208.92,311.0
2025-09-19T10:00:00-04:00,209.09,209.1,209.08,209.08,459.0
2025-09-19T10:05:00-04:00,209.16,209.24,208.96,209.24,1017.0
2025-09-19T10:10:00-04:00,208.93,209.1,208.93,209.1,200.0
2025-09-19T10:15:00-04:00,208.97,208.97,208.79,208.82,720.0
2025-09-19T10:20:00-04:00,208.74,209.04,208.74,209.04,1376.0
2025-09-19T10:25:00-04:00,208.86,209.04,208.8,208.81,1535.0
2025-09-19T10:30:00-04:00,208.72,208.72,208.72,208.72,100.0
2025-09-19T10:35:00-04:00,208.84,208.84,208.84,208.84,100.0
2025-09-19T10:40:00-04:00,208.48,208.49,208.32,208.32,410.0
2025-09-19T10:50:00-04:00,208.68,208.68,208.59,208.59,317.0
2025-09-19T11:00:00-04:00,208.84,208.84,208.84,208.84,100.0
2025-09-19T11:10:00-04:00,207.96,207.96,207.96,207.96,200.0
2025-09-19T11:20:00-04:00,207.8,208.135,207.76,208.01,872.0
2025-09-19T11:25:00-04:00,207.77,207.77,207.77,207.77,100.0
2025-09-19T11:30:00-04:00,207.49,207.49,207.43,207.43,348.0
2025-09-19T11:35:00-04:00,207.64,207.64,207.64,207.64,100.0
2025-09-19T11:45:00-04:00,208.05,208.05,208.05,208.05,100.0
2025-09-19T11:50:00-04:00,208.24,208.425,208.24,208.425,400.0
2025-09-19T11:55:00-04:00,208.41,208.41,208.41,208.41,113.0
2025-09-19T12:00:00-04:00,208.81,208.81,208.805,208.805,269.0
2025-09-19T12:05:00-04:00,209.06,209.06,208.98,208.98,200.0
2025-09-19T12:10:00-04:00,208.98,208.98,208.98,208.98,134.0
2025-09-19T12:15:00-04:00,209.16,209.27,209.15,209.27,618.0
2025-09-19T12:20:00-04:00,209.27,209.27,209.27,209.27,146.0
2025-09-19T12:25:00-04:00,209.41,209.41,209.35,209.35,500.0
2025-09-19T12:30:00-04:00,209.38,209.38,209.11,209.14,762.0
2025-09-19T12:45:00-04:00,209.43,209.58,209.4,209.58,635.0
2025-09-19T12:55:00-04:00,209.32,209.34,209.32,209.34,248.0
2025-09-19T13:00:00-04:00,209.48,209.48,209.48,209.48,137.0
2025-09-19T13:05:00-04:00,209.37,209.37,209.27,209.27,300.0
2025-09-19T13:20:00-04:00,209.24,209.24,209.24,209.24,113.0
2025-09-19T13:25:00-04:00,209.17,209.17,209.17,209.17,100.0
2025-09-19T13:30:00-04:00,209.46,209.6,209.44,209.6,944.0
2025-09-19T13:35:00-04:00,209.46,209.56,209.46,209.56,225.0
2025-09-19T13:40:00-04:00,209.56,209.56,209.56,209.56,251.0
2025-09-19T13:45:00-04:00,209.67,209.67,209.53,209.53,200.0
2025-09-19T13:50:00-04:00,209.69,209.69,209.69,209.69,100.0
2025-09-19T13:55:00-04:00,209.57,209.57,209.5,209.5,465.0
2025-09-19T14:05:00-04:00,209.59,209.59,209.59,209.59,129.0
2025-09-19T14:10:00-04:00,209.48,209.49,209.48,209.49,300.0
2025-09-19T14:15:00-04:00,209.64,209.64,209.53,209.53,333.0
2025-09-19T14:25:00-04:00,209.32,209.39,209.26,209.39,328.0
2025-09-19T14:30:00-04:00,209.31,209.31,209.31,209.31,115.0
2025-09-19T14:35:00-04:00,209.59,209.6,209.59,209.6,200.0
2025-09-19T14:40:00-04:00,209.71,209.71,209.71,209.71,100.0
2025-09-19T14:45:00-04:00,209.62,209.62,209.62,209.62,101.0
2025-09-19T14:55:00-04:00,209.61,209.86,209.61,209.86,413.0
2025-09-19T15:00:00-04:00,209.95,210.29,209.95,209.98,811.0
2025-09-19T15:05:00-04:00,209.95,210.13,209.95,210.13,540.0
2025-09-19T15:10:00-04:00,210.22,210.22,210.22,210.22,110.0
2025-09-19T15:15:00-04:00,210.24,210.3,210.21,210.21,1080.0
2025-09-19T15:20:00-04:00,210.21,210.29,210.21,210.23,400.0
2025-09-19T15:25:00-04:00,210.34,210.75,210.34,210.75,660.0
2025-09-19T15:30:00-04:00,210.52,210.55,210.46,210.465,527.0
2025-09-19T15:35:00-04:00,210.47,210.47,210.445,210.45,311.0
2025-09-19T15:40:00-04:00,210.33,210.33,210.31,210.31,200.0
2025-09-19T15:45:00-04:00,210.32,210.65,210.29,210.57,1084.0
2025-09-19T15:50:00-04:00,210.97,210.99,210.65,210.95,1908.0
2025-09-19T15:55:00-04:00,211.03,211.12,210.775,210.92,1482.0
2025-09-22T09:30:00-04:00,209.005,209.02,209.005,209.02,202.0
2025-09-22T09:35:00-04:00,209.4,209.47,209.23,209.24,975.0
2025-09-22T09:40:00-04:00,209.16,209.38,209.14,209.38,1111.0
2025-09-22T09:45:00-04:00,209.57,209.72,209.57,209.66,400.0
2025-09-22T09:50:00-04:00,209.68,210.13,209.68,210.13,1737.0
2025-09-22T09:55:00-04:00,210.25,210.25,210.055,210.12,1616.0
2025-09-22T10:00:00-04:00,210.26,210.27,210.25,210.27,400.0
2025-09-22T10:05:00-04:00,210.21,210.39,210.21,210.39,953.0
2025-09-22T10:10:00-04:00,210.4,210.4,210.15,210.15,1248.0
2025-09-22T10:15:00-04:00,210.2,210.35,210.19,210.19,1210.0
2025-09-22T10:20:00-04:00,210.3,210.51,210.3,210.49,728.0
2025-09-22T10:25:00-04:00,210.43,210.85,210.43,210.83,2065.0
2025-09-22T10:30:00-04:00,210.81,210.81,210.75,210.75,250.0
2025-09-22T10:35:00-04:00,210.91,210.97,210.88,210.97,659.0
2025-09-22T10:40:00-04:00,211.15,211.15,211.15,211.15,240.0
2025-09-22T10:45:00-04:00,211.36,211.53,211.36,211.52,449.0
2025-09-22T11:00:00-04:00,211.8,211.99,211.68,211.68,858.0
2025-09-22T11:05:00-04:00,211.57,211.72,211.57,211.72,657.0
2025-09-22T11:10:00-04:00,211.56,211.64,211.53,211.58,1339.0
2025-09-22T11:15:00-04:00,211.45,211.49,211.45,211.49,223.0
2025-09-22T11:20:00-04:00,211.57,211.8,211.57,211.68,775.0
2025-09-22T11:25:00-04:00,211.61,211.67,211.61,211.67,437.0
2025-09-22T11:30:00-04:00,211.6,211.67,211.41,211.41,1100.0
2025-09-22T11:35:00-04:00,211.33,211.43,211.31,211.31,900.0
2025-09-22T11:40:00-04:00,211.38,211.38,211.38,211.38,100.0
2025-09-22T11:45:00-04:00,211.41,211.41,211.41,211.41,106.0
2025-09-22T11:50:00-04:00,211.32,211.32,211.32,211.32,100.0
2025-09-22T11:55:00-04:00,211.23,211.36,211.23,211.36,233.0
2025-09-22T12:00:00-04:00,211.48,211.48,211.4,211.42,428.0
2025-09-22T12:05:00-04:00,211.61,211.69,211.61,211.69,420.0
2025-09-22T12:10:00-04:00,211.9,211.98,211.9,211.96,524.0
2025-09-22T12:15:00-04:00,211.96,212.28,211.93,212.15,1419.0
2025-09-22T12:20:00-04:00,212.08,212.16,212.08,212.09,456.0
2025-09-22T12:25:00-04:00,212.17,212.4,212.17,212.4,635.0
2025-09-22T12:30:00-04:00,212.54,212.65,212.54,212.64,710.0
2025-09-22T12:35:00-04:00,212.67,212.8,212.67,212.8,1023.0
2025-09-22T12:40:00-04:00,212.8,212.83,212.73,212.73,721.0
2025-09-22T12:45:00-04:00,212.71,212.76,212.71,212.76,960.0
2025-09-22T12:50:00-04:00,212.94,213.01,212.91,213.01,302.0
2025-09-22T12:55:00-04:00,212.98,213.09,212.98,213.03,1081.0
2025-09-22T13:00:00-04:00,213.05,213.09,213.02,213.07,525.0
2025-09-22T13:10:00-04:00,213.01,213.01,212.98,212.98,410.0
2025-09-22T13:15:00-04:00,212.92,213.04,212.9,212.98,400.0
2025-09-22T13:20:00-04:00,213.03,213.11,213.03,213.04,300.0
2025-09-22T13:25:00-04:00,213.01,213.1,213.01,213.1,646.0
2025-09-22T13:30:00-04:00,213.22,213.22,213.09,213.09,400.0
2025-09-22T13:35:00-04:00,212.99,213.18,212.99,213.18,360.0
2025-09-22T13:40:00-04:00,213.18,213.19,213.18,213.19,200.0
2025-09-22T13:45:00-04:00,213.25,213.36,213.25,213.34,551.0
2025-09-22T13:50:00-04:00,213.22,213.24,213.22,213.24,200.0
2025-09-22T13:55:00-04:00,213.07,213.07,213.07,213.07,105.0
2025-09-22T14:00:00-04:00,213.02,213.02,212.88,212.88,763.0
2025-09-22T14:05:00-04:00,212.86,212.86,212.73,212.73,850.0
2025-09-22T14:10:00-04:00,213.01,213.01,212.93,212.94,420.0
2025-09-22T14:15:00-04:00,213.21,213.22,213.16,213.16,604.0
2025-09-22T14:25:00-04:00,213.12,213.23,213.12,213.23,208.0
2025-09-22T14:30:00-04:00,213.17,213.17,213.14,213.14,200.0
2025-09-22T14:35:00-04:00,213.3,213.41,213.29,213.41,932.0
2025-09-22T14:40:00-04:00,213.35,213.37,213.32,213.345,678.0
2025-09-22T14:45:00-04:00,213.34,213.35,213.28,213.28,1058.0
2025-09-22T14:50:00-04:00,213.33,213.33,213.33,213.33,100.0
2025-09-22T14:55:00-04:00,213.36,213.36,213.36,213.36,100.0
2025-09-22T15:00:00-04:00,213.48,213.48,213.48,213.48,125.0
2025-09-22T15:05:00-04:00,213.53,213.53,213.52,213.52,200.0
2025-09-22T15:10:00-04:00,213.6,213.73,213.6,213.73,895.0
2025-09-22T15:15:00-04:00,213.61,213.61,213.61,213.61,100.0
2025-09-22T15:20:00-04:00,213.58,213.69,213.58,213.69,342.0
2025-09-22T15:30:00-04:00,213.81,213.81,213.81,213.81,100.0
2025-09-22T15:35:00-04:00,213.61,213.61,213.48,213.48,491.0
2025-09-22T15:40:00-04:00,213.58,213.58,213.39,213.39,915.0
2025-09-22T15:45:00-04:00,213.51,213.67,213.49,213.67,1269.0
2025-09-22T15:50:00-04:00,213.78,213.78,213.58,213.65,1719.0
2025-09-22T15:55:00-04:00,213.59,213.73,213.52,213.57,2160.0
2025-09-23T08:50:00-04:00,213.11,213.11,213.11,213.11,115.0
2025-09-23T09:30:00-04:00,212.95,213.21,212.95,213.21,300.0
2025-09-23T09:35:00-04:00,213.28,213.38,213.14,213.38,1300.0
2025-09-23T09:40:00-04:00,213.38,213.38,213.06,213.2,469.0
2025-09-23T09:45:00-04:00,213.115,213.19,213.115,213.19,346.0
2025-09-23T09:50:00-04:00,213.38,213.505,213.38,213.45,812.0
2025-09-23T09:55:00-04:00,213.24,213.25,213.03,213.09,1090.0
2025-09-23T10:00:00-04:00,213.07,213.21,212.86,212.86,1096.0
2025-09-23T10:05:00-04:00,212.95,213.25,212.95,213.12,1386.0
2025-09-23T10:10:00-04:00,213.42,213.43,213.24,213.33,876.0
2025-09-23T10:15:00-04:00,213.29,213.29,213.05,213.14,1993.0
2025-09-23T10:20:00-04:00,213.1,213.1,212.86,212.86,1306.0
2025-09-23T10:25:00-04:00,212.75,212.97,212.75,212.92,609.0
2025-09-23T10:30:00-04:00,212.92,212.92,212.89,212.89,382.0
2025-09-23T10:35:00-04:00,212.58,212.63,212.53,212.53,500.0
2025-09-23T10:40:00-04:00,212.6,212.75,212.56,212.72,532.0
2025-09-23T10:45:00-04:00,212.62,212.7,212.62,212.69,520.0
2025-09-23T10:50:00-04:00,212.69,212.69,212.6,212.69,418.0
2025-09-23T10:55:00-04:00,212.98,212.98,212.89,212.89,346.0
2025-09-23T11:00:00-04:00,212.51,212.57,212.51,212.57,500.0
2025-09-23T11:05:00-04:00,212.58,212.61,212.37,212.37,315.0
2025-09-23T11:20:00-04:00,212.68,212.68,212.68,212.68,100.0
2025-09-23T11:25:00-04:00,212.42,212.45,212.42,212.45,325.0
2025-09-23T11:30:00-04:00,212.45,212.485,212.43,212.43,444.0
2025-09-23T11:35:00-04:00,212.31,212.31,212.3,212.3,480.0
2025-09-23T11:40:00-04:00,212.15,212.15,211.98,212.13,779.0
2025-09-23T11:45:00-04:00,212.2,212.28,212.11,212.13,672.0
2025-09-23T11:50:00-04:00,212.02,212.02,212.02,212.02,100.0
2025-09-23T11:55:00-04:00,212.05,212.05,212.05,212.05,125.0
2025-09-23T12:00:00-04:00,211.79,211.8,211.79,211.8,200.0
2025-09-23T12:05:00-04:00,211.48,211.48,211.48,211.48,100.0
2025-09-23T12:10:00-04:00,211.49,211.49,211.37,211.37,500.0
2025-09-23T12:15:00-04:00,211.52,211.67,211.52,211.67,500.0
2025-09-23T12:20:00-04:00,211.89,211.91,211.83,211.83,544.0
2025-09-23T12:30:00-04:00,211.53,211.53,211.53,211.53,100.0
2025-09-23T12:35:00-04:00,211.56,211.84,211.3,211.84,450.0
2025-09-23T12:40:00-04:00,211.81,211.81,211.56,211.73,814.0
2025-09-23T12:45:00-04:00,211.68,212.12,211.68,212.07,691.0
2025-09-23T12:55:00-04:00,211.72,211.72,211.52,211.52,380.0
2025-09-23T13:00:00-04:00,211.14,211.14,211.14,211.14,198.0
2025-09-23T13:05:00-04:00,211.13,211.13,211.13,211.13,200.0
2025-09-23T13:10:00-04:00,211.17,211.3,211.17,211.3,257.0
2025-09-23T13:15:00-04:00,211.19,211.19,211.19,211.19,100.0
2025-09-23T13:20:00-04:00,210.81,211.21,210.81,210.9,1133.0
2025-09-23T13:25:00-04:00,210.73,210.73,210.15,210.23,939.0
2025-09-23T13:30:00-04:00,210.0,210.11,209.95,210.1,1473.0
2025-09-23T13:35:00-04:00,209.94,209.94,209.37,209.37,2124.0
2025-09-23T13:40:00-04:00,209.26,209.26,208.72,209.07,2130.0
2025-09-23T13:45:00-04:00,208.91,209.5,208.91,209.5,214.0
2025-09-23T13:50:00-04:00,209.77,209.82,209.46,209.46,542.0
2025-09-23T13:55:00-04:00,209.63,209.65,209.47,209.47,325.0
2025-09-23T14:00:00-04:00,209.51,209.51,209.51,209.51,100.0
2025-09-23T14:10:00-04:00,209.17,209.25,209.17,209.25,217.0
2025-09-23T14:15:00-04:00,209.09,209.09,208.98,208.98,376.0
2025-09-23T14:20:00-04:00,208.92,208.92,208.8,208.8,300.0
2025-09-23T14:25:00-04:00,209.08,209.3,209.07,209.12,1204.0
2025-09-23T14:30:00-04:00,209.15,209.61,209.15,209.61,521.0
2025-09-23T14:35:00-04:00,209.62,209.74,209.3,209.3,1117.0
2025-09-23T14:40:00-04:00,209.18,209.19,209.05,209.19,356.0
2025-09-23T14:45:00-04:00,209.18,209.31,209.18,209.26,699.0
2025-09-23T14:50:00-04:00,208.93,208.93,208.85,208.89,500.0
2025-09-23T14:55:00-04:00,208.87,208.89,208.48,208.56,1157.0
2025-09-23T15:00:00-04:00,208.71,209.11,208.71,208.82,1450.0
2025-09-23T15:10:00-04:00,208.87,208.87,208.87,208.87,102.0
2025-09-23T15:15:00-04:00,208.94,208.94,208.94,208.94,100.0
2025-09-23T15:20:00-04:00,208.82,208.88,208.82,208.88,500.0
2025-09-23T15:25:00-04:00,208.79,208.92,208.79,208.92,200.0
2025-09-23T15:30:00-04:00,208.91,209.12,208.91,209.01,657.0
2025-09-23T15:35:00-04:00,209.07,209.07,209.01,209.05,1734.0
2025-09-23T15:40:00-04:00,209.28,209.36,209.26,209.35,1570.0
2025-09-23T15:45:00-04:00,209.57,209.57,209.29,209.31,551.0
2025-09-23T15:50:00-04:00,209.47,209.91,209.4,209.79,3475.0
2025-09-23T15:55:00-04:00,209.73,209.76,209.39,209.58,4649.0
2025-09-24T09:00:00-04:00,210.8,210.8,210.8,210.8,105.0
2025-09-24T09:30:00-04:00,210.28,210.28,210.17,210.17,650.0
2025-09-24T09:35:00-04:00,210.27,210.27,209.89,209.89,1114.0
2025-09-24T09:40:00-04:00,210.01,210.13,209.87,209.97,1659.0
2025-09-24T09:45:00-04:00,209.88,209.94,209.49,209.49,1763.0
2025-09-24T09:50:00-04:00,209.14,209.17,209.01,209.15,608.0
2025-09-24T09:55:00-04:00,209.16,209.3,209.16,209.3,300.0
2025-09-24T10:00:00-04:00,209.67,209.67,209.67,209.67,200.0
2025-09-24T10:05:00-04:00,209.58,209.58,209.32,209.45,600.0
2025-09-24T10:10:00-04:00,209.29,209.4,209.29,209.4,200.0
2025-09-24T10:15:00-04:00,209.59,209.68,209.54,209.68,500.0
2025-09-24T10:20:00-04:00,209.53,209.54,209.53,209.54,334.0
2025-09-24T10:25:00-04:00,209.58,209.67,209.43,209.67,898.0
2025-09-24T10:30:00-04:00,209.67,209.67,209.27,209.27,503.0
2025-09-24T10:35:00-04:00,209.35,209.64,209.35,209.56,700.0
2025-09-24T10:40:00-04:00,209.49,209.62,209.49,209.62,300.0
2025-09-24T10:45:00-04:00,209.66,209.73,209.66,209.73,1046.0
2025-09-24T10:50:00-04:00,209.6,209.97,209.6,209.8,700.0
2025-09-24T10:55:00-04:00,209.34,209.47,209.27,209.47,846.0
2025-09-24T11:00:00-04:00,209.41,209.41,209.14,209.14,700.0
2025-09-24T11:05:00-04:00,209.33,209.35,209.3,209.3,1365.0
2025-09-24T11:10:00-04:00,209.03,209.15,209.03,209.15,805.0
2025-09-24T11:15:00-04:00,208.9,209.04,208.9,209.01,700.0
2025-09-24T11:25:00-04:00,209.11,209.11,209.11,209.11,100.0
2025-09-24T11:30:00-04:00,209.02,209.02,208.75,208.76,789.0
2025-09-24T11:35:00-04:00,208.67,208.67,208.62,208.62,200.0
2025-09-24T11:40:00-04:00,208.72,208.72,208.57,208.57,299.0
2025-09-24T11:45:00-04:00,208.57,208.57,207.97,208.01,1500.0
2025-09-24T11:50:00-04:00,207.74,207.82,207.6,207.79,1020.0
2025-09-24T11:55:00-04:00,207.46,207.46,207.26,207.27,510.0
2025-09-24T12:00:00-04:00,206.94,207.18,206.79,206.88,1920.0
2025-09-24T12:05:00-04:00,207.13,207.13,206.59,206.59,450.0
2025-09-24T12:10:00-04:00,206.31,206.31,206.31,206.31,101.0
2025-09-24T12:15:00-04:00,206.29,206.8,206.29,206.8,1168.0
2025-09-24T12:20:00-04:00,207.06,207.37,207.05,207.37,858.0
2025-09-24T12:25:00-04:00,207.4,207.4,207.22,207.22,310.0
2025-09-24T12:55:00-04:00,206.97,206.97,206.97,206.97,100.0
2025-09-24T13:05:00-04:00,207.52,207.63,207.52,207.61,400.0
2025-09-24T13:10:00-04:00,207.63,208.04,207.63,207.9,2740.0
2025-09-24T13:20:00-04:00,207.53,207.56,207.53,207.56,200.0
2025-09-24T13:25:00-04:00,207.79,207.84,207.79,207.84,399.0
2025-09-24T13:30:00-04:00,207.84,208.0,207.84,208.0,630.0
2025-09-24T13:35:00-04:00,207.99,207.99,207.91,207.91,757.0
2025-09-24T13:45:00-04:00,207.24,207.24,206.925,207.12,488.0
2025-09-24T13:55:00-04:00,207.29,207.29,207.29,207.29,103.0
2025-09-24T14:05:00-04:00,206.98,207.05,206.98,207.05,259.0
2025-09-24T14:10:00-04:00,206.83,206.9,206.6,206.9,1441.0
2025-09-24T14:15:00-04:00,207.03,207.16,207.03,207.06,300.0
2025-09-24T14:20:00-04:00,206.83,206.83,206.83,206.83,233.0
2025-09-24T14:25:00-04:00,206.81,206.87,206.79,206.87,420.0
2025-09-24T14:30:00-04:00,206.99,206.99,206.99,206.99,125.0
2025-09-24T14:35:00-04:00,207.24,207.26,207.24,207.26,1835.0
2025-09-24T14:40:00-04:00,207.15,207.15,207.15,207.15,101.0
2025-09-24T14:50:00-04:00,207.15,207.23,207.15,207.23,200.0
2025-09-24T14:55:00-04:00,207.55,207.56,207.46,207.56,600.0
2025-09-24T15:00:00-04:00,207.55,207.55,207.23,207.23,300.0
2025-09-24T15:20:00-04:00,207.21,207.25,207.21,207.25,400.0
2025-09-24T15:30:00-04:00,207.32,207.35,207.24,207.24,460.0
2025-09-24T15:35:00-04:00,207.14,207.14,207.11,207.13,992.0
2025-09-24T15:40:00-04:00,207.26,207.26,207.15,207.15,1080.0
2025-09-24T15:45:00-04:00,207.11,207.47,207.0,207.36,2279.0
2025-09-24T15:50:00-04:00,207.56,207.63,207.42,207.62,2149.0
2025-09-24T15:55:00-04:00,207.41,207.64,207.39,207.63,2920.0
2025-09-24T16:10:00-04:00,207.91,208.09,207.91,208.06,300.0
2025-09-24T16:15:00-04:00,208.01,208.01,208.01,208.01,100.0
2025-09-25T09:00:00-04:00,204.2,204.2,204.2,204.2,115.0
2025-09-25T09:30:00-04:00,204.49,204.49,203.79,203.79,547.0
2025-09-25T09:35:00-04:00,203.63,203.63,202.83,202.83,2047.0
2025-09-25T09:40:00-04:00,202.72,202.72,201.96,202.065,3483.0
2025-09-25T09:45:00-04:00,202.04,203.1,201.98,203.1,4202.0
2025-09-25T09:50:00-04:00,202.77,203.59,202.41,202.41,1403.0
2025-09-25T09:55:00-04:00,202.24,202.24,201.98,202.16,800.0
2025-09-25T10:00:00-04:00,203.19,203.62,203.16,203.62,1397.0
2025-09-25T10:05:00-04:00,204.06,204.06,204.06,204.06,300.0
2025-09-25T10:10:00-04:00,204.34,204.77,204.34,204.57,1809.0
2025-09-25T10:15:00-04:00,204.73,205.07,204.7,205.01,1934.0
2025-09-25T10:20:00-04:00,204.86,205.66,204.86,205.62,2349.0
2025-09-25T10:25:00-04:00,205.62,205.63,204.87,205.11,2618.0
2025-09-25T10:30:00-04:00,204.95,205.26,204.91,205.26,674.0
2025-09-25T10:35:00-04:00,205.04,205.04,205.03,205.03,201.0
2025-09-25T10:55:00-04:00,205.45,205.46,205.4,205.42,700.0
2025-09-25T11:00:00-04:00,205.02,205.02,205.02,205.02,410.0
2025-09-25T11:05:00-04:00,204.58,204.58,203.965,204.14,1415.0
2025-09-25T11:10:00-04:00,204.205,204.205,204.15,204.15,810.0
2025-09-25T11:15:00-04:00,205.14,205.14,205.14,205.14,100.0
2025-09-25T11:20:00-04:00,204.52,204.52,204.52,204.52,100.0
2025-09-25T11:30:00-04:00,204.15,204.26,204.15,204.26,447.0
2025-09-25T11:40:00-04:00,205.36,205.7,205.36,205.7,2724.0
2025-09-25T11:45:00-04:00,205.72,205.72,205.71,205.72,600.0
2025-09-25T11:55:00-04:00,205.44,205.44,205.44,205.44,124.0
2025-09-25T12:05:00-04:00,205.33,205.33,205.33,205.33,100.0
2025-09-25T12:10:00-04:00,205.37,205.37,205.35,205.35,628.0
2025-09-25T12:15:00-04:00,205.29,205.29,205.25,205.25,274.0
2025-09-25T12:20:00-04:00,205.02,205.02,205.02,205.02,105.0
2025-09-25T12:25:00-04:00,204.9,204.9,204.62,204.67,2041.0
2025-09-25T12:30:00-04:00,205.445,205.445,205.42,205.42,1900.0
2025-09-25T12:35:00-04:00,205.35,205.37,205.35,205.37,401.0
2025-09-25T12:40:00-04:00,204.795,204.795,204.74,204.74,300.0
2025-09-25T13:10:00-04:00,204.86,204.86,204.58,204.58,300.0
2025-09-25T13:20:00-04:00,203.595,203.6,203.44,203.44,3271.0
2025-09-25T13:25:00-04:00,204.02,204.03,203.99,203.99,2000.0
2025-09-25T13:40:00-04:00,203.28,203.29,203.02,203.02,1628.0
2025-09-25T13:50:00-04:00,203.02,203.02,203.02,203.02,200.0
2025-09-25T13:55:00-04:00,202.6,202.6,202.37,202.37,300.0
2025-09-25T14:00:00-04:00,202.22,202.22,201.31,201.31,1668.0
2025-09-25T14:05:00-04:00,201.97,201.97,201.94,201.94,400.0
2025-09-25T14:10:00-04:00,202.2,202.63,202.2,202.61,3198.0
2025-09-25T14:15:00-04:00,202.94,203.31,202.86,203.25,5005.0
2025-09-25T14:25:00-04:00,203.53,203.665,203.5,203.665,810.0
2025-09-25T14:35:00-04:00,203.57,204.0,203.57,204.0,1300.0
2025-09-25T14:40:00-04:00,204.0,204.66,204.0,204.47,1458.0
2025-09-25T14:45:00-04:00,204.41,204.41,203.99,203.99,700.0
2025-09-25T14:55:00-04:00,204.4,204.455,204.4,204.455,800.0
2025-09-25T15:00:00-04:00,204.35,204.36,204.35,204.35,523.0
2025-09-25T15:05:00-04:00,204.13,204.13,204.13,204.13,200.0
2025-09-25T15:40:00-04:00,203.83,203.83,203.83,203.83,100.0
2025-09-25T15:45:00-04:00,203.79,203.87,203.79,203.87,924.0
2025-09-25T15:50:00-04:00,204.09,204.57,204.09,204.41,3154.0
2025-09-25T15:55:00-04:00,204.2,204.62,204.12,204.6,2556.0
2025-09-26T08:45:00-04:00,206.67,206.67,206.67,206.67,158.0
2025-09-26T09:30:00-04:00,205.67,206.75,205.67,206.75,209.0
2025-09-26T09:35:00-04:00,207.18,207.24,206.82,207.18,3828.0
2025-09-26T09:40:00-04:00,207.33,207.82,206.97,207.28,2675.0
2025-09-26T09:45:00-04:00,207.08,207.89,207.06,207.755,832.0
2025-09-26T09:50:00-04:00,207.92,207.92,207.68,207.68,210.0
2025-09-26T09:55:00-04:00,207.92,207.92,207.92,207.92,100.0
2025-09-26T10:00:00-04:00,208.42,208.42,207.395,207.395,300.0
2025-09-26T10:05:00-04:00,207.27,207.27,206.07,206.24,801.0
2025-09-26T10:10:00-04:00,206.05,206.05,205.65,205.86,1044.0
2025-09-26T10:15:00-04:00,205.52,205.94,205.52,205.88,2177.0
2025-09-26T10:20:00-04:00,205.78,205.78,205.18,205.25,1849.0
2025-09-26T10:25:00-04:00,205.0,205.0,204.53,204.53,850.0
2025-09-26T10:30:00-04:00,204.8,204.83,204.7,204.73,651.0
2025-09-26T11:00:00-04:00,205.0,205.0,205.0,205.0,150.0
2025-09-26T11:15:00-04:00,205.07,205.65,205.02,205.65,437.0
2025-09-26T11:35:00-04:00,205.49,205.49,205.49,205.49,100.0
2025-09-26T11:40:00-04:00,205.67,205.67,205.67,205.67,150.0
2025-09-26T12:05:00-04:00,205.29,205.29,205.29,205.29,148.0
2025-09-26T12:10:00-04:00,205.18,205.18,205.16,205.16,224.0
2025-09-26T12:15:00-04:00,205.48,205.48,205.48,205.48,110.0
2025-09-26T12:25:00-04:00,206.91,206.91,206.63,206.63,329.0
2025-09-26T12:35:00-04:00,206.88,206.9,206.88,206.9,225.0
2025-09-26T12:50:00-04:00,207.27,207.27,207.27,207.27,110.0
2025-09-26T12:55:00-04:00,207.55,207.55,207.55,207.55,263.0
2025-09-26T13:10:00-04:00,207.85,207.85,207.85,207.85,123.0
2025-09-26T13:20:00-04:00,207.54,207.54,207.44,207.49,400.0
2025-09-26T13:35:00-04:00,207.64,207.74,207.64,207.71,540.0
2025-09-26T13:40:00-04:00,207.69,207.93,207.69,207.93,200.0
2025-09-26T13:45:00-04:00,207.47,207.47,207.47,207.47,150.0
2025-09-26T13:50:00-04:00,207.38,207.38,207.22,207.22,330.0
2025-09-26T13:55:00-04:00,207.25,207.25,207.25,207.25,102.0
2025-09-26T14:05:00-04:00,207.37,207.37,207.37,207.37,101.0
2025-09-26T14:10:00-04:00,207.22,207.45,207.22,207.45,300.0
2025-09-26T14:15:00-04:00,207.58,207.58,207.58,207.58,155.0
2025-09-26T14:30:00-04:00,208.01,208.01,208.01,208.01,100.0
2025-09-26T14:35:00-04:00,208.16,208.16,208.16,208.16,100.0
2025-09-26T14:40:00-04:00,208.26,208.26,208.06,208.06,300.0
2025-09-26T15:05:00-04:00,208.06,208.06,207.76,207.76,546.0
2025-09-26T15:15:00-04:00,207.62,207.62,207.62,207.62,100.0
2025-09-26T15:20:00-04:00,207.83,207.91,207.83,207.91,524.0
2025-09-26T15:30:00-04:00,207.66,207.685,207.66,207.685,203.0
2025-09-26T15:35:00-04:00,207.71,207.82,207.71,207.82,543.0
2025-09-26T15:40:00-04:00,207.82,207.82,207.82,207.82,132.0
2025-09-26T15:45:00-04:00,207.8,207.85,207.8,207.85,290.0
2025-09-26T15:50:00-04:00,207.59,207.59,207.4,207.53,1021.0
2025-09-26T15:55:00-04:00,207.87,208.06,207.87,208.03,977.0
2025-09-29T09:00:00-04:00,211.47,211.47,211.47,211.47,105.0
2025-09-29T09:30:00-04:00,210.375,210.55,210.27,210.33,630.0
2025-09-29T09:35:00-04:00,210.3,210.35,210.01,210.01,3359.0
2025-09-29T09:40:00-04:00,209.83,210.38,209.81,210.38,4538.0
2025-09-29T09:45:00-04:00,210.38,210.66,210.38,210.59,3326.0
2025-09-29T09:50:00-04:00,210.5,210.62,210.13,210.62,2944.0
2025-09-29T09:55:00-04:00,210.56,210.62,210.3,210.62,1067.0
2025-09-29T10:00:00-04:00,210.56,210.74,210.07,210.19,1978.0
2025-09-29T10:05:00-04:00,210.12,211.06,210.12,211.0,2226.0
2025-09-29T10:10:00-04:00,211.0,211.0,210.53,210.61,2215.0
2025-09-29T10:15:00-04:00,210.64,210.65,210.29,210.43,2213.0
2025-09-29T10:20:00-04:00,210.08,210.8,210.0,210.79,2637.0
2025-09-29T10:25:00-04:00,210.68,210.89,210.68,210.71,2837.0
2025-09-29T10:30:00-04:00,210.64,210.8,210.56,210.8,1430.0
2025-09-29T10:35:00-04:00,210.81,210.85,210.54,210.71,2751.0
2025-09-29T10:40:00-04:00,210.72,210.98,210.72,210.9,1623.0
2025-09-29T10:45:00-04:00,211.0,211.06,210.83,210.83,1735.0
2025-09-29T10:50:00-04:00,210.83,210.83,210.73,210.73,1934.0
2025-09-29T10:55:00-04:00,210.63,210.63,210.3,210.36,1468.0
2025-09-29T11:00:00-04:00,210.43,210.53,210.34,210.53,818.0
2025-09-29T11:05:00-04:00,210.34,210.46,210.22,210.22,1195.0
2025-09-29T11:10:00-04:00,210.21,210.23,209.78,209.78,1662.0
2025-09-29T11:15:00-04:00,209.52,209.6,209.37,209.6,836.0
2025-09-29T11:20:00-04:00,209.77,209.87,209.77,209.87,300.0
2025-09-29T11:25:00-04:00,209.75,209.75,209.51,209.51,1002.0
2025-09-29T11:30:00-04:00,209.47,209.62,209.38,209.4,1330.0
2025-09-29T11:35:00-04:00,209.43,209.43,209.15,209.15,654.0
2025-09-29T11:40:00-04:00,209.53,209.53,209.25,209.53,1014.0
2025-09-29T11:45:00-04:00,209.51,209.51,209.23,209.25,1540.0
2025-09-29T11:50:00-04:00,209.13,209.19,208.95,209.19,1644.0
2025-09-29T11:55:00-04:00,209.31,209.34,209.15,209.26,1546.0
2025-09-29T12:00:00-04:00,209.32,209.49,209.13,209.2,1410.0
2025-09-29T12:05:00-04:00,209.09,209.19,209.03,209.19,1281.0
2025-09-29T12:10:00-04:00,209.49,209.61,209.47,209.57,1276.0
2025-09-29T12:15:00-04:00,209.71,209.71,209.13,209.31,543.0
2025-09-29T12:20:00-04:00,209.4,209.7,209.4,209.61,1258.0
2025-09-29T12:25:00-04:00,209.61,209.61,209.54,209.57,601.0
2025-09-29T12:30:00-04:00,209.53,209.53,209.5,209.5,201.0
2025-09-29T12:35:00-04:00,209.56,209.56,209.34,209.42,1479.0
2025-09-29T12:40:00-04:00,209.44,209.58,209.13,209.13,1382.0
2025-09-29T12:45:00-04:00,209.13,209.25,209.06,209.22,1656.0
2025-09-29T12:50:00-04:00,209.17,209.17,208.93,208.93,1812.0
2025-09-29T12:55:00-04:00,209.01,209.11,208.96,209.11,606.0
2025-09-29T13:00:00-04:00,208.99,208.99,208.59,208.69,2008.0
2025-09-29T13:05:00-04:00,208.65,208.83,208.65,208.75,1019.0
2025-09-29T13:10:00-04:00,208.81,208.86,208.63,208.65,1627.0
2025-09-29T13:15:00-04:00,208.59,208.83,208.51,208.83,1343.0
2025-09-29T13:20:00-04:00,208.69,208.69,208.58,208.67,1281.0
2025-09-29T13:25:00-04:00,208.6,208.78,208.57,208.66,1172.0
2025-09-29T13:30:00-04:00,208.6,208.6,208.4,208.48,768.0
2025-09-29T13:35:00-04:00,208.46,208.55,208.46,208.49,1170.0
2025-09-29T13:40:00-04:00,208.7,208.74,208.62,208.68,1419.0
2025-09-29T13:45:00-04:00,208.72,208.81,208.62,208.62,1188.0
2025-09-29T13:50:00-04:00,208.74,209.11,208.69,209.11,1472.0
2025-09-29T13:55:00-04:00,208.94,209.01,208.93,208.96,960.0
2025-09-29T14:00:00-04:00,208.98,209.08,208.98,209.08,590.0
2025-09-29T14:05:00-04:00,209.18,209.2,209.02,209.02,2461.0
2025-09-29T14:10:00-04:00,209.13,209.31,209.12,209.31,1175.0
2025-09-29T14:15:00-04:00,209.37,209.39,209.25,209.32,1614.0
2025-09-29T14:20:00-04:00,209.34,209.45,209.29,209.45,1259.0
2025-09-29T14:25:00-04:00,209.48,209.61,209.44,209.44,2541.0
2025-09-29T14:30:00-04:00,209.49,209.56,209.49,209.52,1153.0
2025-09-29T14:35:00-04:00,209.39,209.47,209.25,209.25,1236.0
2025-09-29T14:40:00-04:00,209.3,209.31,209.25,209.25,411.0
2025-09-29T14:45:00-04:00,209.45,209.48,209.39,209.39,713.0
2025-09-29T14:50:00-04:00,209.27,209.32,209.27,209.27,610.0
2025-09-29T14:55:00-04:00,209.26,209.35,209.26,209.31,1234.0
2025-09-29T15:00:00-04:00,209.28,209.28,209.04,209.17,1402.0
2025-09-29T15:05:00-04:00,209.16,209.16,208.7,208.77,1917.0
2025-09-29T15:10:00-04:00,208.85,208.85,208.68,208.68,740.0
2025-09-29T15:15:00-04:00,208.23,208.45,208.0,208.45,3027.0
2025-09-29T15:20:00-04:00,208.42,208.71,208.36,208.63,1784.0
2025-09-29T15:25:00-04:00,208.86,208.89,208.7,208.7,1219.0
2025-09-29T15:30:00-04:00,208.78,208.99,208.72,208.99,2657.0
2025-09-29T15:35:00-04:00,209.03,209.2,208.96,209.18,3184.0
2025-09-29T15:40:00-04:00,209.18,209.43,209.15,209.19,2481.0
2025-09-29T15:45:00-04:00,209.33,209.63,209.33,209.54,2994.0
2025-09-29T15:50:00-04:00,209.59,209.66,209.22,209.22,3522.0
2025-09-29T15:55:00-04:00,209.34,209.36,209.15,209.36,1114.0
2025-09-29T16:00:00-04:00,209.71,209.71,209.52,209.52,500.0
2025-09-30T09:30:00-04:00,208.93,208.93,208.93,208.93,100.0
2025-09-30T09:50:00-04:00,208.39,208.39,208.225,208.225,295.0
2025-09-30T09:55:00-04:00,208.88,208.88,208.88,208.88,100.0
2025-09-30T10:05:00-04:00,208.77,208.77,208.77,208.77,100.0
2025-09-30T11:15:00-04:00,208.67,208.67,208.67,208.67,100.0
2025-09-30T11:20:00-04:00,208.25,208.54,208.25,208.54,200.0
2025-09-30T11:30:00-04:00,208.205,208.61,208.205,208.61,375.0
2025-09-30T11:35:00-04:00,208.22,208.22,208.22,208.22,140.0
2025-09-30T12:05:00-04:00,208.67,208.67,208.67,208.67,180.0
2025-09-30T12:20:00-04:00,209.75,209.79,209.68,209.68,600.0
2025-09-30T13:10:00-04:00,208.35,208.35,208.35,208.35,233.0
2025-09-30T13:30:00-04:00,208.025,208.125,208.025,208.075,330.0
2025-09-30T13:50:00-04:00,208.8,208.8,208.79,208.79,300.0
2025-09-30T14:15:00-04:00,209.82,209.895,209.82,209.895,251.0
2025-09-30T14:30:00-04:00,209.88,209.88,209.88,209.88,199.0
2025-09-30T14:50:00-04:00,210.33,210.33,210.33,210.33,5100.0
2025-09-30T15:05:00-04:00,210.51,210.51,210.51,210.51,100.0
2025-09-30T15:15:00-04:00,210.52,210.65,210.52,210.65,745.0
2025-09-30T15:20:00-04:00,210.92,210.92,210.92,210.92,122.0
2025-09-30T15:30:00-04:00,211.18,211.18,211.18,211.18,211.0
2025-09-30T15:35:00-04:00,211.185,211.185,211.185,211.185,150.0
2025-09-30T15:40:00-04:00,210.96,210.96,210.81,210.83,500.0
2025-09-30T15:50:00-04:00,211.88,211.89,211.88,211.89,360.0
2025-09-30T15:55:00-04:00,212.12,212.23,212.08,212.08,1779.0
2025-10-01T09:30:00-04:00,209.06,210.54,209.06,210.54,507.0
2025-10-01T09:35:00-04:00,210.51,210.93,210.51,210.92,2420.0
2025-10-01T09:40:00-04:00,210.91,211.13,210.72,210.81,3312.0
2025-10-01T09:45:00-04:00,210.32,210.32,209.34,209.34,1143.0
2025-10-01T09:50:00-04:00,209.58,209.63,209.3,209.63,1337.0
2025-10-01T09:55:00-04:00,209.7,210.08,209.59,209.59,600.0
2025-10-01T10:00:00-04:00,210.38,210.38,210.37,210.37,300.0
2025-10-01T10:05:00-04:00,210.32,210.32,210.12,210.12,795.0
2025-10-01T10:10:00-04:00,210.22,210.49,210.21,210.49,603.0
2025-10-01T10:15:00-04:00,210.5,211.01,210.5,210.98,500.0
2025-10-01T10:20:00-04:00,210.97,211.34,210.97,211.03,1073.0
2025-10-01T10:25:00-04:00,211.33,211.46,211.32,211.32,455.0
2025-10-01T10:30:00-04:00,211.28,211.28,211.22,211.22,300.0
2025-10-01T10:35:00-04:00,211.65,211.65,211.65,211.65,103.0
2025-10-01T10:40:00-04:00,211.12,211.13,211.12,211.12,320.0
2025-10-01T10:45:00-04:00,211.16,211.42,211.16,211.27,1189.0
2025-10-01T10:50:00-04:00,211.25,211.35,211.25,211.35,300.0
2025-10-01T10:55:00-04:00,211.47,211.51,211.47,211.51,200.0
2025-10-01T11:00:00-04:00,211.81,211.99,211.81,211.99,400.0
2025-10-01T11:05:00-04:00,211.88,211.88,211.88,211.88,266.0
2025-10-01T11:10:00-04:00,211.66,211.66,211.66,211.66,100.0
2025-10-01T11:15:00-04:00,211.77,211.77,211.67,211.67,718.0
2025-10-01T11:20:00-04:00,211.57,211.89,211.57,211.89,236.0
2025-10-01T11:25:00-04:00,212.05,212.05,211.995,211.995,1038.0
2025-10-01T11:30:00-04:00,212.32,212.32,212.32,212.32,100.0
2025-10-01T11:35:00-04:00,212.26,212.66,212.26,212.66,706.0
2025-10-01T11:40:00-04:00,212.69,212.69,212.65,212.65,312.0
2025-10-01T11:45:00-04:00,212.64,212.87,212.64,212.78,923.0
2025-10-01T11:50:00-04:00,212.77,212.77,212.77,212.77,100.0
2025-10-01T11:55:00-04:00,212.82,212.82,212.72,212.72,873.0
2025-10-01T12:00:00-04:00,212.82,212.86,212.82,212.84,780.0
2025-10-01T12:05:00-04:00,212.62,212.79,212.62,212.78,585.0
2025-10-01T12:10:00-04:00,212.73,212.79,212.72,212.72,736.0
2025-10-01T12:15:00-04:00,212.71,212.71,212.71,212.71,100.0
2025-10-01T12:20:00-04:00,212.48,212.48,212.38,212.4,854.0
2025-10-01T12:25:00-04:00,212.66,212.66,212.66,212.66,100.0
2025-10-01T12:30:00-04:00,212.65,212.72,212.65,212.72,328.0
2025-10-01T12:35:00-04:00,212.7,212.75,212.65,212.75,400.0
2025-10-01T12:40:00-04:00,212.66,212.66,212.39,212.49,1131.0
2025-10-01T12:45:00-04:00,212.34,212.38,212.32,212.38,672.0
2025-10-01T12:55:00-04:00,212.6,212.64,212.6,212.64,210.0
2025-10-01T13:00:00-04:00,212.59,212.93,212.59,212.93,400.0
2025-10-01T13:05:00-04:00,213.04,213.18,213.04,213.16,610.0
2025-10-01T13:10:00-04:00,213.05,213.21,213.02,213.06,1320.0
2025-10-01T13:15:00-04:00,213.38,213.41,213.38,213.41,467.0
2025-10-01T13:20:00-04:00,213.43,213.43,213.37,213.37,221.0
2025-10-01T13:30:00-04:00,213.61,213.67,213.46,213.58,1858.0
2025-10-01T13:35:00-04:00,213.56,213.59,213.52,213.52,673.0
2025-10-01T13:40:00-04:00,213.59,213.59,213.42,213.42,746.0
2025-10-01T13:45:00-04:00,213.5,213.54,213.35,213.35,639.0
2025-10-01T13:55:00-04:00,213.49,213.64,213.49,213.64,330.0
2025-10-01T14:00:00-04:00,213.795,214.07,213.63,213.73,1200.0
2025-10-01T14:05:00-04:00,213.99,214.01,213.98,213.98,1945.0
2025-10-01T14:10:00-04:00,214.01,214.29,214.01,214.29,300.0
2025-10-01T14:20:00-04:00,214.46,214.46,214.25,214.37,832.0
2025-10-01T14:25:00-04:00,214.54,214.54,214.4,214.4,943.0
2025-10-01T14:30:00-04:00,214.41,214.5,214.41,214.41,301.0
2025-10-01T14:35:00-04:00,214.63,214.63,214.63,214.63,200.0
2025-10-01T14:40:00-04:00,214.62,214.76,214.62,214.76,200.0
2025-10-01T14:45:00-04:00,214.83,214.83,214.81,214.81,256.0
2025-10-01T14:50:00-04:00,214.9,214.94,214.81,214.82,506.0
2025-10-01T14:55:00-04:00,214.7,214.8,214.66,214.7,1308.0
2025-10-01T15:00:00-04:00,214.75,214.95,214.75,214.95,442.0
2025-10-01T15:05:00-04:00,214.95,214.95,214.78,214.8,781.0
2025-10-01T15:10:00-04:00,214.77,214.77,214.7,214.7,200.0
2025-10-01T15:15:00-04:00,214.72,214.72,214.71,214.71,319.0
2025-10-01T15:20:00-04:00,214.59,214.59,214.48,214.5,572.0
2025-10-01T15:25:00-04:00,214.59,214.66,214.59,214.66,260.0
2025-10-01T15:30:00-04:00,214.72,214.81,214.72,214.81,512.0
2025-10-01T15:35:00-04:00,214.72,214.79,214.68,214.7,590.0
2025-10-01T15:40:00-04:00,214.7,214.83,214.55,214.55,2363.0
2025-10-01T15:45:00-04:00,214.45,214.68,214.43,214.67,1149.0
2025-10-01T15:50:00-04:00,214.45,214.58,214.42,214.42,683.0
2025-10-01T15:55:00-04:00,214.51,214.58,214.28,214.28,3270.0
2025-10-01T16:00:00-04:00,213.9,213.9,213.88,213.9,600.0
2025-10-01T16:35:00-04:00,213.94,213.94,213.94,213.94,100.0
2025-10-02T09:30:00-04:00,215.72,215.72,215.72,215.72,264.0
2025-10-02T09:35:00-04:00,215.94,215.94,215.47,215.47,958.0
2025-10-02T09:40:00-04:00,215.26,215.26,214.5,214.65,2066.0
2025-10-02T09:45:00-04:00,214.55,215.13,214.55,214.7,2717.0
2025-10-02T09:50:00-04:00,214.48,215.04,214.48,214.99,1090.0
2025-10-02T09:55:00-04:00,214.97,214.97,214.97,214.97,308.0
2025-10-02T10:00:00-04:00,214.66,214.84,214.64,214.84,400.0
2025-10-02T10:05:00-04:00,214.94,214.94,214.58,214.58,200.0
2025-10-02T10:10:00-04:00,214.46,214.46,214.14,214.3,1070.0
2025-10-02T10:15:00-04:00,214.21,214.42,214.09,214.09,1985.0
2025-10-02T10:20:00-04:00,214.16,214.26,213.94,214.19,3164.0
2025-10-02T10:25:00-04:00,214.24,214.57,214.12,214.36,5025.0
2025-10-02T10:30:00-04:00,214.34,214.58,213.93,213.99,2852.0
2025-10-02T10:35:00-04:00,214.04,214.4,214.03,214.4,2266.0
2025-10-02T10:40:00-04:00,214.31,214.36,213.93,213.93,1516.0
2025-10-02T10:45:00-04:00,213.76,213.83,213.4,213.46,816.0
2025-10-02T10:50:00-04:00,213.53,213.53,213.53,213.53,116.0
2025-10-02T10:55:00-04:00,213.2,213.2,213.19,213.19,200.0
2025-10-02T11:00:00-04:00,213.15,213.27,213.15,213.27,435.0
2025-10-02T11:05:00-04:00,212.9,212.9,212.9,212.9,100.0
2025-10-02T11:25:00-04:00,213.4,213.4,213.4,213.4,200.0
2025-10-02T11:30:00-04:00,213.1,213.1,213.1,213.1,100.0
2025-10-02T11:35:00-04:00,212.76,212.91,212.45,212.91,850.0
2025-10-02T11:40:00-04:00,213.25,213.25,213.25,213.25,150.0
2025-10-02T11:45:00-04:00,213.03,213.03,213.03,213.03,100.0
2025-10-02T11:55:00-04:00,213.74,213.82,213.74,213.82,582.0
2025-10-02T12:00:00-04:00,213.92,213.92,213.71,213.71,210.0
2025-10-02T12:05:00-04:00,213.29,213.34,213.29,213.34,200.0
2025-10-02T12:15:00-04:00,213.63,213.8,213.63,213.8,200.0
2025-10-02T12:20:00-04:00,213.66,213.66,213.66,213.66,100.0
2025-10-02T12:25:00-04:00,213.61,213.61,213.61,213.61,100.0
2025-10-02T12:40:00-04:00,213.38,213.38,213.38,213.38,100.0
2025-10-02T12:50:00-04:00,214.03,214.03,214.03,214.03,100.0
2025-10-02T13:15:00-04:00,214.01,214.01,214.01,214.01,200.0
2025-10-02T13:25:00-04:00,214.11,214.11,214.11,214.11,100.0
2025-10-02T13:35:00-04:00,214.12,214.12,214.12,214.12,100.0
2025-10-02T13:40:00-04:00,214.55,214.55,214.55,214.55,100.0
2025-10-02T13:50:00-04:00,214.46,214.46,214.46,214.46,136.0
2025-10-02T13:55:00-04:00,214.47,214.47,214.47,214.47,100.0
2025-10-02T14:10:00-04:00,214.97,215.02,214.97,214.98,466.0
2025-10-02T14:15:00-04:00,214.98,215.02,214.91,214.91,300.0
2025-10-02T14:20:00-04:00,215.09,215.18,215.09,215.13,773.0
2025-10-02T14:25:00-04:00,215.17,215.17,215.14,215.14,200.0
2025-10-02T14:30:00-04:00,215.11,215.11,215.02,215.09,411.0
2025-10-02T14:35:00-04:00,215.11,215.11,215.11,215.11,200.0
2025-10-02T14:40:00-04:00,215.1,215.1,214.98,214.98,311.0
2025-10-02T14:50:00-04:00,215.03,215.04,215.03,215.04,200.0
2025-10-02T14:55:00-04:00,215.05,215.05,214.96,214.96,822.0
2025-10-02T15:00:00-04:00,214.93,215.06,214.93,215.04,300.0
2025-10-02T15:05:00-04:00,215.11,215.15,215.06,215.06,875.0
2025-10-02T15:10:00-04:00,214.96,214.96,214.94,214.94,200.0
2025-10-02T15:15:00-04:00,214.9,214.94,214.8,214.94,940.0
2025-10-02T15:20:00-04:00,214.98,214.98,214.98,214.98,100.0
2025-10-02T15:25:00-04:00,215.06,215.1,215.03,215.03,403.0
2025-10-02T15:30:00-04:00,215.0,215.02,215.0,215.02,383.0
2025-10-02T15:35:00-04:00,214.86,214.86,214.59,214.59,413.0
2025-10-02T15:40:00-04:00,214.76,214.76,214.57,214.71,1292.0
2025-10-02T15:45:00-04:00,214.79,214.82,214.7,214.82,1290.0
2025-10-02T15:50:00-04:00,214.63,214.75,214.52,214.62,1433.0
2025-10-02T15:55:00-04:00,214.46,214.64,214.39,214.64,887.0
2025-10-03T09:30:00-04:00,215.41,216.025,215.31,216.025,703.0
2025-10-03T09:35:00-04:00,215.96,216.51,215.94,216.51,4187.0
2025-10-03T09:40:00-04:00,216.45,216.55,215.92,216.11,2576.0
2025-10-03T09:45:00-04:00,216.45,216.45,216.29,216.44,854.0
2025-10-03T09:50:00-04:00,216.49,216.81,216.28,216.81,2078.0
2025-10-03T09:55:00-04:00,216.57,216.57,216.07,216.07,723.0
2025-10-03T10:00:00-04:00,215.92,215.92,215.36,215.67,1125.0
2025-10-03T10:05:00-04:00,215.96,215.96,215.805,215.82,913.0
2025-10-03T10:10:00-04:00,215.84,215.84,215.84,215.84,100.0
2025-10-03T10:15:00-04:00,216.09,216.34,216.09,216.26,2180.0
2025-10-03T10:20:00-04:00,216.17,216.22,216.17,216.18,711.0
2025-10-03T10:25:00-04:00,216.47,216.77,216.47,216.63,513.0
2025-10-03T10:30:00-04:00,216.77,216.96,216.72,216.96,748.0
2025-10-03T10:35:00-04:00,217.05,217.05,217.05,217.05,100.0
2025-10-03T10:40:00-04:00,217.38,217.54,217.24,217.31,1516.0
2025-10-03T10:45:00-04:00,217.5,217.5,217.26,217.26,1139.0
2025-10-03T10:50:00-04:00,217.25,217.39,217.24,217.34,1140.0
2025-10-03T10:55:00-04:00,217.47,217.54,217.41,217.41,1180.0
2025-10-03T11:00:00-04:00,217.31,217.31,217.01,217.01,1129.0
2025-10-03T11:05:00-04:00,217.21,217.21,217.21,217.21,154.0
2025-10-03T11:10:00-04:00,216.94,217.12,216.94,217.07,763.0
2025-10-03T11:15:00-04:00,217.03,217.06,216.98,216.99,1260.0
2025-10-03T11:20:00-04:00,216.96,217.22,216.96,217.22,1377.0
2025-10-03T11:25:00-04:00,217.22,217.22,216.93,216.96,1558.0
2025-10-03T11:30:00-04:00,217.16,217.16,217.09,217.11,400.0
2025-10-03T11:35:00-04:00,217.06,217.28,217.06,217.11,520.0
2025-10-03T11:45:00-04:00,217.22,217.22,217.22,217.22,100.0
2025-10-03T11:50:00-04:00,217.31,217.57,217.31,217.49,1192.0
2025-10-03T11:55:00-04:00,217.49,217.78,217.44,217.7,1053.0
2025-10-03T12:00:00-04:00,217.71,217.76,217.69,217.76,1133.0
2025-10-03T12:05:00-04:00,217.84,217.84,217.72,217.72,516.0
2025-10-03T12:10:00-04:00,217.7,217.8,217.61,217.8,1080.0
2025-10-03T12:15:00-04:00,217.87,217.87,217.74,217.84,738.0
2025-10-03T12:20:00-04:00,217.82,217.82,217.68,217.68,915.0
2025-10-03T12:25:00-04:00,217.66,217.66,217.66,217.66,100.0
2025-10-03T12:30:00-04:00,217.76,217.76,217.66,217.66,574.0
2025-10-03T12:35:00-04:00,217.8,217.8,217.67,217.67,227.0
2025-10-03T12:40:00-04:00,217.61,217.61,217.56,217.56,330.0
2025-10-03T12:45:00-04:00,217.55,217.64,217.51,217.51,622.0
2025-10-03T12:50:00-04:00,217.46,217.47,217.4,217.47,436.0
2025-10-03T12:55:00-04:00,217.45,217.55,217.44,217.55,933.0
2025-10-03T13:00:00-04:00,217.47,217.47,215.92,215.92,708.0
2025-10-03T13:05:00-04:00,216.28,216.4,216.225,216.37,550.0
2025-10-03T13:30:00-04:00,215.76,216.23,215.76,216.23,223.0
2025-10-03T13:50:00-04:00,214.54,214.54,214.54,214.54,131.0
2025-10-03T13:55:00-04:00,214.3,214.69,214.3,214.69,230.0
2025-10-03T14:20:00-04:00,215.6,215.61,215.6,215.61,236.0
2025-10-03T14:25:00-04:00,215.7,215.94,215.7,215.88,489.0
2025-10-03T14:30:00-04:00,215.93,215.93,215.84,215.84,200.0
2025-10-03T14:55:00-04:00,214.98,215.18,214.98,215.12,358.0
2025-10-03T15:00:00-04:00,215.37,215.44,215.37,215.44,478.0
2025-10-03T15:05:00-04:00,215.25,215.25,215.25,215.25,110.0
2025-10-03T15:10:00-04:00,215.51,215.51,215.51,215.51,210.0
2025-10-03T15:15:00-04:00,215.21,215.21,215.02,215.04,489.0
2025-10-03T15:20:00-04:00,215.03,215.03,214.98,214.98,411.0
2025-10-03T15:25:00-04:00,215.07,215.07,214.98,215.02,615.0
2025-10-03T15:30:00-04:00,214.98,215.23,214.98,215.23,801.0
2025-10-03T15:35:00-04:00,215.21,215.34,215.21,215.34,1887.0
2025-10-03T15:40:00-04:00,215.41,215.54,215.34,215.37,1463.0
2025-10-03T15:45:00-04:00,215.38,215.38,215.23,215.27,504.0
2025-10-03T15:50:00-04:00,214.86,215.03,214.82,214.95,3329.0
2025-10-03T15:55:00-04:00,214.53,214.54,214.205,214.42,7660.0
2025-10-06T09:20:00-04:00,216.6,216.6,216.6,216.6,105.0
2025-10-06T09:30:00-04:00,216.73,216.73,216.35,216.395,300.0
2025-10-06T09:35:00-04:00,216.07,216.43,215.86,216.0,6244.0
2025-10-06T09:40:00-04:00,216.07,216.19,215.37,215.575,7542.0
2025-10-06T09:45:00-04:00,215.6,216.09,215.6,215.97,8350.0
2025-10-06T09:50:00-04:00,215.92,215.92,215.47,215.5,5171.0
2025-10-06T09:55:00-04:00,215.38,215.45,215.22,215.31,3005.0
2025-10-06T10:00:00-04:00,215.22,215.47,214.86,215.3,3509.0
2025-10-06T10:05:00-04:00,215.37,215.37,214.91,214.91,2068.0
2025-10-06T10:10:00-04:00,214.82,215.59,214.78,215.59,2637.0
2025-10-06T10:15:00-04:00,215.59,215.7,215.5,215.55,3945.0
2025-10-06T10:20:00-04:00,215.6,215.85,215.58,215.66,3625.0
2025-10-06T10:25:00-04:00,215.73,215.95,215.73,215.78,5332.0
2025-10-06T10:30:00-04:00,215.78,215.94,215.72,215.86,3648.0
2025-10-06T10:35:00-04:00,215.79,216.05,215.79,216.05,2768.0
2025-10-06T10:40:00-04:00,216.0,216.0,215.49,215.76,2728.0
2025-10-06T10:45:00-04:00,215.87,216.07,215.72,216.07,1487.0
2025-10-06T10:50:00-04:00,215.99,215.99,215.78,215.9,2751.0
2025-10-06T10:55:00-04:00,215.83,216.0,215.76,216.0,2064.0
2025-10-06T11:00:00-04:00,216.02,216.17,216.0,216.02,1744.0
2025-10-06T11:05:00-04:00,216.31,216.37,216.26,216.37,1293.0
2025-10-06T11:10:00-04:00,216.3,216.3,216.18,216.18,793.0
2025-10-06T11:15:00-04:00,216.19,216.42,216.19,216.42,1358.0
2025-10-06T11:20:00-04:00,216.36,216.44,216.31,216.34,1416.0
2025-10-06T11:25:00-04:00,216.26,216.62,216.26,216.44,2400.0
2025-10-06T11:30:00-04:00,216.44,216.59,216.37,216.59,2195.0
2025-10-06T11:35:00-04:00,216.59,216.64,216.52,216.56,2135.0
2025-10-06T11:40:00-04:00,216.45,216.66,216.45,216.66,1114.0
2025-10-06T11:45:00-04:00,216.65,216.96,216.65,216.91,3466.0
2025-10-06T11:50:00-04:00,216.95,217.07,216.84,217.0,3850.0
2025-10-06T11:55:00-04:00,217.03,217.11,216.97,217.06,2017.0
2025-10-06T12:00:00-04:00,217.01,217.11,216.87,216.87,2967.0
2025-10-06T12:05:00-04:00,216.92,217.05,216.87,216.87,3458.0
2025-10-06T12:10:00-04:00,216.72,216.81,216.62,216.66,1985.0
2025-10-06T12:15:00-04:00,216.64,216.82,216.59,216.74,1244.0
2025-10-06T12:20:00-04:00,216.73,216.93,216.66,216.91,1588.0
2025-10-06T12:25:00-04:00,216.91,216.98,216.91,216.97,888.0
2025-10-06T12:30:00-04:00,216.96,217.0,216.77,216.77,1173.0
2025-10-06T12:35:00-04:00,216.74,216.81,216.67,216.77,1483.0
2025-10-06T12:40:00-04:00,216.73,216.8,216.63,216.76,611.0
2025-10-06T12:45:00-04:00,216.81,217.0,216.81,216.81,1477.0
2025-10-06T12:50:00-04:00,216.82,216.96,216.76,216.95,1121.0
2025-10-06T12:55:00-04:00,216.87,216.98,216.87,216.97,1664.0
2025-10-06T13:00:00-04:00,216.95,216.95,216.78,216.9,1164.0
2025-10-06T13:05:00-04:00,216.77,216.77,216.73,216.74,1113.0
2025-10-06T13:10:00-04:00,216.7,216.74,216.65,216.74,885.0
2025-10-06T13:15:00-04:00,216.79,216.87,216.69,216.87,2245.0
2025-10-06T13:20:00-04:00,216.86,217.41,216.86,217.41,1899.0
2025-10-06T13:25:00-04:00,217.45,217.52,217.26,217.28,2055.0
2025-10-06T13:30:00-04:00,217.33,217.38,217.25,217.25,961.0
2025-10-06T13:35:00-04:00,217.1,217.25,217.09,217.25,2240.0
2025-10-06T13:40:00-04:00,217.36,217.4,217.09,217.09,2947.0
2025-10-06T13:45:00-04:00,217.1,217.35,217.08,217.35,2065.0
2025-10-06T13:50:00-04:00,217.33,217.52,217.33,217.45,1432.0
2025-10-06T13:55:00-04:00,217.39,217.55,217.39,217.52,1392.0
2025-10-06T14:00:00-04:00,217.44,217.64,217.31,217.59,2311.0
2025-10-06T14:05:00-04:00,217.59,217.64,217.38,217.39,1794.0
2025-10-06T14:10:00-04:00,217.37,217.53,217.34,217.4,1831.0
2025-10-06T14:15:00-04:00,217.39,217.46,217.35,217.37,1268.0
2025-10-06T14:20:00-04:00,217.34,217.48,217.32,217.48,1429.0
2025-10-06T14:25:00-04:00,217.49,217.58,217.44,217.46,2352.0
2025-10-06T14:30:00-04:00,217.46,217.68,217.46,217.6,2699.0
2025-10-06T14:35:00-04:00,217.64,217.69,217.59,217.59,1153.0
2025-10-06T14:40:00-04:00,217.48,217.49,217.33,217.43,1647.0
2025-10-06T14:45:00-04:00,217.42,217.53,217.36,217.47,1407.0
2025-10-06T14:50:00-04:00,217.44,217.54,217.44,217.51,1182.0
2025-10-06T14:55:00-04:00,217.24,217.38,217.24,217.38,965.0
2025-10-06T15:00:00-04:00,217.27,217.3,217.21,217.24,1435.0
2025-10-06T15:05:00-04:00,217.24,217.29,217.24,217.26,1412.0
2025-10-06T15:10:00-04:00,217.36,217.36,217.27,217.27,694.0
2025-10-06T15:15:00-04:00,217.17,217.19,217.07,217.11,2368.0
2025-10-06T15:20:00-04:00,217.06,217.06,216.92,216.96,2768.0
2025-10-06T15:25:00-04:00,217.02,217.15,216.97,216.99,4123.0
2025-10-06T15:30:00-04:00,216.96,217.05,216.87,217.03,2447.0
2025-10-06T15:35:00-04:00,217.02,217.16,216.94,217.1,3899.0
2025-10-06T15:40:00-04:00,217.15,217.15,216.95,217.03,3459.0
2025-10-06T15:45:00-04:00,217.08,217.11,216.89,217.1,5241.0
2025-10-06T15:50:00-04:00,217.26,217.28,217.14,217.22,4547.0
2025-10-06T15:55:00-04:00,217.16,217.16,216.795,216.88,2609.0
2025-10-07T09:30:00-04:00,217.5,218.05,217.5,217.98,1212.0
2025-10-07T09:35:00-04:00,218.05,218.13,217.83,217.9,7600.0
2025-10-07T09:40:00-04:00,217.87,218.08,217.65,217.77,8720.0
2025-10-07T09:45:00-04:00,217.73,217.8,217.42,217.48,8148.0
2025-10-07T09:50:00-04:00,217.57,217.64,217.28,217.63,4546.0
2025-10-07T09:55:00-04:00,217.69,217.91,217.37,217.38,5008.0
2025-10-07T10:00:00-04:00,217.44,217.45,217.01,217.08,4844.0
2025-10-07T10:05:00-04:00,217.14,217.28,217.14,217.26,4576.0
2025-10-07T10:10:00-04:00,217.29,217.53,217.13,217.13,5895.0
2025-10-07T10:15:00-04:00,217.15,217.35,217.08,217.21,6401.0
2025-10-07T10:20:00-04:00,217.18,217.18,216.91,216.97,5026.0
2025-10-07T10:25:00-04:00,216.95,216.95,216.52,216.54,7349.0
2025-10-07T10:30:00-04:00,216.48,216.85,216.48,216.66,2547.0
2025-10-07T10:35:00-04:00,216.62,216.62,216.12,216.27,3052.0
2025-10-07T10:40:00-04:00,216.31,216.52,216.2,216.25,2481.0
2025-10-07T10:45:00-04:00,216.26,216.4,216.2,216.25,2283.0
2025-10-07T10:50:00-04:00,216.3,216.32,216.3,216.32,236.0
2025-10-07T10:55:00-04:00,216.13,216.15,215.86,216.15,834.0
2025-10-07T11:00:00-04:00,216.17,216.24,215.61,215.61,2425.0
2025-10-07T11:05:00-04:00,215.37,215.37,214.15,214.15,1568.0
2025-10-07T11:10:00-04:00,214.17,214.98,214.11,214.98,1310.0
2025-10-07T11:15:00-04:00,214.64,215.13,214.49,214.7,1448.0
2025-10-07T11:20:00-04:00,214.74,215.24,214.74,215.23,1241.0
2025-10-07T11:25:00-04:00,215.11,215.11,214.4,214.4,1152.0
2025-10-07T11:30:00-04:00,214.4,214.4,214.4,214.4,310.0
2025-10-07T11:35:00-04:00,213.95,213.95,213.5,213.74,3296.0
2025-10-07T11:40:00-04:00,213.75,213.96,213.75,213.81,1233.0
2025-10-07T11:45:00-04:00,213.79,213.79,213.17,213.17,900.0
2025-10-07T11:50:00-04:00,213.0,213.61,213.0,213.11,809.0
2025-10-07T11:55:00-04:00,213.17,213.54,213.1,213.54,905.0
2025-10-07T12:00:00-04:00,214.01,214.03,214.01,214.03,200.0
2025-10-07T12:05:00-04:00,213.96,213.96,213.31,213.31,4807.0
2025-10-07T12:25:00-04:00,213.91,213.92,213.68,213.73,2747.0
2025-10-07T12:30:00-04:00,213.97,213.98,213.87,213.96,1019.0
2025-10-07T12:40:00-04:00,214.62,214.62,214.32,214.32,200.0
2025-10-07T12:45:00-04:00,214.03,214.13,213.84,213.84,734.0
2025-10-07T12:50:00-04:00,213.72,214.01,213.72,213.8,2800.0
2025-10-07T12:55:00-04:00,213.69,213.75,213.48,213.48,1078.0
2025-10-07T13:00:00-04:00,213.78,213.79,213.78,213.79,400.0
2025-10-07T13:05:00-04:00,214.03,214.06,213.98,214.06,600.0
2025-10-07T13:10:00-04:00,214.52,214.52,214.1,214.13,800.0
2025-10-07T13:15:00-04:00,214.53,214.53,214.53,214.53,100.0
2025-10-07T13:25:00-04:00,214.03,214.07,214.03,214.07,272.0
2025-10-07T13:30:00-04:00,213.92,214.05,213.9,213.91,1718.0
2025-10-07T13:35:00-04:00,213.8,213.9,213.77,213.9,4164.0
2025-10-07T13:40:00-04:00,213.97,213.99,213.78,213.99,3089.0
2025-10-07T13:50:00-04:00,213.91,213.91,213.87,213.87,300.0
2025-10-07T13:55:00-04:00,213.77,213.77,213.72,213.72,400.0
2025-10-07T14:00:00-04:00,213.29,213.29,213.16,213.19,621.0
2025-10-07T14:05:00-04:00,213.7,213.73,213.65,213.65,1023.0
2025-10-07T14:10:00-04:00,213.68,214.02,213.67,213.96,1624.0
2025-10-07T14:15:00-04:00,213.91,214.02,213.71,213.75,1500.0
2025-10-07T14:20:00-04:00,213.8,214.02,213.8,214.02,1335.0
2025-10-07T14:25:00-04:00,214.04,214.12,213.91,213.91,2552.0
2025-10-07T14:30:00-04:00,213.94,213.99,213.94,213.99,845.0
2025-10-07T14:35:00-04:00,214.1,214.1,214.1,214.1,141.0
2025-10-07T14:40:00-04:00,213.98,214.07,213.94,214.05,1494.0
2025-10-07T14:45:00-04:00,214.15,214.15,214.1,214.1,200.0
2025-10-07T14:50:00-04:00,214.25,214.25,214.25,214.25,200.0
2025-10-07T14:55:00-04:00,214.27,214.27,214.25,214.25,300.0
2025-10-07T15:05:00-04:00,214.03,214.04,213.94,213.95,1296.0
2025-10-07T15:10:00-04:00,213.98,213.98,213.98,213.98,140.0
2025-10-07T15:15:00-04:00,213.97,214.02,213.9,213.98,1930.0
2025-10-07T15:25:00-04:00,213.89,213.89,213.89,213.89,228.0
2025-10-07T15:30:00-04:00,214.02,214.12,214.02,214.08,300.0
2025-10-07T15:35:00-04:00,214.05,214.3,214.05,214.1,1488.0
2025-10-07T15:40:00-04:00,214.12,214.43,214.12,214.43,1198.0
2025-10-07T15:45:00-04:00,214.6,214.6,214.44,214.54,1980.0
2025-10-07T15:50:00-04:00,214.55,214.57,214.43,214.54,2616.0
2025-10-07T15:55:00-04:00,214.58,214.62,214.09,214.28,5438.0
2025-10-08T09:30:00-04:00,215.45,215.45,215.1,215.1,601.0
2025-10-08T09:35:00-04:00,214.97,215.0,214.83,214.875,756.0
2025-10-08T09:40:00-04:00,214.92,214.92,214.85,214.85,294.0
2025-10-08T09:45:00-04:00,215.4,215.72,215.4,215.72,1670.0
2025-10-08T09:50:00-04:00,215.48,215.48,215.09,215.32,2740.0
2025-10-08T09:55:00-04:00,215.35,215.67,215.28,215.43,2713.0
2025-10-08T10:00:00-04:00,215.53,215.56,215.51,215.51,508.0
2025-10-08T10:20:00-04:00,216.69,216.69,216.69,216.69,100.0
2025-10-08T10:25:00-04:00,216.85,216.95,216.84,216.94,991.0
2025-10-08T10:30:00-04:00,216.97,217.2,216.92,217.1,1508.0
2025-10-08T10:35:00-04:00,217.07,217.07,216.94,217.0,1037.0
2025-10-08T10:45:00-04:00,216.81,216.81,216.81,216.81,100.0
2025-10-08T11:10:00-04:00,217.2,217.2,217.2,217.2,100.0
2025-10-08T11:15:00-04:00,217.28,217.28,217.28,217.28,100.0
2025-10-08T11:20:00-04:00,217.23,217.23,217.16,217.16,200.0
2025-10-08T11:25:00-04:00,217.68,217.74,217.68,217.74,250.0
2025-10-08T11:30:00-04:00,217.52,217.52,217.52,217.52,123.0
2025-10-08T11:50:00-04:00,217.87,217.87,217.87,217.87,100.0
2025-10-08T11:55:00-04:00,217.95,217.95,217.88,217.88,527.0
2025-10-08T12:00:00-04:00,217.8,217.8,217.73,217.73,200.0
2025-10-08T12:10:00-04:00,217.91,217.99,217.91,217.97,333.0
2025-10-08T12:15:00-04:00,218.04,218.04,218.04,218.04,100.0
2025-10-08T12:25:00-04:00,217.69,217.69,217.65,217.65,200.0
2025-10-08T12:40:00-04:00,217.63,217.63,217.62,217.62,250.0
2025-10-08T12:55:00-04:00,217.41,217.62,217.41,217.62,200.0
2025-10-08T13:30:00-04:00,217.93,217.93,217.93,217.93,100.0
2025-10-08T13:45:00-04:00,217.98,217.98,217.98,217.98,100.0
2025-10-08T14:00:00-04:00,217.83,217.94,217.72,217.94,422.0
2025-10-08T14:25:00-04:00,217.92,217.92,217.89,217.89,200.0
2025-10-08T14:40:00-04:00,217.58,217.58,217.58,217.58,100.0
2025-10-08T14:45:00-04:00,217.43,217.43,217.43,217.43,100.0
2025-10-08T14:55:00-04:00,217.37,217.37,217.35,217.35,550.0
2025-10-08T15:00:00-04:00,217.33,217.58,217.33,217.56,1069.0
2025-10-08T15:05:00-04:00,217.58,217.62,217.43,217.43,1488.0
2025-10-08T15:10:00-04:00,217.59,217.63,217.49,217.63,1488.0
2025-10-08T15:15:00-04:00,217.83,217.91,217.78,217.9,1145.0
2025-10-08T15:20:00-04:00,217.97,218.03,217.9,217.94,1266.0
2025-10-08T15:25:00-04:00,217.98,218.02,217.92,217.95,1629.0
2025-10-08T15:30:00-04:00,217.93,218.02,217.91,217.91,2831.0
2025-10-08T15:35:00-04:00,217.93,217.94,217.8,217.89,2299.0
2025-10-08T15:40:00-04:00,217.89,217.89,217.75,217.79,2292.0
2025-10-08T15:45:00-04:00,217.81,217.95,217.78,217.95,2848.0
2025-10-08T15:50:00-04:00,217.96,218.21,217.93,218.15,6907.0
2025-10-08T15:55:00-04:00,218.13,218.14,217.96,217.96,3391.0
2025-10-08T16:05:00-04:00,218.23,218.23,218.23,218.23,100.0
2025-10-08T16:15:00-04:00,218.3,218.3,218.28,218.28,200.0
2025-10-09T09:35:00-04:00,218.33,218.38,218.31,218.31,400.0
2025-10-09T09:40:00-04:00,217.87,217.87,217.83,217.83,241.0
2025-10-09T09:50:00-04:00,217.58,217.58,217.3,217.3,325.0
2025-10-09T09:55:00-04:00,217.21,217.21,217.205,217.205,214.0
2025-10-09T10:25:00-04:00,216.25,216.25,216.25,216.25,100.0
2025-10-09T10:30:00-04:00,216.09,216.09,216.09,216.09,100.0
2025-10-09T10:35:00-04:00,215.64,215.64,215.64,215.64,100.0
2025-10-09T10:45:00-04:00,215.16,215.16,215.16,215.16,100.0
2025-10-09T11:45:00-04:00,216.16,216.16,216.16,216.16,100.0
2025-10-09T11:50:00-04:00,216.2,216.2,216.2,216.2,100.0
2025-10-09T12:20:00-04:00,215.73,215.73,215.73,215.73,100.0
2025-10-09T12:25:00-04:00,215.95,215.95,215.8,215.8,250.0
2025-10-09T12:40:00-04:00,215.42,215.42,215.42,215.42,100.0
2025-10-09T12:50:00-04:00,215.69,215.69,215.42,215.435,850.0
2025-10-09T12:55:00-04:00,215.09,215.09,214.95,214.95,225.0
2025-10-09T13:10:00-04:00,215.03,215.03,215.03,215.03,100.0
2025-10-09T13:25:00-04:00,214.56,214.56,214.54,214.55,350.0
2025-10-09T14:15:00-04:00,215.19,215.28,215.19,215.28,275.0
2025-10-09T14:25:00-04:00,214.95,214.95,214.93,214.93,200.0
2025-10-09T15:10:00-04:00,215.32,215.32,215.32,215.32,100.0
2025-10-09T15:15:00-04:00,215.3,215.3,215.3,215.3,100.0
2025-10-09T15:35:00-04:00,215.83,215.99,215.83,215.99,356.0
2025-10-09T15:45:00-04:00,215.96,216.01,215.89,216.01,900.0
2025-10-09T15:55:00-04:00,215.94,216.08,215.94,216.08,1009.0
2025-10-10T09:30:00-04:00,217.0,217.41,216.8,217.41,676.0
2025-10-10T09:35:00-04:00,217.82,218.31,217.82,218.27,846.0
2025-10-10T09:40:00-04:00,218.27,218.38,218.13,218.22,610.0
2025-10-10T09:45:00-04:00,218.48,218.48,217.78,217.78,866.0
2025-10-10T09:50:00-04:00,217.79,217.82,217.61,217.61,855.0
2025-10-10T09:55:00-04:00,217.98,217.98,217.84,217.94,500.0
2025-10-10T10:00:00-04:00,217.23,217.23,217.21,217.21,500.0
2025-10-10T10:05:00-04:00,217.18,217.66,217.18,217.66,350.0
2025-10-10T10:10:00-04:00,217.83,217.83,217.55,217.55,600.0
2025-10-10T10:15:00-04:00,217.24,217.24,216.75,217.12,845.0
2025-10-10T10:25:00-04:00,217.74,217.75,217.63,217.63,822.0
2025-10-10T10:40:00-04:00,217.06,217.06,217.06,217.06,126.0
2025-10-10T10:45:00-04:00,217.82,217.82,217.82,217.82,100.0
2025-10-10T10:55:00-04:00,217.28,217.28,213.57,213.79,1185.0
2025-10-10T11:00:00-04:00,213.05,213.05,210.585,211.25,2634.0
2025-10-10T11:05:00-04:00,211.005,212.11,210.46,210.46,2330.0
2025-10-10T11:10:00-04:00,210.75,212.87,210.75,212.87,2311.0
2025-10-10T11:15:00-04:00,212.66,212.66,210.04,210.36,3100.0
2025-10-10T11:20:00-04:00,209.925,209.925,207.895,207.92,2327.0
2025-10-10T11:25:00-04:00,207.67,209.09,207.35,207.69,1817.0
2025-10-10T11:30:00-04:00,206.9,206.91,205.12,205.8,3172.0
2025-10-10T11:35:00-04:00,205.96,206.8,205.85,206.26,3248.0
2025-10-10T11:40:00-04:00,205.29,207.98,204.83,207.95,3350.0
2025-10-10T11:45:00-04:00,208.37,208.585,207.3,207.52,2715.0
2025-10-10T11:50:00-04:00,208.14,208.87,207.78,208.38,1799.0
2025-10-10T11:55:00-04:00,207.72,207.72,206.21,206.21,1106.0
2025-10-10T12:00:00-04:00,206.08,206.08,205.53,206.04,702.0
2025-10-10T12:05:00-04:00,206.55,206.55,206.55,206.55,100.0
2025-10-10T12:10:00-04:00,206.21,206.84,205.7,206.8,1180.0
2025-10-10T12:15:00-04:00,206.85,206.95,206.04,206.08,2780.0
2025-10-10T12:20:00-04:00,205.91,207.525,205.91,207.09,3137.0
2025-10-10T12:25:00-04:00,207.38,207.38,206.74,206.74,600.0
2025-10-10T12:30:00-04:00,207.01,207.88,207.01,207.14,640.0
2025-10-10T12:35:00-04:00,206.36,206.74,206.36,206.74,261.0
2025-10-10T12:40:00-04:00,206.67,206.67,205.92,206.04,375.0
2025-10-10T12:45:00-04:00,205.76,206.33,205.08,205.1,1150.0
2025-10-10T12:50:00-04:00,204.91,204.99,204.31,204.34,2971.0
2025-10-10T12:55:00-04:00,204.61,204.61,204.6,204.6,208.0
2025-10-10T13:00:00-04:00,203.59,203.59,203.5,203.5,245.0
2025-10-10T13:05:00-04:00,203.51,203.51,203.37,203.5,800.0
2025-10-10T13:10:00-04:00,203.595,204.3,203.14,203.26,2000.0
2025-10-10T13:15:00-04:00,203.4,204.35,203.4,204.23,1028.0
2025-10-10T13:20:00-04:00,204.54,204.54,204.54,204.54,100.0
2025-10-10T13:25:00-04:00,204.78,205.0,204.75,204.93,900.0
2025-10-10T13:30:00-04:00,204.66,204.66,204.66,204.66,300.0
2025-10-10T13:35:00-04:00,205.73,205.73,205.3,205.3,740.0
2025-10-10T13:45:00-04:00,204.8,204.87,204.07,204.87,800.0
2025-10-10T13:50:00-04:00,204.77,204.83,204.77,204.83,425.0
2025-10-10T13:55:00-04:00,204.67,204.67,204.67,204.67,100.0
2025-10-10T14:00:00-04:00,204.25,204.29,204.1,204.1,300.0
2025-10-10T14:05:00-04:00,204.545,204.545,204.545,204.545,100.0
2025-10-10T14:15:00-04:00,204.21,204.35,204.21,204.35,201.0
2025-10-10T14:20:00-04:00,204.7,205.18,204.65,205.18,300.0
2025-10-10T14:30:00-04:00,204.04,204.04,204.04,204.04,100.0
2025-10-10T14:35:00-04:00,203.795,203.94,203.795,203.94,227.0
2025-10-10T14:40:00-04:00,203.55,203.55,203.26,203.28,424.0
2025-10-10T14:45:00-04:00,203.46,203.48,202.86,202.92,994.0
2025-10-10T14:50:00-04:00,203.02,203.02,202.205,202.25,824.0
2025-10-10T14:55:00-04:00,202.685,202.7,202.685,202.7,500.0
2025-10-10T15:00:00-04:00,203.3,203.3,202.87,202.87,300.0
2025-10-10T15:05:00-04:00,202.7,202.7,202.7,202.7,100.0
2025-10-10T15:10:00-04:00,202.29,202.29,201.71,201.73,1920.0
2025-10-10T15:15:00-04:00,201.78,202.43,201.78,202.41,535.0
2025-10-10T15:20:00-04:00,202.27,202.27,201.68,201.68,920.0
2025-10-10T15:25:00-04:00,201.88,201.91,200.99,201.32,1432.0
2025-10-10T15:30:00-04:00,201.56,201.59,201.24,201.24,1286.0
2025-10-10T15:35:00-04:00,200.77,200.77,199.63,199.63,1010.0
2025-10-10T15:40:00-04:00,200.02,201.4,200.02,201.38,3378.0
2025-10-10T15:45:00-04:00,201.72,201.91,201.07,201.9,1505.0
2025-10-10T15:50:00-04:00,201.08,201.08,199.47,199.47,1495.0
2025-10-10T15:55:00-04:00,198.955,198.98,198.58,198.625,3273.0
2025-10-13T09:30:00-04:00,205.395,206.3,205.395,206.3,915.0
2025-10-13T09:35:00-04:00,205.38,205.38,205.21,205.21,204.0
2025-10-13T09:40:00-04:00,205.46,205.46,204.79,204.79,300.0
2025-10-13T09:45:00-04:00,205.95,205.95,205.485,205.68,608.0
2025-10-13T09:50:00-04:00,206.15,206.71,206.15,206.71,335.0
2025-10-13T09:55:00-04:00,206.27,207.28,206.27,207.28,327.0
2025-10-13T10:00:00-04:00,206.9,206.9,206.9,206.9,100.0
2025-10-13T10:05:00-04:00,207.32,207.43,207.07,207.27,739.0
2025-10-13T10:10:00-04:00,207.265,207.265,207.08,207.08,1104.0
2025-10-13T10:15:00-04:00,206.98,206.98,206.98,206.98,100.0
2025-10-13T10:20:00-04:00,206.03,206.03,205.46,205.49,500.0
2025-10-13T10:25:00-04:00,205.94,205.94,205.94,205.94,485.0
2025-10-13T10:30:00-04:00,205.44,205.44,205.44,205.44,100.0
2025-10-13T10:35:00-04:00,206.68,206.74,206.68,206.74,236.0
2025-10-13T10:40:00-04:00,206.86,206.86,206.03,206.23,1297.0
2025-10-13T11:00:00-04:00,205.24,205.24,205.24,205.24,600.0
2025-10-13T11:10:00-04:00,205.675,205.675,205.675,205.675,100.0
2025-10-13T12:15:00-04:00,208.09,208.09,208.09,208.09,110.0
2025-10-13T12:20:00-04:00,208.16,208.16,208.16,208.16,490.0
2025-10-13T12:40:00-04:00,207.72,207.72,207.72,207.72,200.0
2025-10-13T12:45:00-04:00,207.76,207.76,207.76,207.76,100.0
2025-10-13T13:00:00-04:00,208.97,208.97,208.97,208.97,190.0
2025-10-13T13:15:00-04:00,208.11,208.11,208.11,208.11,100.0
2025-10-13T13:20:00-04:00,208.06,208.06,208.06,208.06,110.0
2025-10-13T14:10:00-04:00,208.18,208.18,207.955,207.955,278.0
2025-10-13T14:20:00-04:00,208.35,208.35,208.35,208.35,111.0
2025-10-13T14:50:00-04:00,207.18,207.18,207.18,207.18,120.0
2025-10-13T14:55:00-04:00,206.85,206.85,206.85,206.85,150.0
2025-10-13T15:15:00-04:00,207.175,207.175,207.175,207.175,190.0
2025-10-13T15:40:00-04:00,207.93,207.93,207.93,207.93,180.0
2025-10-13T15:45:00-04:00,207.87,207.87,207.86,207.86,360.0
2025-10-13T15:50:00-04:00,207.85,208.0,207.84,208.0,488.0
2025-10-13T15:55:00-04:00,207.59,207.59,207.58,207.58,219.0
2025-10-23T09:30:00-04:00,211.59,211.74,211.585,211.59,700.0
2025-10-23T09:35:00-04:00,211.65,212.54,211.65,212.54,1592.0
2025-10-23T09:40:00-04:00,212.3,212.41,212.3,212.41,225.0
2025-10-23T09:45:00-04:00,213.15,213.51,212.89,213.51,1535.0
2025-10-23T09:50:00-04:00,213.91,213.95,213.56,213.6,1442.0
2025-10-23T09:55:00-04:00,213.48,213.49,213.17,213.25,1731.0
2025-10-23T10:10:00-04:00,212.67,212.67,212.67,212.67,100.0
2025-10-23T10:15:00-04:00,212.16,212.16,212.16,212.16,100.0
2025-10-23T10:20:00-04:00,212.54,212.81,212.45,212.81,650.0
2025-10-23T10:25:00-04:00,212.84,213.1,212.72,212.97,1150.0
2025-10-23T10:30:00-04:00,212.57,212.87,212.57,212.87,200.0
2025-10-23T10:35:00-04:00,212.97,213.34,212.97,213.34,500.0
2025-10-23T10:40:00-04:00,213.32,213.32,213.03,213.09,400.0
2025-10-23T10:45:00-04:00,213.08,213.72,212.89,213.72,508.0
2025-10-23T10:55:00-04:00,213.025,213.025,212.9,212.9,200.0
2025-10-23T11:00:00-04:00,213.58,213.58,213.12,213.3,409.0
2025-10-23T11:05:00-04:00,213.48,213.48,213.38,213.38,300.0
2025-10-23T11:10:00-04:00,213.09,213.09,213.09,213.09,100.0
2025-10-23T11:15:00-04:00,212.815,212.815,212.815,212.815,100.0
2025-10-23T11:25:00-04:00,213.12,213.49,213.12,213.49,500.0
2025-10-23T11:30:00-04:00,213.46,213.83,213.46,213.66,1534.0
2025-10-23T11:35:00-04:00,213.255,213.255,212.91,213.03,300.0
2025-10-23T11:40:00-04:00,212.415,212.45,212.415,212.45,200.0
2025-10-23T11:55:00-04:00,213.62,213.62,213.62,213.62,131.0
2025-10-23T12:00:00-04:00,213.57,213.57,213.57,213.57,100.0
2025-10-23T12:05:00-04:00,214.07,214.24,214.06,214.09,1032.0
2025-10-23T12:10:00-04:00,214.15,214.3,214.14,214.3,510.0
2025-10-23T12:15:00-04:00,214.3,214.3,214.1,214.17,1138.0
2025-10-23T12:20:00-04:00,214.16,214.16,213.95,213.95,913.0
2025-10-23T12:25:00-04:00,213.84,213.86,213.68,213.86,791.0
2025-10-23T12:40:00-04:00,214.3,214.53,214.24,214.53,419.0
2025-10-23T12:45:00-04:00,214.54,214.54,214.36,214.39,813.0
2025-10-23T12:50:00-04:00,214.66,214.72,214.66,214.71,401.0
2025-10-23T12:55:00-04:00,214.74,214.74,214.64,214.64,401.0
2025-10-23T13:00:00-04:00,214.71,214.88,214.71,214.74,700.0
2025-10-23T13:05:00-04:00,213.89,214.19,213.89,214.13,410.0
2025-10-23T13:25:00-04:00,214.28,214.28,214.12,214.12,283.0
2025-10-23T13:30:00-04:00,214.7,214.7,214.69,214.69,274.0
2025-10-23T13:35:00-04:00,215.46,215.57,215.46,215.57,410.0
2025-10-23T13:55:00-04:00,215.62,215.62,215.62,215.62,173.0
2025-10-23T14:00:00-04:00,215.63,215.63,215.63,215.63,100.0
2025-10-23T14:10:00-04:00,215.35,215.35,215.35,215.35,100.0
2025-10-23T14:15:00-04:00,215.51,215.51,215.51,215.51,161.0
2025-10-23T14:20:00-04:00,215.6,215.65,215.6,215.65,300.0
2025-10-23T14:25:00-04:00,215.7,215.7,215.7,215.7,100.0
2025-10-23T14:30:00-04:00,215.71,215.71,215.71,215.71,165.0
2025-10-23T14:35:00-04:00,215.57,215.57,215.57,215.57,111.0
2025-10-23T14:40:00-04:00,215.66,215.66,215.66,215.66,200.0
2025-10-23T14:50:00-04:00,215.89,215.89,215.84,215.84,279.0
2025-10-23T14:55:00-04:00,215.85,215.85,215.73,215.73,438.0
2025-10-23T15:00:00-04:00,215.77,215.77,215.77,215.77,129.0
2025-10-23T15:10:00-04:00,215.85,215.85,215.84,215.84,354.0
2025-10-23T15:15:00-04:00,215.73,215.73,215.7,215.7,329.0
2025-10-23T15:20:00-04:00,215.8,215.8,215.8,215.8,136.0
2025-10-23T15:30:00-04:00,215.68,215.68,215.48,215.48,204.0
2025-10-23T15:35:00-04:00,215.48,215.48,215.34,215.34,345.0
2025-10-23T15:40:00-04:00,215.41,215.41,215.24,215.24,1131.0
2025-10-23T15:45:00-04:00,215.24,215.45,215.15,215.15,1538.0
2025-10-23T15:50:00-04:00,214.76,214.99,214.73,214.99,917.0
2025-10-23T15:55:00-04:00,214.87,214.95,214.805,214.91,2593.0
2025-10-23T16:00:00-04:00,214.79,214.93,214.79,214.93,200.0
2025-10-24T09:30:00-04:00,219.25,219.5,218.69,219.5,628.0
2025-10-24T09:35:00-04:00,219.92,220.25,219.82,220.25,401.0
2025-10-24T09:40:00-04:00,220.12,220.12,219.82,219.94,620.0
2025-10-24T09:45:00-04:00,220.39,220.51,220.0,220.0,401.0
2025-10-24T09:50:00-04:00,219.75,220.01,219.75,219.78,301.0
2025-10-24T09:55:00-04:00,220.03,220.03,220.03,220.03,200.0
2025-10-24T10:00:00-04:00,220.22,220.3,220.08,220.26,800.0
2025-10-24T10:05:00-04:00,220.29,220.76,220.29,220.76,500.0
2025-10-24T10:10:00-04:00,220.6,220.65,220.56,220.65,500.0
2025-10-24T10:15:00-04:00,220.39,220.44,220.34,220.44,300.0
2025-10-24T10:20:00-04:00,220.0,220.24,219.88,220.21,723.0
2025-10-24T10:25:00-04:00,219.83,219.92,219.68,219.68,703.0
2025-10-24T10:30:00-04:00,219.44,219.44,219.08,219.08,322.0
2025-10-24T10:35:00-04:00,219.65,219.945,219.33,219.945,369.0
2025-10-24T10:40:00-04:00,220.18,220.385,220.1,220.385,300.0
2025-10-24T10:50:00-04:00,219.9,219.9,219.71,219.76,300.0
2025-10-24T10:55:00-04:00,218.91,218.91,218.91,218.91,100.0
2025-10-24T11:05:00-04:00,219.71,219.71,219.71,219.71,100.0
2025-10-24T11:10:00-04:00,219.91,219.915,219.91,219.915,200.0
2025-10-24T11:15:00-04:00,220.37,220.66,220.37,220.58,903.0
2025-10-24T11:20:00-04:00,220.79,221.19,220.79,221.16,1110.0
2025-10-24T11:30:00-04:00,221.05,221.05,221.05,221.05,100.0
2025-10-24T11:35:00-04:00,220.85,221.01,220.85,221.01,408.0
2025-10-24T11:40:00-04:00,220.72,220.72,220.72,220.72,100.0
2025-10-24T11:45:00-04:00,220.48,220.6,220.47,220.56,610.0
2025-10-24T11:50:00-04:00,220.83,220.83,220.83,220.83,150.0
2025-10-24T11:55:00-04:00,220.69,220.77,220.54,220.77,910.0
2025-10-24T12:00:00-04:00,221.08,221.08,220.82,220.82,720.0
2025-10-24T12:05:00-04:00,220.8,220.91,220.8,220.91,310.0
2025-10-24T12:10:00-04:00,220.99,221.11,220.86,221.11,300.0
2025-10-24T12:20:00-04:00,221.13,221.24,221.13,221.24,481.0
2025-10-24T12:25:00-04:00,220.71,220.71,220.69,220.69,200.0
2025-10-24T12:30:00-04:00,220.71,220.71,220.71,220.71,100.0
2025-10-24T12:35:00-04:00,220.5,220.51,220.5,220.51,200.0
2025-10-24T12:40:00-04:00,220.2,220.2,220.2,220.2,100.0
2025-10-24T12:45:00-04:00,220.75,220.75,220.75,220.75,101.0
2025-10-24T12:50:00-04:00,220.82,221.03,220.82,220.9,400.0
2025-10-24T12:55:00-04:00,220.69,220.81,220.68,220.81,500.0
2025-10-24T13:00:00-04:00,220.76,220.95,220.73,220.81,425.0
2025-10-24T13:15:00-04:00,220.67,220.67,220.67,220.67,160.0
2025-10-24T13:20:00-04:00,220.63,220.63,220.63,220.63,100.0
2025-10-24T13:25:00-04:00,220.9,220.9,220.9,220.9,100.0
2025-10-24T13:30:00-04:00,220.91,220.91,220.91,220.91,100.0
2025-10-24T13:35:00-04:00,221.09,221.13,221.09,221.09,600.0
2025-10-24T13:45:00-04:00,221.13,221.2,221.13,221.2,200.0
2025-10-24T13:50:00-04:00,221.05,221.05,221.05,221.05,100.0
2025-10-24T13:55:00-04:00,220.9,220.92,220.9,220.92,200.0
2025-10-24T14:00:00-04:00,220.89,220.89,220.75,220.75,654.0
2025-10-24T14:05:00-04:00,220.89,221.06,220.89,221.06,208.0
2025-10-24T14:10:00-04:00,221.08,221.15,221.02,221.08,1027.0
2025-10-24T14:15:00-04:00,221.03,221.07,221.03,221.07,200.0
2025-10-24T14:20:00-04:00,221.03,221.03,221.03,221.03,100.0
2025-10-24T14:25:00-04:00,221.05,221.05,221.03,221.03,200.0
2025-10-24T14:30:00-04:00,220.95,220.95,220.95,220.95,100.0
2025-10-24T14:35:00-04:00,221.1,221.1,221.1,221.1,122.0
2025-10-24T14:40:00-04:00,220.97,220.97,220.89,220.91,690.0
2025-10-24T14:45:00-04:00,220.76,220.76,220.76,220.76,160.0
2025-10-24T14:50:00-04:00,220.81,220.88,220.81,220.88,403.0
2025-10-24T14:55:00-04:00,220.855,221.0,220.85,221.0,403.0
2025-10-24T15:00:00-04:00,221.03,221.2,221.03,221.11,1363.0
2025-10-24T15:05:00-04:00,221.23,221.24,221.13,221.17,632.0
2025-10-24T15:10:00-04:00,221.23,221.23,221.16,221.16,400.0
2025-10-24T15:15:00-04:00,221.08,221.1,221.02,221.02,500.0
2025-10-24T15:20:00-04:00,220.89,221.2,220.89,221.18,960.0
2025-10-24T15:25:00-04:00,221.16,221.23,221.16,221.18,417.0
2025-10-24T15:30:00-04:00,221.0,221.01,220.95,220.95,358.0
2025-10-24T15:35:00-04:00,220.83,220.97,220.78,220.95,1160.0
2025-10-24T15:40:00-04:00,220.87,220.87,220.6,220.6,955.0
2025-10-24T15:45:00-04:00,220.55,220.79,220.48,220.53,1031.0
2025-10-24T15:50:00-04:00,220.46,220.66,220.39,220.44,2854.0
2025-10-24T15:55:00-04:00,220.42,220.42,219.68,219.73,2242.0
2025-10-27T09:30:00-04:00,225.72,225.72,225.59,225.59,332.0
2025-10-27T09:40:00-04:00,225.49,225.49,225.35,225.35,225.0
2025-10-27T09:45:00-04:00,225.3,225.325,225.3,225.31,400.0
2025-10-27T09:50:00-04:00,225.29,225.65,225.29,225.65,314.0
2025-10-27T09:55:00-04:00,225.71,225.86,225.71,225.83,400.0
2025-10-27T10:00:00-04:00,225.82,226.25,225.68,226.25,507.0
2025-10-27T10:05:00-04:00,226.14,226.15,226.13,226.15,625.0
2025-10-27T10:10:00-04:00,225.93,225.95,225.91,225.91,378.0
2025-10-27T10:15:00-04:00,225.5,225.56,225.405,225.54,583.0
2025-10-27T10:20:00-04:00,225.33,225.33,225.33,225.33,214.0
2025-10-27T10:25:00-04:00,225.49,225.72,225.49,225.72,301.0
2025-10-27T10:30:00-04:00,225.69,225.69,225.69,225.69,200.0
2025-10-27T10:35:00-04:00,225.81,225.81,225.81,225.81,110.0
2025-10-27T10:45:00-04:00,226.0,226.03,226.0,226.03,200.0
2025-10-27T10:50:00-04:00,225.5,225.5,225.5,225.5,100.0
2025-10-27T10:55:00-04:00,225.62,225.62,225.36,225.36,547.0
2025-10-27T11:00:00-04:00,225.46,225.46,225.46,225.46,100.0
2025-10-27T11:10:00-04:00,225.55,225.55,225.54,225.54,260.0
2025-10-27T11:15:00-04:00,225.71,225.71,225.56,225.56,650.0
2025-10-27T11:20:00-04:00,225.79,225.79,225.75,225.75,200.0
2025-10-27T11:25:00-04:00,225.96,225.96,225.96,225.96,109.0
2025-10-27T11:30:00-04:00,226.13,226.16,226.08,226.16,680.0
2025-10-27T11:35:00-04:00,226.14,226.14,226.02,226.02,304.0
2025-10-27T11:40:00-04:00,226.2,226.26,226.2,226.24,827.0
2025-10-27T11:50:00-04:00,225.94,226.0,225.94,225.95,401.0
2025-10-27T11:55:00-04:00,226.01,226.06,226.01,226.06,200.0
2025-10-27T12:00:00-04:00,226.22,226.29,226.22,226.29,205.0
2025-10-27T12:05:00-04:00,226.33,226.43,226.33,226.43,200.0
2025-10-27T12:15:00-04:00,226.27,226.27,226.27,226.27,100.0
2025-10-27T12:20:00-04:00,226.09,226.25,226.09,226.25,300.0
2025-10-27T12:25:00-04:00,226.28,226.28,226.155,226.19,800.0
2025-10-27T12:30:00-04:00,226.29,226.42,226.26,226.38,700.0
2025-10-27T12:35:00-04:00,226.4,226.4,226.4,226.4,164.0
2025-10-27T12:40:00-04:00,226.23,226.36,226.23,226.36,400.0
2025-10-27T12:45:00-04:00,226.32,226.32,226.32,226.32,129.0
2025-10-27T12:50:00-04:00,226.37,226.51,226.37,226.51,503.0
2025-10-27T12:55:00-04:00,226.44,226.44,226.41,226.41,223.0
2025-10-27T13:00:00-04:00,226.43,226.43,226.43,226.43,125.0
2025-10-27T13:05:00-04:00,226.4,226.4,226.26,226.3,701.0
2025-10-27T13:15:00-04:00,226.19,226.19,226.19,226.19,200.0
2025-10-27T13:20:00-04:00,225.94,225.94,225.92,225.93,300.0
2025-10-27T13:25:00-04:00,225.85,226.06,225.85,226.05,404.0
2025-10-27T13:30:00-04:00,226.06,226.25,226.06,226.25,376.0
2025-10-27T13:35:00-04:00,226.18,226.41,226.18,226.41,870.0
2025-10-27T13:40:00-04:00,226.42,226.59,226.42,226.58,1501.0
2025-10-27T13:45:00-04:00,226.61,226.61,226.55,226.57,400.0
2025-10-27T13:55:00-04:00,226.54,226.57,226.53,226.55,402.0
2025-10-27T14:00:00-04:00,226.56,226.62,226.43,226.54,2059.0
2025-10-27T14:05:00-04:00,226.58,226.58,226.49,226.49,302.0
2025-10-27T14:10:00-04:00,226.54,226.54,226.49,226.49,245.0
2025-10-27T14:15:00-04:00,226.52,226.54,226.51,226.54,400.0
2025-10-27T14:20:00-04:00,226.55,226.59,226.55,226.58,576.0
2025-10-27T14:25:00-04:00,226.52,226.56,226.46,226.56,378.0
2025-10-27T14:30:00-04:00,226.54,226.54,226.54,226.54,123.0
2025-10-27T14:35:00-04:00,226.66,226.67,226.64,226.65,620.0
2025-10-27T14:40:00-04:00,226.72,226.74,226.69,226.74,332.0
2025-10-27T14:45:00-04:00,226.74,226.77,226.68,226.71,928.0
2025-10-27T14:50:00-04:00,226.73,226.73,226.66,226.66,600.0
2025-10-27T14:55:00-04:00,226.88,226.88,226.81,226.82,427.0
2025-10-27T15:00:00-04:00,226.77,226.77,226.67,226.69,500.0
2025-10-27T15:05:00-04:00,226.72,226.86,226.72,226.86,300.0
2025-10-27T15:10:00-04:00,226.87,226.9,226.79,226.79,621.0
2025-10-27T15:15:00-04:00,226.7,226.7,226.66,226.66,779.0
2025-10-27T15:20:00-04:00,226.7,226.76,226.67,226.76,1347.0
2025-10-27T15:25:00-04:00,226.79,226.86,226.79,226.86,804.0
2025-10-27T15:30:00-04:00,226.84,227.02,226.84,227.0,1693.0
2025-10-27T15:35:00-04:00,227.01,227.39,227.0,227.35,3228.0
2025-10-27T15:40:00-04:00,227.32,227.32,227.21,227.31,1867.0
2025-10-27T15:45:00-04:00,227.28,227.78,227.27,227.7,2345.0
2025-10-27T15:50:00-04:00,227.82,228.13,227.82,228.13,4360.0
2025-10-27T15:55:00-04:00,228.0,228.13,227.88,227.88,2959.0
2025-10-28T09:30:00-04:00,229.565,229.565,229.525,229.525,280.0
2025-10-28T09:35:00-04:00,229.4,229.4,228.86,228.86,300.0
2025-10-28T09:40:00-04:00,228.72,228.72,228.52,228.52,800.0
2025-10-28T09:45:00-04:00,228.44,228.44,227.84,228.24,1539.0
2025-10-28T09:50:00-04:00,228.26,228.26,227.835,227.87,1950.0
2025-10-28T09:55:00-04:00,228.34,228.61,228.21,228.21,1623.0
2025-10-28T10:10:00-04:00,228.49,228.49,228.35,228.36,301.0
2025-10-28T10:15:00-04:00,228.5,228.5,228.38,228.41,703.0
2025-10-28T10:20:00-04:00,228.44,228.65,228.43,228.52,861.0
2025-10-28T10:25:00-04:00,228.45,228.66,228.45,228.66,577.0
2025-10-28T10:30:00-04:00,228.65,228.65,228.65,228.65,156.0
2025-10-28T10:35:00-04:00,228.87,228.87,228.84,228.84,200.0
2025-10-28T10:40:00-04:00,228.45,228.59,228.38,228.38,400.0
2025-10-28T10:45:00-04:00,228.72,228.73,228.72,228.73,201.0
2025-10-28T10:50:00-04:00,228.68,228.71,228.68,228.68,300.0
2025-10-28T10:55:00-04:00,228.64,228.64,228.42,228.42,434.0
2025-10-28T11:00:00-04:00,228.45,228.6,228.45,228.6,200.0
2025-10-28T11:05:00-04:00,228.64,228.74,228.595,228.595,549.0
2025-10-28T11:25:00-04:00,228.14,228.21,228.14,228.21,200.0
2025-10-28T11:30:00-04:00,228.05,228.05,227.76,227.76,690.0
2025-10-28T11:35:00-04:00,227.47,228.08,227.44,228.05,1704.0
2025-10-28T11:40:00-04:00,228.0,228.0,227.66,227.78,418.0
2025-10-28T11:45:00-04:00,227.8,227.91,227.79,227.79,405.0
2025-10-28T11:50:00-04:00,227.95,228.045,227.85,228.015,1364.0
2025-10-28T11:55:00-04:00,228.16,228.16,228.16,228.16,100.0
2025-10-28T12:00:00-04:00,228.35,228.45,228.35,228.44,609.0
2025-10-28T12:05:00-04:00,228.26,228.52,228.26,228.52,533.0
2025-10-28T12:10:00-04:00,228.52,228.52,228.52,228.52,201.0
2025-10-28T12:15:00-04:00,228.38,228.38,228.32,228.36,406.0
2025-10-28T12:20:00-04:00,228.29,228.38,228.21,228.38,605.0
2025-10-28T12:25:00-04:00,228.51,228.65,228.51,228.65,200.0
2025-10-28T12:30:00-04:00,229.61,229.61,228.97,228.97,868.0
2025-10-28T12:35:00-04:00,228.93,228.93,228.93,228.93,100.0
2025-10-28T12:40:00-04:00,229.0,229.08,229.0,229.08,201.0
2025-10-28T12:45:00-04:00,229.5,229.66,229.5,229.66,300.0
2025-10-28T12:50:00-04:00,229.56,229.69,229.56,229.69,201.0
2025-10-28T12:55:00-04:00,229.5,229.57,229.5,229.51,951.0
2025-10-28T13:00:00-04:00,229.84,229.84,229.81,229.81,221.0
2025-10-28T13:05:00-04:00,229.75,229.75,229.72,229.72,200.0
2025-10-28T13:10:00-04:00,229.73,229.85,229.73,229.85,834.0
2025-10-28T13:15:00-04:00,229.61,229.85,229.58,229.6,700.0
2025-10-28T13:25:00-04:00,229.75,229.76,229.58,229.58,1220.0
2025-10-28T13:30:00-04:00,229.55,229.55,229.48,229.48,200.0
2025-10-28T13:35:00-04:00,229.78,229.81,229.68,229.68,601.0
2025-10-28T13:40:00-04:00,229.82,229.88,229.77,229.88,1200.0
2025-10-28T13:45:00-04:00,229.88,230.07,229.73,229.97,3031.0
2025-10-28T13:50:00-04:00,230.14,230.25,230.14,230.2,801.0
2025-10-28T13:55:00-04:00,230.13,230.13,230.07,230.07,500.0
2025-10-28T14:00:00-04:00,230.26,230.29,230.19,230.2,500.0
2025-10-28T14:05:00-04:00,230.33,230.33,230.15,230.15,1050.0
2025-10-28T14:10:00-04:00,230.22,230.24,230.22,230.23,300.0
2025-10-28T14:15:00-04:00,230.52,230.85,230.52,230.85,781.0
2025-10-28T14:20:00-04:00,230.91,230.91,230.81,230.83,565.0
2025-10-28T14:25:00-04:00,230.83,230.83,230.59,230.59,977.0
2025-10-28T14:30:00-04:00,230.59,230.76,230.58,230.6,997.0
2025-10-28T14:35:00-04:00,230.41,230.46,230.41,230.43,387.0
2025-10-28T14:40:00-04:00,230.39,230.59,230.38,230.56,1732.0
2025-10-28T14:45:00-04:00,230.52,230.52,230.52,230.52,100.0
2025-10-28T14:50:00-04:00,230.66,230.66,230.66,230.66,101.0
2025-10-28T14:55:00-04:00,230.63,230.63,230.48,230.59,1521.0
2025-10-28T15:00:00-04:00,230.7,230.7,230.43,230.49,1072.0
2025-10-28T15:05:00-04:00,230.57,230.79,230.57,230.79,1529.0
2025-10-28T15:10:00-04:00,230.71,230.79,230.71,230.79,1191.0
2025-10-28T15:15:00-04:00,230.71,230.72,230.63,230.64,983.0
2025-10-28T15:20:00-04:00,230.77,230.9,230.74,230.9,1581.0
2025-10-28T15:25:00-04:00,230.91,231.34,230.79,231.32,2424.0
2025-10-28T15:30:00-04:00,231.23,231.23,231.04,231.04,800.0
2025-10-28T15:35:00-04:00,231.01,231.01,230.54,230.61,1842.0
2025-10-28T15:40:00-04:00,230.52,230.52,230.05,230.2,1438.0
2025-10-28T15:45:00-04:00,230.24,230.24,229.91,229.93,1876.0
2025-10-28T15:50:00-04:00,229.82,230.03,229.8,229.85,1017.0
2025-10-28T15:55:00-04:00,229.82,230.04,229.52,229.52,2689.0
2025-10-28T16:00:00-04:00,229.62,229.62,229.62,229.62,100.0
2025-10-29T09:30:00-04:00,231.25,231.25,230.72,231.1,400.0
2025-10-29T09:45:00-04:00,231.47,231.49,231.47,231.49,350.0
2025-10-29T09:50:00-04:00,231.4,231.78,231.4,231.76,677.0
2025-10-29T09:55:00-04:00,232.12,232.12,232.12,232.12,100.0
2025-10-29T10:00:00-04:00,231.99,232.17,231.675,231.68,648.0
2025-10-29T10:05:00-04:00,231.48,231.48,231.27,231.31,642.0
2025-10-29T10:10:00-04:00,231.38,231.38,231.08,231.2,500.0
2025-10-29T10:15:00-04:00,231.08,231.16,231.08,231.16,205.0
2025-10-29T10:20:00-04:00,231.43,231.43,231.3,231.3,200.0
2025-10-29T10:30:00-04:00,231.5,231.5,231.39,231.39,201.0
2025-10-29T10:35:00-04:00,231.26,231.26,231.26,231.26,100.0
2025-10-29T10:40:00-04:00,231.0,231.0,230.92,230.92,300.0
2025-10-29T10:45:00-04:00,231.02,231.02,230.63,230.63,405.0
2025-10-29T10:50:00-04:00,230.69,231.08,230.69,231.08,400.0
2025-10-29T10:55:00-04:00,230.84,230.84,230.84,230.84,100.0
2025-10-29T11:10:00-04:00,230.715,230.715,230.715,230.715,100.0
2025-10-29T11:20:00-04:00,231.2,231.2,231.2,231.2,100.0
2025-10-29T11:40:00-04:00,230.76,230.86,230.7,230.71,600.0
2025-10-29T11:45:00-04:00,230.8,230.8,230.66,230.66,513.0
2025-10-29T11:50:00-04:00,230.85,230.85,230.85,230.85,100.0
2025-10-29T12:00:00-04:00,230.13,230.13,230.13,230.13,100.0
2025-10-29T12:05:00-04:00,230.29,230.29,230.21,230.21,560.0
2025-10-29T12:20:00-04:00,230.97,230.97,230.97,230.97,196.0
2025-10-29T12:25:00-04:00,230.96,230.96,230.92,230.92,216.0
2025-10-29T12:30:00-04:00,230.94,230.94,230.94,230.94,110.0
2025-10-29T12:35:00-04:00,230.95,230.95,230.95,230.95,100.0
2025-10-29T12:45:00-04:00,231.02,231.18,231.02,231.18,318.0
2025-10-29T12:50:00-04:00,230.92,230.92,230.92,230.92,210.0
2025-10-29T12:55:00-04:00,231.25,231.27,231.25,231.27,200.0
2025-10-29T13:00:00-04:00,231.05,231.07,231.05,231.07,200.0
2025-10-29T13:05:00-04:00,231.11,231.11,230.99,231.02,811.0
2025-10-29T13:20:00-04:00,230.88,230.88,230.88,230.88,100.0
2025-10-29T13:25:00-04:00,230.33,230.41,230.3,230.39,1443.0
2025-10-29T13:30:00-04:00,230.25,230.31,230.25,230.31,280.0
2025-10-29T13:35:00-04:00,230.52,230.52,230.52,230.52,100.0
2025-10-29T13:40:00-04:00,230.42,230.64,230.42,230.64,302.0
2025-10-29T13:50:00-04:00,230.81,230.99,230.81,230.9,400.0
2025-10-29T13:55:00-04:00,230.77,230.79,230.61,230.61,1295.0
2025-10-29T14:00:00-04:00,231.1,231.1,230.44,230.44,1046.0
2025-10-29T14:05:00-04:00,230.2,230.58,230.2,230.58,818.0
2025-10-29T14:10:00-04:00,230.3,230.3,230.28,230.28,200.0
2025-10-29T14:15:00-04:00,230.04,230.35,230.04,230.35,349.0
2025-10-29T14:20:00-04:00,230.38,230.38,230.37,230.37,200.0
2025-10-29T14:25:00-04:00,230.07,230.07,230.07,230.07,100.0
2025-10-29T14:30:00-04:00,230.98,230.98,230.98,230.98,100.0
2025-10-29T14:35:00-04:00,230.81,230.81,226.545,226.545,5871.0
2025-10-29T14:40:00-04:00,226.11,227.12,225.42,226.01,5961.0
2025-10-29T14:45:00-04:00,226.29,227.32,226.09,227.32,2122.0
2025-10-29T14:50:00-04:00,227.74,228.8,227.74,228.8,2942.0
2025-10-29T14:55:00-04:00,229.03,229.31,228.21,228.21,3043.0
2025-10-29T15:00:00-04:00,228.33,228.33,227.1,227.15,1670.0
2025-10-29T15:05:00-04:00,229.04,229.04,228.93,228.94,541.0
2025-10-29T15:10:00-04:00,228.835,229.035,228.55,228.56,906.0
2025-10-29T15:15:00-04:00,228.57,228.63,227.89,228.4,3095.0
2025-10-29T15:20:00-04:00,227.935,228.56,227.935,228.56,570.0
2025-10-29T15:25:00-04:00,228.66,229.13,228.32,228.32,1521.0
2025-10-29T15:30:00-04:00,228.18,228.18,227.24,227.24,1117.0
2025-10-29T15:35:00-04:00,227.185,227.91,226.77,227.91,2527.0
2025-10-29T15:40:00-04:00,228.06,228.06,227.39,227.75,738.0
2025-10-29T15:45:00-04:00,228.29,228.93,228.02,228.83,1537.0
2025-10-29T15:50:00-04:00,229.53,229.65,229.04,229.04,2393.0
2025-10-29T15:55:00-04:00,229.165,229.37,228.99,229.175,1889.0
2025-10-30T09:30:00-04:00,226.11,226.12,225.63,225.9,4783.0
2025-10-30T09:35:00-04:00,225.61,225.61,224.06,224.12,2741.0
2025-10-30T09:40:00-04:00,224.18,224.89,224.17,224.67,3028.0
2025-10-30T09:45:00-04:00,225.23,226.73,225.23,226.73,301.0
2025-10-30T09:50:00-04:00,227.4,227.74,227.34,227.74,1788.0
2025-10-30T09:55:00-04:00,227.49,227.6,227.12,227.43,2067.0
2025-10-30T10:00:00-04:00,227.71,227.71,226.87,226.87,200.0
2025-10-30T10:05:00-04:00,227.54,227.54,227.15,227.15,254.0
2025-10-30T10:10:00-04:00,226.905,226.905,226.905,226.905,165.0
2025-10-30T10:15:00-04:00,226.53,226.83,226.53,226.83,200.0
2025-10-30T10:20:00-04:00,226.31,226.31,226.09,226.09,288.0
2025-10-30T10:30:00-04:00,226.49,226.85,226.49,226.62,400.0
2025-10-30T10:35:00-04:00,226.72,226.72,226.72,226.72,200.0
2025-10-30T10:40:00-04:00,227.32,227.68,227.32,227.68,201.0
2025-10-30T10:45:00-04:00,227.27,227.34,227.24,227.34,300.0
2025-10-30T10:50:00-04:00,227.2,227.2,227.2,227.2,129.0
2025-10-30T10:55:00-04:00,226.76,226.76,226.76,226.76,100.0
2025-10-30T11:00:00-04:00,227.02,227.13,227.02,227.13,410.0
2025-10-30T11:05:00-04:00,227.22,227.48,226.96,227.48,851.0
2025-10-30T11:10:00-04:00,227.435,227.57,227.435,227.57,200.0
2025-10-30T11:15:00-04:00,227.39,227.54,227.34,227.51,500.0
2025-10-30T11:20:00-04:00,227.85,227.85,227.51,227.51,300.0
2025-10-30T11:25:00-04:00,227.49,227.49,227.41,227.41,300.0
2025-10-30T11:30:00-04:00,226.91,226.91,226.68,226.79,300.0
2025-10-30T11:35:00-04:00,226.79,226.84,226.79,226.84,245.0
2025-10-30T11:40:00-04:00,225.64,225.91,225.64,225.91,678.0
2025-10-30T11:45:00-04:00,226.05,226.05,225.78,225.95,829.0
2025-10-30T11:50:00-04:00,225.8,225.8,225.8,225.8,100.0
2025-10-30T11:55:00-04:00,226.295,226.295,226.295,226.295,110.0
2025-10-30T12:00:00-04:00,225.89,226.05,225.81,226.05,544.0
2025-10-30T12:05:00-04:00,226.53,226.53,226.53,226.53,100.0
2025-10-30T12:10:00-04:00,227.45,227.5,227.45,227.5,200.0
2025-10-30T12:15:00-04:00,227.51,227.51,227.5,227.51,300.0
2025-10-30T12:20:00-04:00,227.24,227.28,227.24,227.28,310.0
2025-10-30T12:25:00-04:00,227.36,227.36,227.36,227.36,110.0
2025-10-30T12:30:00-04:00,226.99,226.99,226.92,226.92,520.0
2025-10-30T12:35:00-04:00,226.15,226.15,226.15,226.15,130.0
2025-10-30T12:40:00-04:00,226.25,226.25,226.25,226.25,100.0
2025-10-30T12:55:00-04:00,226.86,226.86,226.86,226.86,110.0
2025-10-30T13:05:00-04:00,225.59,225.84,225.59,225.84,200.0
2025-10-30T13:20:00-04:00,226.29,226.29,226.29,226.29,110.0
2025-10-30T13:25:00-04:00,226.95,226.95,226.95,226.95,110.0
2025-10-30T13:30:00-04:00,226.45,226.45,226.45,226.45,110.0
2025-10-30T13:35:00-04:00,226.44,226.44,226.44,226.44,100.0
2025-10-30T13:40:00-04:00,226.18,226.37,226.17,226.33,500.0
2025-10-30T13:45:00-04:00,226.54,226.92,226.54,226.88,410.0
2025-10-30T13:50:00-04:00,227.01,227.01,226.57,226.97,640.0
2025-10-30T13:55:00-04:00,226.81,226.9,226.73,226.74,732.0
2025-10-30T14:00:00-04:00,226.275,226.275,226.275,226.275,120.0
2025-10-30T14:05:00-04:00,226.175,226.175,225.94,225.94,227.0
2025-10-30T14:10:00-04:00,225.9,225.94,225.44,225.44,1312.0
2025-10-30T14:15:00-04:00,225.38,225.41,224.98,225.41,2156.0
2025-10-30T14:20:00-04:00,225.2,225.2,225.2,225.2,150.0
2025-10-30T14:25:00-04:00,225.12,225.49,225.12,225.3,700.0
2025-10-30T14:30:00-04:00,225.56,225.75,225.37,225.37,909.0
2025-10-30T14:35:00-04:00,225.24,225.35,224.91,224.96,1496.0
2025-10-30T14:40:00-04:00,224.78,224.92,224.78,224.92,432.0
2025-10-30T14:50:00-04:00,224.98,225.02,224.95,224.95,851.0
2025-10-30T14:55:00-04:00,224.71,224.795,224.71,224.795,240.0
2025-10-30T15:00:00-04:00,224.78,224.865,224.37,224.5,2423.0
2025-10-30T15:05:00-04:00,224.31,224.31,224.31,224.31,100.0
2025-10-30T15:10:00-04:00,224.41,224.41,224.41,224.41,140.0
2025-10-30T15:15:00-04:00,223.87,223.93,223.62,223.9,947.0
2025-10-30T15:20:00-04:00,223.75,223.75,222.95,223.27,2332.0
2025-10-30T15:25:00-04:00,223.6,223.6,223.6,223.6,250.0
2025-10-30T15:30:00-04:00,224.13,224.13,224.13,224.13,200.0
2025-10-30T15:35:00-04:00,223.73,223.76,223.65,223.65,440.0
2025-10-30T15:40:00-04:00,223.47,223.47,223.47,223.47,100.0
2025-10-30T15:45:00-04:00,222.65,223.18,222.65,223.18,1493.0
2025-10-30T15:50:00-04:00,223.23,223.23,222.865,222.865,1533.0
2025-10-30T15:55:00-04:00,222.64,222.78,222.48,222.78,2035.0
2025-10-31T08:15:00-04:00,228.66,228.66,228.66,228.66,100.0
2025-10-31T08:40:00-04:00,227.67,227.67,227.67,227.67,160.0
2025-10-31T08:50:00-04:00,227.96,227.96,227.96,227.96,115.0
2025-10-31T09:05:00-04:00,227.43,227.43,227.43,227.43,100.0
2025-10-31T09:30:00-04:00,227.1,227.1,226.78,226.78,373.0
2025-10-31T09:40:00-04:00,225.75,225.75,225.415,225.415,555.0
2025-10-31T09:45:00-04:00,225.685,225.685,225.685,225.685,100.0
2025-10-31T10:00:00-04:00,225.47,225.565,225.47,225.565,250.0
2025-10-31T10:10:00-04:00,225.61,225.61,225.1,225.29,797.0
2025-10-31T10:15:00-04:00,225.46,225.68,225.45,225.63,813.0
2025-10-31T10:20:00-04:00,224.91,224.91,224.6,224.6,250.0
2025-10-31T10:25:00-04:00,225.49,225.49,225.49,225.49,100.0
2025-10-31T10:30:00-04:00,225.85,225.85,225.85,225.85,222.0
2025-10-31T10:35:00-04:00,225.9,226.13,225.9,226.13,200.0
2025-10-31T10:55:00-04:00,226.68,226.74,226.68,226.74,253.0
2025-10-31T11:00:00-04:00,226.78,226.78,226.535,226.535,800.0
2025-10-31T11:05:00-04:00,226.41,226.41,226.28,226.28,1080.0
2025-10-31T11:10:00-04:00,226.5,226.5,226.5,226.5,100.0
2025-10-31T11:15:00-04:00,226.705,226.76,226.705,226.76,538.0
2025-10-31T11:20:00-04:00,226.845,226.845,226.52,226.59,733.0
2025-10-31T11:25:00-04:00,226.55,226.55,226.55,226.55,100.0
2025-10-31T11:30:00-04:00,226.35,226.35,226.05,226.05,300.0
2025-10-31T11:40:00-04:00,225.28,225.33,225.28,225.33,412.0
2025-10-31T11:45:00-04:00,225.64,225.85,224.875,224.875,1665.0
2025-10-31T11:50:00-04:00,224.84,225.17,224.84,225.17,591.0
2025-10-31T11:55:00-04:00,224.78,224.78,224.78,224.78,110.0
2025-10-31T12:05:00-04:00,224.54,224.6,224.48,224.6,1870.0
2025-10-31T12:10:00-04:00,223.63,223.705,223.63,223.705,920.0
2025-10-31T12:15:00-04:00,223.31,223.37,222.99,222.99,500.0
2025-10-31T12:20:00-04:00,223.0,223.52,223.0,223.52,3137.0
2025-10-31T12:25:00-04:00,224.22,224.22,224.03,224.03,422.0
2025-10-31T12:30:00-04:00,224.18,224.73,224.18,224.55,2155.0
2025-10-31T12:35:00-04:00,224.365,224.365,224.36,224.36,210.0
2025-10-31T12:40:00-04:00,223.92,223.92,223.42,223.56,731.0
2025-10-31T12:55:00-04:00,223.1,223.18,223.09,223.18,412.0
2025-10-31T13:00:00-04:00,222.7,223.05,222.51,222.51,980.0
2025-10-31T13:05:00-04:00,222.49,222.62,222.49,222.62,210.0
2025-10-31T13:10:00-04:00,222.54,222.54,222.21,222.21,537.0
2025-10-31T13:15:00-04:00,222.155,222.18,221.91,222.18,1133.0
2025-10-31T13:20:00-04:00,221.68,221.76,221.68,221.76,460.0
2025-10-31T13:30:00-04:00,222.5,222.5,222.5,222.5,138.0
2025-10-31T13:40:00-04:00,222.26,222.26,222.26,222.26,101.0
2025-10-31T13:45:00-04:00,223.075,223.43,223.075,223.33,1580.0
2025-10-31T13:50:00-04:00,223.5,223.7,223.5,223.52,1439.0
2025-10-31T13:55:00-04:00,223.135,223.135,223.135,223.135,120.0
2025-10-31T14:00:00-04:00,223.59,223.89,223.59,223.8,1440.0
2025-10-31T14:05:00-04:00,223.99,224.07,223.99,224.07,384.0
2025-10-31T14:10:00-04:00,224.29,224.29,224.26,224.27,1520.0
2025-10-31T14:15:00-04:00,224.31,224.315,224.1,224.1,1104.0
2025-10-31T14:20:00-04:00,224.445,224.445,224.445,224.445,120.0
2025-10-31T14:25:00-04:00,224.56,224.67,224.35,224.62,1123.0
2025-10-31T14:30:00-04:00,224.69,224.69,224.58,224.58,350.0
2025-10-31T14:35:00-04:00,224.335,224.65,224.335,224.65,255.0
2025-10-31T14:40:00-04:00,224.7,224.83,224.7,224.83,2120.0
2025-10-31T14:50:00-04:00,224.185,224.185,224.08,224.08,375.0
2025-10-31T14:55:00-04:00,224.065,224.37,224.065,224.3,519.0
2025-10-31T15:00:00-04:00,224.745,224.745,224.745,224.745,120.0
2025-10-31T15:05:00-04:00,224.84,224.92,224.8,224.92,430.0
2025-10-31T15:10:00-04:00,225.055,225.25,225.03,225.25,1646.0
2025-10-31T15:15:00-04:00,225.435,225.435,225.435,225.435,260.0
2025-10-31T15:20:00-04:00,225.53,225.53,225.53,225.53,361.0
2025-10-31T15:25:00-04:00,225.99,226.33,225.99,226.31,1250.0
2025-10-31T15:30:00-04:00,226.17,226.86,226.17,226.86,300.0
2025-10-31T15:35:00-04:00,226.37,226.37,226.37,226.37,100.0
2025-10-31T15:40:00-04:00,226.36,226.56,226.36,226.56,1279.0
2025-10-31T15:45:00-04:00,226.24,226.24,225.76,225.76,473.0
2025-10-31T15:50:00-04:00,226.44,226.44,225.78,225.78,515.0
2025-10-31T15:55:00-04:00,225.155,225.155,224.375,224.58,2193.0
2025-11-03T09:00:00-05:00,227.33,227.33,227.33,227.33,475.0
2025-11-03T09:30:00-05:00,227.825,227.825,227.37,227.41,745.0
2025-11-03T09:35:00-05:00,226.44,226.58,226.35,226.35,600.0
2025-11-03T09:45:00-05:00,225.26,225.35,225.18,225.35,850.0
2025-11-03T09:50:00-05:00,224.88,224.88,224.77,224.77,275.0
2025-11-03T09:55:00-05:00,224.78,224.78,224.52,224.655,520.0
2025-11-03T10:00:00-05:00,224.69,224.69,224.25,224.25,200.0
2025-11-03T10:05:00-05:00,224.365,224.365,224.08,224.23,455.0
2025-11-03T10:10:00-05:00,224.51,224.51,224.51,224.51,100.0
2025-11-03T10:15:00-05:00,224.12,224.12,223.585,224.0,2889.0
2025-11-03T10:20:00-05:00,223.86,224.2,223.86,224.2,1431.0
2025-11-03T10:30:00-05:00,222.3,222.62,222.3,222.595,2470.0
2025-11-03T10:35:00-05:00,222.41,223.29,222.41,223.29,600.0
2025-11-03T10:40:00-05:00,224.18,224.3,224.07,224.07,500.0
2025-11-03T10:45:00-05:00,224.275,224.275,223.74,223.74,353.0
2025-11-03T10:50:00-05:00,224.05,224.38,224.05,224.38,200.0
2025-11-03T10:55:00-05:00,224.17,224.71,224.17,224.51,1005.0
2025-11-03T11:10:00-05:00,224.46,224.53,224.46,224.53,200.0
2025-11-03T11:15:00-05:00,224.63,224.755,224.63,224.755,244.0
2025-11-03T11:20:00-05:00,224.895,224.98,224.895,224.98,573.0
2025-11-03T11:30:00-05:00,224.415,225.15,224.415,225.15,410.0
2025-11-03T11:35:00-05:00,224.69,224.95,224.69,224.95,200.0
2025-11-03T11:40:00-05:00,225.02,225.02,225.005,225.01,622.0
2025-11-03T11:45:00-05:00,225.04,225.04,225.04,225.04,100.0
2025-11-03T11:50:00-05:00,224.85,224.85,224.85,224.85,101.0
2025-11-03T11:55:00-05:00,225.0,225.6,225.0,225.6,875.0
2025-11-03T12:00:00-05:00,225.145,225.145,225.145,225.145,100.0
2025-11-03T12:10:00-05:00,225.53,225.67,225.52,225.67,601.0
2025-11-03T12:15:00-05:00,225.62,225.62,225.62,225.62,125.0
2025-11-03T12:20:00-05:00,225.89,225.89,225.51,225.51,402.0
2025-11-03T12:25:00-05:00,224.94,224.94,224.71,224.87,550.0
2025-11-03T12:30:00-05:00,225.06,225.06,225.06,225.06,150.0
2025-11-03T12:35:00-05:00,225.82,225.82,225.82,225.82,100.0
2025-11-03T12:40:00-05:00,225.78,225.78,225.78,225.78,165.0
2025-11-03T12:45:00-05:00,225.79,225.79,225.79,225.79,100.0
2025-11-03T12:50:00-05:00,225.805,225.99,225.79,225.79,1959.0
2025-11-03T12:55:00-05:00,226.01,226.01,225.97,225.97,200.0
2025-11-03T13:00:00-05:00,225.91,226.01,225.78,226.01,500.0
2025-11-03T13:05:00-05:00,225.99,225.99,225.99,225.99,133.0
2025-11-03T13:15:00-05:00,226.15,226.15,226.15,226.15,200.0
2025-11-03T13:20:00-05:00,225.9,225.9,225.9,225.9,100.0
2025-11-03T13:30:00-05:00,225.83,225.94,225.83,225.94,227.0
2025-11-03T13:40:00-05:00,226.28,226.3,226.28,226.3,830.0
2025-11-03T13:45:00-05:00,226.06,226.06,225.95,225.95,300.0
2025-11-03T13:50:00-05:00,225.87,225.95,225.87,225.95,200.0
2025-11-03T13:55:00-05:00,225.79,225.79,225.79,225.79,100.0
2025-11-03T14:00:00-05:00,225.76,225.96,225.3,225.31,1739.0
2025-11-03T14:05:00-05:00,225.37,225.72,225.35,225.72,422.0
2025-11-03T14:10:00-05:00,225.71,225.71,225.71,225.71,100.0
2025-11-03T14:20:00-05:00,225.34,225.34,225.34,225.34,122.0
2025-11-03T14:25:00-05:00,225.31,225.31,225.31,225.31,200.0
2025-11-03T14:40:00-05:00,225.34,225.34,224.95,224.95,267.0
2025-11-03T14:50:00-05:00,225.39,225.39,225.39,225.39,100.0
2025-11-03T14:55:00-05:00,225.57,225.57,225.57,225.57,100.0
2025-11-03T15:00:00-05:00,225.575,225.575,225.575,225.575,110.0
2025-11-03T15:05:00-05:00,225.36,225.41,225.36,225.41,415.0
2025-11-03T15:15:00-05:00,225.27,225.41,225.27,225.41,300.0
2025-11-03T15:30:00-05:00,225.15,225.15,224.71,224.71,717.0
2025-11-03T15:35:00-05:00,224.79,225.1,224.79,225.1,628.0
2025-11-03T15:40:00-05:00,225.07,225.26,225.07,225.26,200.0
2025-11-03T15:45:00-05:00,225.31,225.31,225.31,225.31,101.0
2025-11-03T15:50:00-05:00,224.61,224.97,224.61,224.97,522.0
2025-11-03T15:55:00-05:00,225.06,225.27,224.99,225.27,1338.0
2025-11-04T09:30:00-05:00,218.1,218.485,217.185,217.185,2501.0
2025-11-04T09:35:00-05:00,217.21,217.61,217.13,217.61,1290.0
2025-11-04T09:40:00-05:00,219.25,219.25,219.22,219.22,390.0
2025-11-04T09:45:00-05:00,219.02,219.35,219.01,219.26,1387.0
2025-11-04T09:50:00-05:00,219.59,220.48,219.59,220.45,2304.0
2025-11-04T09:55:00-05:00,220.48,220.48,220.44,220.44,274.0
2025-11-04T10:00:00-05:00,220.87,220.975,220.76,220.975,440.0
2025-11-04T10:05:00-05:00,221.21,221.245,221.21,221.245,1000.0
2025-11-04T10:15:00-05:00,221.34,221.34,221.11,221.11,350.0
2025-11-04T10:20:00-05:00,221.49,221.49,221.21,221.27,400.0
2025-11-04T10:25:00-05:00,221.38,221.51,221.38,221.5,301.0
2025-11-04T10:40:00-05:00,221.68,221.68,221.64,221.64,200.0
2025-11-04T10:45:00-05:00,220.98,221.04,220.92,221.04,600.0
2025-11-04T10:50:00-05:00,220.73,220.73,220.73,220.73,101.0
2025-11-04T11:00:00-05:00,220.74,220.74,220.74,220.74,100.0
2025-11-04T11:05:00-05:00,220.17,220.19,220.17,220.19,300.0
2025-11-04T11:10:00-05:00,220.125,220.2,220.125,220.2,200.0
2025-11-04T11:15:00-05:00,220.47,220.47,220.47,220.47,100.0
2025-11-04T11:20:00-05:00,219.89,219.89,219.89,219.89,100.0
2025-11-04T11:25:00-05:00,219.97,219.97,219.97,219.97,100.0
2025-11-04T11:30:00-05:00,220.215,220.32,220.195,220.27,528.0
2025-11-04T11:35:00-05:00,220.35,220.43,220.35,220.43,200.0
2025-11-04T11:40:00-05:00,220.55,220.55,220.55,220.55,100.0
2025-11-04T11:50:00-05:00,219.82,219.82,219.8,219.8,310.0
2025-11-04T11:55:00-05:00,220.29,220.29,220.29,220.29,201.0
2025-11-04T12:05:00-05:00,219.69,219.69,219.69,219.69,100.0
2025-11-04T12:20:00-05:00,218.0,218.155,218.0,218.155,206.0
2025-11-04T12:25:00-05:00,219.58,219.58,219.48,219.48,400.0
2025-11-04T12:30:00-05:00,218.81,218.81,218.81,218.81,100.0
2025-11-04T12:40:00-05:00,218.39,218.39,218.19,218.19,244.0
2025-11-04T12:45:00-05:00,218.66,218.89,218.65,218.89,785.0
2025-11-04T12:50:00-05:00,218.96,219.17,218.64,218.64,500.0
2025-11-04T12:55:00-05:00,218.085,218.085,218.085,218.085,100.0
2025-11-04T13:10:00-05:00,217.77,217.77,217.77,217.77,100.0
2025-11-04T13:15:00-05:00,218.04,218.04,217.32,217.32,1343.0
2025-11-04T13:20:00-05:00,217.33,218.0,217.22,218.0,1636.0
2025-11-04T13:25:00-05:00,217.52,217.52,217.52,217.52,110.0
2025-11-04T13:30:00-05:00,217.65,217.65,217.65,217.65,175.0
2025-11-04T13:35:00-05:00,217.25,217.25,217.25,217.25,138.0
2025-11-04T13:40:00-05:00,216.92,217.95,216.88,217.95,1197.0
2025-11-04T13:45:00-05:00,217.99,217.99,217.99,217.99,100.0
2025-11-04T13:50:00-05:00,218.25,218.49,218.25,218.49,220.0
2025-11-04T13:55:00-05:00,218.17,218.17,218.17,218.17,122.0
2025-11-04T14:00:00-05:00,218.64,218.71,218.59,218.67,520.0
2025-11-04T14:05:00-05:00,218.41,218.41,217.93,217.93,901.0
2025-11-04T14:10:00-05:00,218.07,218.39,218.07,218.25,620.0
2025-11-04T14:20:00-05:00,218.18,218.6,218.18,218.6,468.0
2025-11-04T14:25:00-05:00,218.68,218.68,218.59,218.61,480.0
2025-11-04T14:30:00-05:00,217.7,218.09,217.7,218.09,933.0
2025-11-04T14:35:00-05:00,218.12,218.12,217.19,217.21,1864.0
2025-11-04T14:40:00-05:00,217.4,217.4,216.78,217.04,1659.0
2025-11-04T14:45:00-05:00,216.98,216.98,216.98,216.98,120.0
2025-11-04T14:50:00-05:00,217.2,217.2,217.2,217.2,120.0
2025-11-04T14:55:00-05:00,217.29,217.43,217.1,217.1,574.0
2025-11-04T15:00:00-05:00,217.37,217.37,217.37,217.37,121.0
2025-11-04T15:05:00-05:00,217.58,217.58,217.58,217.58,100.0
2025-11-04T15:10:00-05:00,217.56,218.07,217.56,218.07,465.0
2025-11-04T15:15:00-05:00,218.05,218.08,218.03,218.03,329.0
2025-11-04T15:30:00-05:00,217.9,217.9,217.89,217.89,530.0
2025-11-04T15:40:00-05:00,218.14,218.5,218.14,218.49,1554.0
2025-11-04T15:45:00-05:00,218.59,218.6,218.08,218.13,1594.0
2025-11-04T15:50:00-05:00,217.26,217.61,217.26,217.36,1888.0
2025-11-04T15:55:00-05:00,217.05,217.22,216.96,217.22,723.0
2025-11-05T08:55:00-05:00,217.83,217.83,217.83,217.83,220.0
2025-11-05T09:30:00-05:00,217.075,217.16,216.94,216.94,403.0
2025-11-05T09:35:00-05:00,216.68,216.68,216.68,216.68,100.0
2025-11-05T09:50:00-05:00,218.42,219.24,218.42,219.24,300.0
2025-11-05T09:55:00-05:00,219.1,219.11,219.1,219.11,200.0
2025-11-05T10:00:00-05:00,219.235,219.235,218.9,218.9,1521.0
2025-11-05T10:05:00-05:00,218.89,220.02,218.89,220.02,600.0
2025-11-05T10:10:00-05:00,219.075,219.075,219.075,219.075,100.0
2025-11-05T10:20:00-05:00,218.61,218.61,218.46,218.58,805.0
2025-11-05T10:30:00-05:00,219.47,219.49,219.415,219.46,400.0
2025-11-05T10:40:00-05:00,219.91,220.1,219.72,220.03,792.0
2025-11-05T10:45:00-05:00,220.06,220.06,220.06,220.06,100.0
2025-11-05T10:50:00-05:00,219.495,219.495,219.495,219.495,100.0
2025-11-05T10:55:00-05:00,219.49,219.69,219.02,219.69,395.0
2025-11-05T11:00:00-05:00,219.86,219.86,219.83,219.83,200.0
2025-11-05T11:15:00-05:00,219.14,219.14,219.09,219.09,200.0
2025-11-05T11:30:00-05:00,220.52,220.52,220.47,220.51,750.0
2025-11-05T11:45:00-05:00,221.12,221.35,221.11,221.35,500.0
2025-11-05T12:10:00-05:00,221.12,221.12,221.12,221.12,100.0
2025-11-05T12:25:00-05:00,221.73,221.985,221.73,221.97,767.0
2025-11-05T12:30:00-05:00,222.13,222.18,222.07,222.07,875.0
2025-11-05T12:35:00-05:00,222.235,222.615,222.235,222.615,524.0
2025-11-05T12:40:00-05:00,222.46,222.46,222.44,222.44,200.0
2025-11-05T12:55:00-05:00,222.165,222.165,222.165,222.165,100.0
2025-11-05T13:20:00-05:00,222.27,222.3,222.23,222.23,800.0
2025-11-05T13:25:00-05:00,222.37,222.37,222.37,222.37,200.0
2025-11-05T13:30:00-05:00,222.22,222.37,222.22,222.37,200.0
2025-11-05T13:35:00-05:00,222.64,222.64,222.64,222.64,101.0
2025-11-05T14:00:00-05:00,222.46,222.46,222.27,222.27,300.0
2025-11-05T14:05:00-05:00,222.0,222.0,221.76,221.76,305.0
2025-11-05T14:10:00-05:00,221.98,222.14,221.98,222.14,500.0
2025-11-05T14:15:00-05:00,222.36,222.36,222.36,222.36,100.0
2025-11-05T14:25:00-05:00,222.39,222.39,222.245,222.245,350.0
2025-11-05T14:30:00-05:00,222.34,222.34,222.34,222.34,100.0
2025-11-05T14:35:00-05:00,222.27,222.27,222.27,222.27,100.0
2025-11-05T14:40:00-05:00,222.32,222.33,222.31,222.32,702.0
2025-11-05T14:45:00-05:00,222.12,222.12,222.12,222.12,300.0
2025-11-05T14:50:00-05:00,222.15,222.25,222.15,222.25,503.0
2025-11-05T14:55:00-05:00,222.3,222.32,222.23,222.23,533.0
2025-11-05T15:05:00-05:00,222.22,222.22,222.22,222.22,100.0
2025-11-05T15:10:00-05:00,222.2,222.27,222.2,222.27,500.0
2025-11-05T15:15:00-05:00,222.38,222.38,222.115,222.115,608.0
2025-11-05T15:20:00-05:00,222.15,222.15,221.97,221.97,889.0
2025-11-05T15:25:00-05:00,221.84,221.84,221.65,221.78,700.0
2025-11-05T15:30:00-05:00,221.75,221.75,221.47,221.53,454.0
2025-11-05T15:40:00-05:00,221.53,221.53,221.26,221.33,621.0
2025-11-05T15:45:00-05:00,221.33,221.37,220.9,220.9,1914.0
2025-11-05T15:50:00-05:00,220.89,221.02,220.63,220.63,7524.0
2025-11-05T15:55:00-05:00,220.54,220.57,219.52,219.54,13543.0
2025-11-06T09:30:00-05:00,218.465,219.03,218.45,219.03,825.0
2025-11-06T09:35:00-05:00,218.94,218.94,218.94,218.94,318.0
2025-11-06T09:40:00-05:00,218.58,218.58,217.86,217.86,270.0
2025-11-06T09:45:00-05:00,218.86,218.89,218.86,218.89,320.0
2025-11-06T09:50:00-05:00,217.825,217.825,217.17,217.17,2525.0
2025-11-06T09:55:00-05:00,216.74,216.74,216.3,216.3,570.0
2025-11-06T10:00:00-05:00,215.81,215.81,214.9,214.9,2274.0
2025-11-06T10:05:00-05:00,215.37,215.495,215.13,215.24,1342.0
2025-11-06T10:10:00-05:00,216.16,216.16,216.16,216.16,100.0
2025-11-06T10:15:00-05:00,215.21,216.63,215.21,216.25,1906.0
2025-11-06T10:20:00-05:00,216.84,217.21,216.84,217.19,987.0
2025-11-06T10:30:00-05:00,215.59,215.59,215.59,215.59,117.0
2025-11-06T10:35:00-05:00,214.59,214.59,214.59,214.59,220.0
2025-11-06T10:40:00-05:00,213.71,214.09,213.635,213.635,948.0
2025-11-06T10:45:00-05:00,213.54,213.61,213.54,213.54,580.0
2025-11-06T10:50:00-05:00,213.69,213.7,213.45,213.53,677.0
2025-11-06T10:55:00-05:00,213.37,213.37,212.94,213.09,300.0
2025-11-06T11:00:00-05:00,213.16,213.16,213.16,213.16,170.0
2025-11-06T11:05:00-05:00,213.89,213.89,213.29,213.84,1143.0
2025-11-06T11:15:00-05:00,213.24,213.24,212.84,212.84,764.0
2025-11-06T11:20:00-05:00,213.08,213.08,212.61,212.63,586.0
2025-11-06T11:25:00-05:00,212.6,213.59,212.6,213.59,450.0
2025-11-06T11:30:00-05:00,213.23,213.23,213.185,213.185,200.0
2025-11-06T11:35:00-05:00,212.3,212.64,211.96,212.59,1840.0
2025-11-06T11:40:00-05:00,212.09,212.09,211.655,211.98,412.0
2025-11-06T11:45:00-05:00,211.73,211.74,211.72,211.72,742.0
2025-11-06T11:55:00-05:00,211.87,211.87,211.56,211.56,430.0
2025-11-06T12:00:00-05:00,212.07,212.24,212.07,212.17,500.0
2025-11-06T12:05:00-05:00,211.9,211.9,211.71,211.74,825.0
2025-11-06T12:10:00-05:00,212.98,213.17,212.42,212.42,1028.0
2025-11-06T12:15:00-05:00,212.05,212.09,212.05,212.09,200.0
2025-11-06T12:20:00-05:00,211.99,211.99,211.5,211.5,210.0
2025-11-06T12:25:00-05:00,210.945,211.42,210.945,211.4,386.0
2025-11-06T12:30:00-05:00,211.92,212.47,211.92,212.35,725.0
2025-11-06T12:35:00-05:00,212.53,212.54,212.3,212.3,1143.0
2025-11-06T12:40:00-05:00,212.04,212.04,212.04,212.04,100.0
2025-11-06T12:45:00-05:00,213.22,213.4,213.07,213.3,2732.0
2025-11-06T12:50:00-05:00,213.39,213.49,213.39,213.49,1481.0
2025-11-06T12:55:00-05:00,213.51,213.54,213.28,213.28,461.0
2025-11-06T13:00:00-05:00,213.27,213.27,212.99,212.99,316.0
2025-11-06T13:05:00-05:00,211.99,211.99,211.54,211.54,622.0
2025-11-06T13:10:00-05:00,211.47,211.9,211.47,211.9,675.0
2025-11-06T13:25:00-05:00,212.87,213.21,212.87,213.21,1653.0
2025-11-06T13:30:00-05:00,213.44,213.53,213.42,213.53,598.0
2025-11-06T13:40:00-05:00,213.96,214.09,213.96,214.09,217.0
2025-11-06T13:45:00-05:00,213.6,213.83,213.6,213.77,440.0
2025-11-06T13:55:00-05:00,214.05,214.05,213.44,213.44,547.0
2025-11-06T14:00:00-05:00,213.505,214.32,213.505,214.32,290.0
2025-11-06T14:05:00-05:00,214.5,214.99,214.5,214.52,2052.0
2025-11-06T14:15:00-05:00,214.77,214.77,214.63,214.67,300.0
2025-11-06T14:25:00-05:00,215.16,215.55,215.11,215.55,642.0
2025-11-06T14:30:00-05:00,215.39,215.41,215.11,215.21,450.0
2025-11-06T14:40:00-05:00,215.01,215.01,214.29,214.29,1121.0
2025-11-06T14:50:00-05:00,214.21,214.49,214.21,214.49,395.0
2025-11-06T14:55:00-05:00,214.97,214.97,214.93,214.93,345.0
2025-11-06T15:00:00-05:00,215.05,215.05,214.64,214.825,2485.0
2025-11-06T15:05:00-05:00,215.04,215.065,214.91,214.93,751.0
2025-11-06T15:10:00-05:00,215.26,215.26,215.26,215.26,140.0
2025-11-06T15:15:00-05:00,214.76,215.06,214.76,215.06,300.0
2025-11-06T15:20:00-05:00,214.87,215.1,214.87,215.1,309.0
2025-11-06T15:25:00-05:00,214.82,214.82,214.82,214.82,160.0
2025-11-06T15:30:00-05:00,214.405,214.405,213.96,213.96,500.0
2025-11-06T15:35:00-05:00,214.53,214.53,214.53,214.53,266.0
2025-11-06T15:40:00-05:00,213.87,213.87,213.87,213.87,180.0
2025-11-06T15:45:00-05:00,212.71,212.73,212.57,212.73,530.0
2025-11-06T15:50:00-05:00,212.78,213.0,212.66,212.66,978.0
2025-11-06T15:55:00-05:00,212.57,212.63,212.11,212.11,1274.0
2025-11-06T16:05:00-05:00,213.08,213.08,213.08,213.08,100.0
2025-11-06T16:45:00-05:00,213.86,213.86,213.86,213.86,115.0
2025-11-07T09:30:00-05:00,209.99,209.99,208.59,208.83,1847.0
2025-11-07T09:35:00-05:00,206.97,207.41,206.94,206.94,391.0
2025-11-07T09:40:00-05:00,206.93,207.47,206.93,207.47,1164.0
2025-11-07T09:45:00-05:00,207.73,207.735,207.73,207.735,660.0
2025-11-07T09:50:00-05:00,207.08,207.89,207.08,207.89,379.0
2025-11-07T09:55:00-05:00,208.13,208.97,208.13,208.97,600.0
2025-11-07T10:00:00-05:00,208.575,208.575,208.575,208.575,145.0
2025-11-07T10:05:00-05:00,206.77,206.77,206.38,206.38,1078.0
2025-11-07T10:10:00-05:00,208.0,208.55,208.0,208.39,745.0
2025-11-07T10:15:00-05:00,208.615,208.78,208.615,208.78,352.0
2025-11-07T10:20:00-05:00,208.81,208.81,208.81,208.81,150.0
2025-11-07T10:30:00-05:00,208.22,208.22,208.22,208.22,100.0
2025-11-07T10:35:00-05:00,207.4,207.4,207.4,207.4,220.0
2025-11-07T10:40:00-05:00,206.96,207.19,206.75,206.75,480.0
2025-11-07T10:45:00-05:00,206.56,206.56,205.85,206.23,332.0
2025-11-07T10:50:00-05:00,206.16,206.16,206.16,206.16,104.0
2025-11-07T10:55:00-05:00,205.64,205.64,205.64,205.64,200.0
2025-11-07T11:00:00-05:00,205.99,205.99,205.86,205.97,440.0
2025-11-07T11:05:00-05:00,205.66,205.66,205.66,205.66,100.0
2025-11-07T11:10:00-05:00,205.36,205.36,205.36,205.36,290.0
2025-11-07T11:15:00-05:00,205.0,205.455,204.88,205.455,1629.0
2025-11-07T11:20:00-05:00,205.62,205.62,205.49,205.49,365.0
2025-11-07T11:25:00-05:00,205.1,205.1,205.1,205.1,119.0
2025-11-07T11:30:00-05:00,205.18,205.18,205.18,205.18,100.0
2025-11-07T11:35:00-05:00,205.37,205.44,204.87,204.87,450.0
2025-11-07T11:40:00-05:00,204.83,205.27,204.61,205.27,740.0
2025-11-07T11:50:00-05:00,205.25,205.38,205.25,205.38,296.0
2025-11-07T11:55:00-05:00,204.33,204.33,204.12,204.12,285.0
2025-11-07T12:05:00-05:00,203.76,203.76,203.73,203.75,429.0
2025-11-07T12:10:00-05:00,204.62,204.96,204.58,204.96,380.0
2025-11-07T12:20:00-05:00,205.68,206.23,205.68,206.23,1499.0
2025-11-07T12:25:00-05:00,205.88,205.88,205.88,205.88,160.0
2025-11-07T12:30:00-05:00,205.93,205.93,205.93,205.93,110.0
2025-11-07T12:35:00-05:00,205.81,205.81,205.54,205.54,200.0
2025-11-07T12:45:00-05:00,205.51,205.51,204.72,204.74,1289.0
2025-11-07T12:50:00-05:00,205.01,205.21,204.76,205.21,420.0
2025-11-07T12:55:00-05:00,206.05,206.05,206.05,206.05,138.0
2025-11-07T13:00:00-05:00,206.27,206.27,206.27,206.27,150.0
2025-11-07T13:05:00-05:00,206.07,206.08,206.07,206.08,200.0
2025-11-07T13:10:00-05:00,206.72,206.72,206.72,206.72,100.0
2025-11-07T13:15:00-05:00,206.57,206.57,206.57,206.57,160.0
2025-11-07T13:20:00-05:00,206.99,207.36,206.87,207.35,1122.0
2025-11-07T13:25:00-05:00,207.47,207.47,207.47,207.47,100.0
2025-11-07T13:30:00-05:00,207.66,207.66,207.66,207.66,355.0
2025-11-07T13:35:00-05:00,207.55,208.02,207.55,208.02,277.0
2025-11-07T13:40:00-05:00,208.24,208.24,208.04,208.08,300.0
2025-11-07T13:55:00-05:00,207.92,207.92,207.92,207.92,120.0
2025-11-07T14:00:00-05:00,207.67,208.33,207.67,208.33,529.0
2025-11-07T14:05:00-05:00,208.445,208.445,208.445,208.445,120.0
2025-11-07T14:10:00-05:00,208.37,208.46,208.37,208.46,300.0
2025-11-07T14:15:00-05:00,208.52,208.565,208.425,208.425,330.0
2025-11-07T14:20:00-05:00,208.625,208.625,208.625,208.625,200.0
2025-11-07T14:25:00-05:00,208.53,208.53,208.53,208.53,148.0
2025-11-07T14:35:00-05:00,209.64,210.48,209.64,210.4,1567.0
2025-11-07T14:40:00-05:00,210.6,211.535,210.6,211.125,1489.0
2025-11-07T14:45:00-05:00,211.27,211.345,210.63,210.65,2654.0
2025-11-07T14:50:00-05:00,211.19,211.215,211.19,211.215,340.0
2025-11-07T15:00:00-05:00,211.865,211.965,211.63,211.735,1154.0
2025-11-07T15:05:00-05:00,211.45,211.5,210.88,211.04,2335.0
2025-11-07T15:15:00-05:00,210.84,210.94,210.71,210.94,690.0
2025-11-07T15:20:00-05:00,210.68,210.68,210.68,210.68,200.0
2025-11-07T15:30:00-05:00,211.41,211.41,211.28,211.28,200.0
2025-11-07T15:35:00-05:00,211.33,211.55,211.31,211.36,1215.0
2025-11-07T15:40:00-05:00,211.72,212.01,211.17,212.01,1392.0
2025-11-07T15:45:00-05:00,211.78,211.78,211.2,211.2,350.0
2025-11-07T15:50:00-05:00,211.07,212.04,211.07,211.88,3034.0
2025-11-07T15:55:00-05:00,212.31,212.88,212.29,212.88,4295.0
2025-11-07T16:25:00-05:00,213.48,213.48,213.48,213.48,150.0
2025-11-10T08:55:00-05:00,219.23,219.23,219.23,219.23,240.0
2025-11-10T09:30:00-05:00,218.83,219.565,218.83,219.565,600.0
2025-11-10T09:35:00-05:00,219.92,220.15,219.77,220.15,813.0
2025-11-10T09:40:00-05:00,220.45,220.565,220.24,220.54,753.0
2025-11-10T09:45:00-05:00,220.66,220.66,220.28,220.28,329.0
2025-11-10T09:50:00-05:00,219.97,220.11,219.645,219.645,375.0
2025-11-10T09:55:00-05:00,220.195,220.38,220.195,220.32,348.0
2025-11-10T10:05:00-05:00,220.34,220.34,220.09,220.09,406.0
2025-11-10T10:10:00-05:00,220.32,220.52,220.32,220.43,500.0
2025-11-10T10:15:00-05:00,220.32,220.32,220.32,220.32,100.0
2025-11-10T10:20:00-05:00,220.35,220.39,220.35,220.39,352.0
2025-11-10T10:25:00-05:00,220.66,220.66,220.36,220.51,754.0
2025-11-10T10:30:00-05:00,220.23,220.32,220.08,220.08,414.0
2025-11-10T10:40:00-05:00,219.44,219.44,219.44,219.44,112.0
2025-11-10T10:45:00-05:00,219.33,219.33,219.33,219.33,100.0
2025-11-10T10:50:00-05:00,218.62,218.62,218.0,218.0,723.0
2025-11-10T11:05:00-05:00,217.71,217.89,217.71,217.89,411.0
2025-11-10T11:25:00-05:00,217.54,217.54,217.54,217.54,197.0
2025-11-10T12:00:00-05:00,218.35,219.07,218.35,219.07,1438.0
2025-11-10T12:05:00-05:00,218.94,219.35,218.9,219.35,787.0
2025-11-10T12:10:00-05:00,218.605,218.605,218.605,218.605,200.0
2025-11-10T12:15:00-05:00,218.48,218.7,218.48,218.7,1600.0
2025-11-10T12:20:00-05:00,218.7,218.75,218.7,218.75,240.0
2025-11-10T12:25:00-05:00,219.14,219.14,219.14,219.14,200.0
2025-11-10T12:30:00-05:00,219.42,219.51,219.41,219.51,417.0
2025-11-10T12:35:00-05:00,219.64,219.78,219.64,219.71,400.0
2025-11-10T12:40:00-05:00,219.99,219.99,219.94,219.95,300.0
2025-11-10T12:45:00-05:00,220.38,220.44,220.38,220.44,362.0
2025-11-10T12:50:00-05:00,220.43,220.92,220.43,220.92,1279.0
2025-11-10T12:55:00-05:00,221.04,221.04,220.92,220.93,533.0
2025-11-10T13:05:00-05:00,221.04,221.17,221.04,221.17,380.0
2025-11-10T13:10:00-05:00,221.19,221.25,221.08,221.25,571.0
2025-11-10T13:15:00-05:00,221.44,221.44,221.44,221.44,100.0
2025-11-10T13:20:00-05:00,221.33,221.33,221.21,221.21,307.0
2025-11-10T13:25:00-05:00,221.1,221.1,220.91,220.91,472.0
2025-11-10T13:30:00-05:00,221.01,221.44,221.01,221.43,780.0
2025-11-10T13:35:00-05:00,221.55,221.69,221.55,221.61,503.0
2025-11-10T13:40:00-05:00,221.75,221.77,221.75,221.77,200.0
2025-11-10T13:45:00-05:00,221.71,221.85,221.66,221.85,634.0
2025-11-10T13:50:00-05:00,221.81,221.81,221.81,221.81,121.0
2025-11-10T13:55:00-05:00,221.59,221.65,221.43,221.43,675.0
2025-11-10T14:05:00-05:00,221.71,221.84,221.71,221.78,740.0
2025-11-10T14:10:00-05:00,221.68,221.76,221.59,221.62,937.0
2025-11-10T14:15:00-05:00,221.52,221.77,221.52,221.77,345.0
2025-11-10T14:25:00-05:00,221.91,222.29,221.9,222.29,1205.0
2025-11-10T14:30:00-05:00,222.23,222.26,222.01,222.11,800.0
2025-11-10T14:35:00-05:00,222.05,222.16,222.01,222.16,643.0
2025-11-10T14:40:00-05:00,222.15,222.42,222.15,222.32,1044.0
2025-11-10T14:45:00-05:00,222.32,222.32,222.32,222.32,314.0
2025-11-10T14:50:00-05:00,222.36,222.94,222.36,222.94,512.0
2025-11-10T14:55:00-05:00,222.97,222.97,222.59,222.59,769.0
2025-11-10T15:00:00-05:00,222.83,223.0,222.83,223.0,1893.0
2025-11-10T15:05:00-05:00,222.91,223.12,222.91,223.11,492.0
2025-11-10T15:10:00-05:00,223.09,223.34,223.09,223.34,739.0
2025-11-10T15:15:00-05:00,223.25,223.31,222.8,222.96,1195.0
2025-11-10T15:20:00-05:00,222.66,222.72,222.52,222.72,1324.0
2025-11-10T15:25:00-05:00,222.94,222.98,222.72,222.72,1187.0
2025-11-10T15:30:00-05:00,222.52,222.68,222.445,222.65,1603.0
2025-11-10T15:35:00-05:00,222.54,223.22,222.54,223.22,1075.0
2025-11-10T15:40:00-05:00,223.1,223.15,222.99,223.06,1508.0
2025-11-10T15:45:00-05:00,222.97,223.43,222.97,223.33,1938.0
2025-11-10T15:50:00-05:00,223.2,223.49,222.89,223.32,3389.0
2025-11-10T15:55:00-05:00,223.22,223.22,222.58,222.58,2602.0
2025-11-10T16:00:00-05:00,222.56,222.56,222.56,222.56,622.0
2025-11-10T16:50:00-05:00,222.77,222.77,222.77,222.77,140.0
2025-11-11T09:00:00-05:00,221.27,221.27,221.27,221.27,173.0
2025-11-11T09:30:00-05:00,221.32,221.68,221.32,221.68,900.0
2025-11-11T09:35:00-05:00,221.8,221.8,221.8,221.8,100.0
2025-11-11T09:55:00-05:00,221.74,222.1,221.72,222.1,920.0
2025-11-11T10:00:00-05:00,221.73,221.73,221.73,221.73,160.0
2025-11-11T10:10:00-05:00,221.33,221.33,221.33,221.33,315.0
2025-11-11T10:15:00-05:00,220.675,220.675,220.675,220.675,100.0
2025-11-11T10:25:00-05:00,221.12,221.12,220.66,220.66,586.0
2025-11-11T10:30:00-05:00,220.83,220.83,220.83,220.83,100.0
2025-11-11T10:40:00-05:00,220.7,220.7,220.69,220.69,422.0
2025-11-11T10:50:00-05:00,220.33,220.33,220.33,220.33,100.0
2025-11-11T10:55:00-05:00,220.49,220.5,220.49,220.5,200.0
2025-11-11T11:00:00-05:00,220.58,220.6,220.58,220.6,253.0
2025-11-11T11:15:00-05:00,221.09,221.48,220.975,221.48,648.0
2025-11-11T11:20:00-05:00,221.6,221.6,221.59,221.59,400.0
2025-11-11T11:30:00-05:00,220.73,220.79,220.73,220.79,300.0
2025-11-11T11:40:00-05:00,220.95,221.25,220.95,221.25,500.0
2025-11-11T11:45:00-05:00,221.44,221.44,221.44,221.44,100.0
2025-11-11T12:00:00-05:00,221.45,221.45,221.45,221.45,100.0
2025-11-11T12:05:00-05:00,221.84,222.13,221.84,221.96,563.0
2025-11-11T12:10:00-05:00,221.92,221.92,221.79,221.8,873.0
2025-11-11T12:15:00-05:00,222.4,222.4,222.4,222.4,100.0
2025-11-11T12:20:00-05:00,222.58,222.58,222.58,222.58,115.0
2025-11-11T12:25:00-05:00,222.22,222.24,222.22,222.24,380.0
2025-11-11T12:30:00-05:00,222.55,222.55,222.39,222.39,200.0
2025-11-11T12:45:00-05:00,222.66,222.76,222.66,222.76,200.0
2025-11-11T12:50:00-05:00,222.91,223.18,222.84,223.18,671.0
2025-11-11T12:55:00-05:00,223.44,223.44,223.44,223.44,114.0
2025-11-11T13:00:00-05:00,223.79,223.79,223.79,223.79,100.0
2025-11-11T13:05:00-05:00,223.72,223.86,223.65,223.65,1600.0
2025-11-11T13:10:00-05:00,223.69,223.69,223.67,223.67,200.0
2025-11-11T13:15:00-05:00,223.96,224.16,223.96,224.16,501.0
2025-11-11T13:20:00-05:00,224.34,224.42,224.2,224.2,1136.0
2025-11-11T13:30:00-05:00,224.23,224.23,224.21,224.21,200.0
2025-11-11T13:35:00-05:00,223.81,223.81,223.81,223.81,100.0
2025-11-11T13:40:00-05:00,224.07,224.27,224.07,224.2,534.0
2025-11-11T13:45:00-05:00,224.25,224.36,224.24,224.36,322.0
2025-11-11T13:50:00-05:00,224.27,224.41,224.27,224.41,350.0
2025-11-11T14:00:00-05:00,224.32,224.32,224.32,224.32,101.0
2025-11-11T14:10:00-05:00,223.96,223.96,223.96,223.96,140.0
2025-11-11T14:25:00-05:00,224.32,224.53,224.32,224.5,370.0
2025-11-11T14:30:00-05:00,224.59,224.59,224.59,224.59,100.0
2025-11-11T14:50:00-05:00,224.51,224.52,224.51,224.52,200.0
2025-11-11T14:55:00-05:00,224.57,224.72,224.55,224.55,1280.0
2025-11-11T15:05:00-05:00,224.66,224.67,224.53,224.53,785.0
2025-11-11T15:10:00-05:00,224.63,224.77,224.63,224.7,636.0
2025-11-11T15:15:00-05:00,224.69,224.69,224.52,224.52,443.0
2025-11-11T15:20:00-05:00,224.4,224.4,224.19,224.38,1035.0
2025-11-11T15:25:00-05:00,224.36,224.42,224.14,224.18,1927.0
2025-11-11T15:30:00-05:00,223.96,224.32,223.83,224.14,1173.0
2025-11-11T15:35:00-05:00,224.09,224.17,223.97,224.1,2514.0
2025-11-11T15:40:00-05:00,223.965,224.34,223.965,224.34,2082.0
2025-11-11T15:45:00-05:00,224.37,224.43,224.11,224.2,3580.0
2025-11-11T15:50:00-05:00,224.315,224.8,224.3,224.77,3920.0
2025-11-11T15:55:00-05:00,224.26,224.26,223.65,223.69,3729.0
2025-11-12T09:30:00-05:00,225.825,225.825,225.6,225.655,300.0
2025-11-12T09:35:00-05:00,225.73,226.13,225.73,226.13,401.0
2025-11-12T09:40:00-05:00,225.715,225.78,225.715,225.78,200.0
2025-11-12T09:45:00-05:00,225.63,225.63,224.49,224.49,876.0
2025-11-12T09:50:00-05:00,224.79,225.01,224.79,225.01,200.0
2025-11-12T09:55:00-05:00,224.665,224.665,224.665,224.665,100.0
2025-11-12T10:00:00-05:00,225.05,225.05,225.05,225.05,101.0
2025-11-12T10:10:00-05:00,224.78,224.78,224.78,224.78,100.0
2025-11-12T10:15:00-05:00,224.31,224.385,224.31,224.385,201.0
2025-11-12T10:25:00-05:00,224.2,224.2,224.2,224.2,100.0
2025-11-12T10:30:00-05:00,224.085,224.085,223.855,223.855,200.0
2025-11-12T10:40:00-05:00,223.92,224.14,223.92,224.14,202.0
2025-11-12T10:50:00-05:00,223.9,223.9,223.9,223.9,100.0
2025-11-12T10:55:00-05:00,223.55,223.56,223.55,223.56,200.0
2025-11-12T11:05:00-05:00,223.31,223.31,223.31,223.31,100.0
2025-11-12T11:25:00-05:00,223.37,223.37,223.37,223.37,100.0
2025-11-12T11:30:00-05:00,223.55,223.55,223.55,223.55,100.0
2025-11-12T11:35:00-05:00,223.82,223.82,223.82,223.82,100.0
2025-11-12T11:45:00-05:00,222.35,222.35,222.35,222.35,110.0
2025-11-12T11:55:00-05:00,223.28,223.28,223.28,223.28,160.0
2025-11-12T12:10:00-05:00,223.05,223.58,223.05,223.52,1063.0
2025-11-12T12:15:00-05:00,223.76,223.76,223.26,223.26,451.0
2025-11-12T12:35:00-05:00,224.05,224.33,224.05,224.33,200.0
2025-11-12T12:40:00-05:00,224.71,224.71,224.69,224.69,200.0
2025-11-12T12:45:00-05:00,224.7,224.75,224.22,224.22,802.0
2025-11-12T12:55:00-05:00,224.88,224.89,224.86,224.88,400.0
2025-11-12T13:00:00-05:00,224.84,224.98,224.8,224.98,752.0
2025-11-12T13:05:00-05:00,224.74,224.78,224.42,224.42,810.0
2025-11-12T13:10:00-05:00,224.45,224.45,224.45,224.45,100.0
2025-11-12T13:15:00-05:00,225.01,225.01,224.99,224.99,460.0
2025-11-12T13:30:00-05:00,224.84,224.84,224.84,224.84,170.0
2025-11-12T13:40:00-05:00,225.28,225.29,225.11,225.11,673.0
2025-11-12T13:45:00-05:00,224.76,224.76,224.76,224.76,110.0
2025-11-12T13:50:00-05:00,224.85,224.85,224.85,224.85,150.0
2025-11-12T14:00:00-05:00,224.78,224.78,224.78,224.78,120.0
2025-11-12T14:05:00-05:00,224.66,224.76,224.66,224.76,220.0
2025-11-12T14:10:00-05:00,224.49,224.51,224.49,224.51,421.0
2025-11-12T14:15:00-05:00,224.01,224.07,224.01,224.06,329.0
2025-11-12T14:20:00-05:00,224.29,224.29,224.29,224.29,100.0
2025-11-12T14:25:00-05:00,224.34,224.34,224.34,224.34,120.0
2025-11-12T14:30:00-05:00,223.65,223.65,223.65,223.65,150.0
2025-11-12T14:40:00-05:00,224.07,224.34,224.07,224.14,364.0
2025-11-12T14:50:00-05:00,224.01,224.01,224.01,224.01,100.0
2025-11-12T15:00:00-05:00,223.65,223.65,223.65,223.65,100.0
2025-11-12T15:05:00-05:00,223.75,223.79,223.5,223.79,621.0
2025-11-12T15:15:00-05:00,223.78,223.78,223.78,223.78,100.0
2025-11-12T15:20:00-05:00,224.26,224.26,224.09,224.16,500.0
2025-11-12T15:25:00-05:00,224.25,224.61,224.25,224.61,762.0
2025-11-12T15:30:00-05:00,224.57,224.95,224.4,224.91,861.0
2025-11-12T15:35:00-05:00,224.92,225.04,224.45,224.52,550.0
2025-11-12T15:40:00-05:00,224.64,224.91,224.64,224.91,1480.0
2025-11-12T15:45:00-05:00,224.93,224.93,224.63,224.63,414.0
2025-11-12T15:50:00-05:00,224.845,225.28,224.72,224.72,1438.0
2025-11-12T15:55:00-05:00,224.71,224.73,223.95,224.06,2006.0
2025-11-13T09:30:00-05:00,221.8,221.8,221.215,221.215,869.0
2025-11-13T09:35:00-05:00,220.41,220.41,220.06,220.14,1872.0
2025-11-13T09:40:00-05:00,219.89,219.99,219.03,219.03,2859.0
2025-11-13T09:45:00-05:00,218.93,219.47,218.91,219.42,1140.0
2025-11-13T09:50:00-05:00,219.63,220.16,219.63,220.16,760.0
2025-11-13T09:55:00-05:00,219.82,220.32,219.82,220.13,1718.0
2025-11-13T10:00:00-05:00,220.12,220.12,220.12,220.12,106.0
2025-11-13T10:05:00-05:00,219.92,219.92,219.92,219.92,200.0
2025-11-13T10:15:00-05:00,221.87,222.02,221.35,221.445,1852.0
2025-11-13T10:20:00-05:00,221.12,221.12,221.12,221.12,130.0
2025-11-13T10:25:00-05:00,220.21,220.21,220.19,220.19,400.0
2025-11-13T10:30:00-05:00,219.57,219.6,219.06,219.06,1166.0
2025-11-13T10:35:00-05:00,219.23,219.23,218.71,218.71,304.0
2025-11-13T10:40:00-05:00,218.76,218.76,218.76,218.76,100.0
2025-11-13T10:45:00-05:00,218.32,218.32,217.45,217.46,956.0
2025-11-13T10:50:00-05:00,217.3,217.3,217.3,217.3,102.0
2025-11-13T10:55:00-05:00,216.87,217.74,216.87,217.74,870.0
2025-11-13T11:00:00-05:00,217.66,217.85,217.32,217.32,976.0
2025-11-13T11:05:00-05:00,216.92,216.92,216.76,216.77,3112.0
2025-11-13T11:10:00-05:00,217.06,217.06,217.06,217.06,100.0
2025-11-13T11:15:00-05:00,217.29,217.29,217.29,217.29,100.0
2025-11-13T11:20:00-05:00,217.03,217.03,216.7,216.7,475.0
2025-11-13T11:25:00-05:00,216.6,216.6,216.37,216.37,200.0
2025-11-13T11:30:00-05:00,216.8,217.12,216.8,217.12,291.0
2025-11-13T11:35:00-05:00,217.59,217.64,216.24,216.24,1568.0
2025-11-13T11:40:00-05:00,216.0,216.0,215.81,215.9,1311.0
2025-11-13T11:45:00-05:00,215.9,215.9,215.9,215.9,175.0
2025-11-13T11:50:00-05:00,216.19,216.19,216.19,216.19,100.0
2025-11-13T11:55:00-05:00,215.95,215.95,215.95,215.95,100.0
2025-11-13T12:00:00-05:00,216.63,216.63,216.63,216.63,100.0
2025-11-13T12:05:00-05:00,216.98,216.98,216.66,216.66,300.0
2025-11-13T12:10:00-05:00,216.05,216.05,216.05,216.05,100.0
2025-11-13T12:15:00-05:00,216.19,216.85,216.19,216.76,540.0
2025-11-13T12:20:00-05:00,216.44,216.87,216.44,216.87,200.0
2025-11-13T12:25:00-05:00,216.9,217.37,216.8,217.37,925.0
2025-11-13T12:30:00-05:00,217.68,217.68,217.53,217.53,500.0
2025-11-13T12:35:00-05:00,216.77,216.77,216.77,216.77,100.0
2025-11-13T12:40:00-05:00,216.81,216.81,216.7,216.7,200.0
2025-11-13T12:45:00-05:00,216.18,216.18,216.18,216.18,121.0
2025-11-13T12:50:00-05:00,215.88,216.26,215.88,216.26,251.0
2025-11-13T12:55:00-05:00,215.87,215.87,215.42,215.42,662.0
2025-11-13T13:00:00-05:00,215.65,215.65,215.525,215.525,200.0
2025-11-13T13:05:00-05:00,215.7,215.7,215.7,215.7,100.0
2025-11-13T13:10:00-05:00,215.76,215.76,215.74,215.74,300.0
2025-11-13T13:15:00-05:00,215.44,215.44,215.01,215.02,851.0
2025-11-13T13:20:00-05:00,214.79,215.01,214.695,214.97,1332.0
2025-11-13T13:25:00-05:00,214.26,214.28,214.05,214.26,1115.0
2025-11-13T13:30:00-05:00,213.93,213.96,213.79,213.79,800.0
2025-11-13T13:35:00-05:00,213.56,213.66,213.27,213.335,1580.0
2025-11-13T13:40:00-05:00,213.495,213.87,213.495,213.87,400.0
2025-11-13T13:45:00-05:00,214.01,214.105,213.54,213.54,1110.0
2025-11-13T14:20:00-05:00,213.77,214.01,213.77,214.01,630.0
2025-11-13T14:25:00-05:00,214.46,214.78,214.46,214.78,370.0
2025-11-13T14:30:00-05:00,214.35,214.4,214.35,214.4,465.0
2025-11-13T14:35:00-05:00,214.5,214.58,214.17,214.17,522.0
2025-11-13T14:40:00-05:00,213.34,213.36,213.34,213.36,571.0
2025-11-13T14:45:00-05:00,213.54,213.655,213.02,213.21,2124.0
2025-11-13T14:50:00-05:00,213.73,213.73,212.76,212.76,1050.0
2025-11-13T14:55:00-05:00,212.14,213.265,212.14,213.06,1730.0
2025-11-13T15:00:00-05:00,213.23,213.23,212.78,212.78,605.0
2025-11-13T15:05:00-05:00,212.66,212.66,212.66,212.66,100.0
2025-11-13T15:10:00-05:00,212.97,212.97,212.97,212.97,100.0
2025-11-13T15:15:00-05:00,213.1,213.1,212.61,212.62,300.0
2025-11-13T15:20:00-05:00,212.26,212.59,212.23,212.59,1090.0
2025-11-13T15:25:00-05:00,212.24,212.75,212.24,212.75,500.0
2025-11-13T15:30:00-05:00,213.08,213.19,212.83,213.0,1875.0
2025-11-13T15:35:00-05:00,213.53,214.035,213.4,214.01,2900.0
2025-11-13T15:40:00-05:00,214.09,214.21,213.48,213.85,2000.0
2025-11-13T15:45:00-05:00,213.84,213.84,213.06,213.06,828.0
2025-11-13T15:50:00-05:00,213.22,213.465,212.49,212.5,3664.0
2025-11-13T15:55:00-05:00,212.29,213.245,212.29,213.245,3915.0
2025-11-14T09:30:00-05:00,206.83,207.25,204.93,205.05,3335.0
2025-11-14T09:35:00-05:00,205.145,207.66,205.145,207.59,1505.0
2025-11-14T09:40:00-05:00,207.71,208.17,207.34,208.11,1875.0
2025-11-14T09:45:00-05:00,207.97,209.2,207.935,208.87,2013.0
2025-11-14T09:50:00-05:00,209.21,209.72,208.59,209.38,2132.0
2025-11-14T09:55:00-05:00,209.52,210.1,209.52,210.1,3024.0
2025-11-14T10:00:00-05:00,209.94,209.94,209.11,209.11,856.0
2025-11-14T10:05:00-05:00,208.97,210.2,208.97,209.85,488.0
2025-11-14T10:10:00-05:00,209.67,210.07,208.44,208.55,700.0
2025-11-14T10:15:00-05:00,210.09,210.26,210.09,210.22,2175.0
2025-11-14T10:20:00-05:00,210.19,210.19,210.19,210.19,200.0
2025-11-14T10:25:00-05:00,210.31,211.16,210.31,211.02,610.0
2025-11-14T10:30:00-05:00,211.22,211.22,210.94,211.01,942.0
2025-11-14T10:35:00-05:00,211.245,211.76,211.245,211.72,675.0
2025-11-14T10:40:00-05:00,211.88,212.32,211.86,212.32,1212.0
2025-11-14T10:45:00-05:00,212.375,213.775,212.37,213.64,987.0
2025-11-14T10:50:00-05:00,213.43,213.43,213.43,213.43,100.0
2025-11-14T10:55:00-05:00,212.97,213.315,212.97,213.275,375.0
2025-11-14T11:00:00-05:00,213.1,213.1,213.1,213.1,100.0
2025-11-14T11:20:00-05:00,214.22,214.9,214.22,214.9,599.0
2025-11-14T11:25:00-05:00,215.41,215.6,215.41,215.6,300.0
2025-11-14T11:30:00-05:00,215.11,215.11,214.9,214.9,200.0
2025-11-14T11:35:00-05:00,215.37,215.87,215.36,215.87,300.0
2025-11-14T11:40:00-05:00,215.77,215.77,215.18,215.18,275.0
2025-11-14T11:45:00-05:00,214.72,214.72,214.71,214.71,200.0
2025-11-14T11:55:00-05:00,215.58,215.58,215.58,215.58,275.0
2025-11-14T12:00:00-05:00,215.67,215.67,215.67,215.67,100.0
2025-11-14T12:05:00-05:00,215.81,215.95,215.81,215.95,217.0
2025-11-14T12:10:00-05:00,216.26,216.32,216.26,216.32,300.0
2025-11-14T12:15:00-05:00,216.16,216.16,216.16,216.16,100.0
2025-11-14T12:20:00-05:00,216.31,216.31,216.31,216.31,200.0
2025-11-14T12:25:00-05:00,215.52,215.9,215.52,215.9,546.0
2025-11-14T12:30:00-05:00,215.86,215.86,215.86,215.86,100.0
2025-11-14T12:35:00-05:00,215.86,215.86,215.86,215.86,107.0
2025-11-14T12:45:00-05:00,216.08,216.08,215.7,215.7,200.0
2025-11-14T12:50:00-05:00,214.58,214.58,214.58,214.58,100.0
2025-11-14T12:55:00-05:00,215.12,215.12,215.12,215.12,100.0
2025-11-14T13:00:00-05:00,214.75,214.75,213.79,213.79,200.0
2025-11-14T13:05:00-05:00,213.71,213.71,213.71,213.71,100.0
2025-11-14T13:15:00-05:00,215.03,215.03,214.4,214.4,400.0
2025-11-14T13:20:00-05:00,213.29,213.29,213.29,213.29,199.0
2025-11-14T13:25:00-05:00,213.73,213.815,213.54,213.78,500.0
2025-11-14T13:30:00-05:00,214.46,214.46,214.46,214.46,100.0
2025-11-14T13:35:00-05:00,213.91,213.91,213.91,213.91,100.0
2025-11-14T13:40:00-05:00,213.26,213.26,212.85,212.92,641.0
2025-11-14T13:45:00-05:00,212.83,212.83,212.83,212.83,100.0
2025-11-14T13:50:00-05:00,213.99,213.99,213.98,213.98,300.0
2025-11-14T13:55:00-05:00,214.78,214.78,214.37,214.37,675.0
2025-11-14T14:00:00-05:00,214.215,214.215,214.215,214.215,100.0
2025-11-14T14:05:00-05:00,213.71,213.71,213.71,213.71,100.0
2025-11-14T14:10:00-05:00,213.89,214.12,213.75,214.12,500.0
2025-11-14T14:15:00-05:00,214.1,214.1,214.1,214.1,100.0
2025-11-14T14:20:00-05:00,215.3,215.3,215.3,215.3,100.0
2025-11-14T14:30:00-05:00,214.83,214.83,214.71,214.71,223.0
2025-11-14T14:40:00-05:00,215.02,215.11,215.02,215.11,400.0
2025-11-14T14:55:00-05:00,215.31,215.31,215.31,215.31,100.0
2025-11-14T15:05:00-05:00,215.31,215.31,214.93,215.07,520.0
2025-11-14T15:10:00-05:00,215.29,215.29,214.72,214.83,501.0
2025-11-14T15:15:00-05:00,214.6,214.6,214.6,214.6,100.0
2025-11-14T15:20:00-05:00,214.09,214.09,213.65,213.79,300.0
2025-11-14T15:25:00-05:00,213.75,213.75,213.75,213.75,225.0
2025-11-14T15:35:00-05:00,214.015,214.015,213.62,213.76,770.0
2025-11-14T15:40:00-05:00,213.27,213.27,213.23,213.26,310.0
2025-11-14T15:45:00-05:00,213.23,213.385,212.45,212.47,800.0
2025-11-14T15:50:00-05:00,212.51,213.27,212.51,212.73,1606.0
2025-11-14T15:55:00-05:00,212.8,213.0,212.48,212.48,1226.0
2025-11-14T16:30:00-05:00,213.86,213.86,213.86,213.86,115.0
2025-11-17T09:05:00-05:00,211.58,211.58,211.58,211.58,240.0
2025-11-17T09:20:00-05:00,211.47,211.47,211.47,211.47,100.0
2025-11-17T09:30:00-05:00,210.88,211.54,210.69,211.495,1000.0
2025-11-17T09:40:00-05:00,213.11,213.11,213.11,213.11,275.0
2025-11-17T09:45:00-05:00,213.46,214.07,213.46,214.03,400.0
2025-11-17T09:50:00-05:00,214.24,214.49,214.24,214.49,530.0
2025-11-17T10:00:00-05:00,214.19,214.19,214.19,214.19,100.0
2025-11-17T10:05:00-05:00,212.31,212.31,212.005,212.03,1200.0
2025-11-17T10:10:00-05:00,212.945,212.945,212.945,212.945,100.0
2025-11-17T10:15:00-05:00,212.78,212.78,212.78,212.78,200.0
2025-11-17T10:35:00-05:00,212.11,212.51,211.95,211.95,700.0
2025-11-17T10:40:00-05:00,211.5,211.73,211.5,211.73,200.0
2025-11-17T10:50:00-05:00,212.54,212.54,212.54,212.54,100.0
2025-11-17T10:55:00-05:00,212.37,212.37,211.815,211.815,200.0
2025-11-17T11:00:00-05:00,211.21,211.22,211.15,211.15,358.0
2025-11-17T11:05:00-05:00,210.31,210.31,210.31,210.31,100.0
2025-11-17T11:10:00-05:00,210.32,210.32,209.99,209.99,420.0
2025-11-17T11:15:00-05:00,209.4,209.62,209.22,209.38,2178.0
2025-11-17T11:20:00-05:00,209.3,209.955,209.3,209.725,1220.0
2025-11-17T11:25:00-05:00,209.81,211.62,209.81,211.62,1012.0
2025-11-17T11:30:00-05:00,211.63,212.31,211.63,212.055,2790.0
2025-11-17T11:35:00-05:00,211.81,212.4,211.81,212.3,2794.0
2025-11-17T11:40:00-05:00,213.02,213.02,212.88,212.88,220.0
2025-11-17T11:45:00-05:00,212.86,213.14,212.86,213.14,200.0
2025-11-17T11:50:00-05:00,213.45,213.64,213.4,213.64,410.0
2025-11-17T11:55:00-05:00,213.78,214.0,213.78,214.0,208.0
2025-11-17T12:00:00-05:00,213.86,213.86,213.86,213.86,110.0
2025-11-17T12:20:00-05:00,213.27,213.41,213.16,213.36,448.0
2025-11-17T12:30:00-05:00,213.26,213.26,213.26,213.26,100.0
2025-11-17T12:35:00-05:00,213.53,213.53,213.53,213.53,100.0
2025-11-17T12:40:00-05:00,212.38,212.38,212.38,212.38,100.0
2025-11-17T12:45:00-05:00,212.04,212.09,211.96,211.96,300.0
2025-11-17T12:50:00-05:00,211.56,211.56,211.56,211.56,135.0
2025-11-17T13:00:00-05:00,210.02,210.02,209.67,209.67,200.0
2025-11-17T13:10:00-05:00,209.98,210.445,209.84,210.43,835.0
2025-11-17T13:20:00-05:00,210.035,210.035,210.035,210.035,100.0
2025-11-17T13:30:00-05:00,209.685,209.685,209.685,209.685,110.0
2025-11-17T13:40:00-05:00,209.7,209.7,209.685,209.685,300.0
2025-11-17T13:45:00-05:00,210.73,211.08,210.39,210.39,1703.0
2025-11-17T13:50:00-05:00,210.49,210.49,209.74,209.74,400.0
2025-11-17T13:55:00-05:00,208.9,208.9,208.0,208.14,1539.0
2025-11-17T14:00:00-05:00,208.04,208.1,207.33,207.4,2032.0
2025-11-17T14:05:00-05:00,207.36,207.9,207.29,207.82,853.0
2025-11-17T14:15:00-05:00,207.18,207.46,207.12,207.12,300.0
2025-11-17T14:20:00-05:00,207.02,207.02,207.02,207.02,100.0
2025-11-17T14:25:00-05:00,206.58,207.13,206.58,207.12,1232.0
2025-11-17T14:30:00-05:00,206.92,206.92,206.24,206.24,815.0
2025-11-17T14:35:00-05:00,206.5,206.5,205.68,205.68,1526.0
2025-11-17T14:40:00-05:00,205.43,205.97,205.27,205.97,1998.0
2025-11-17T14:45:00-05:00,205.97,206.04,205.19,205.52,1420.0
2025-11-17T14:50:00-05:00,205.67,205.8,205.32,205.32,733.0
2025-11-17T14:55:00-05:00,205.03,205.16,204.77,205.06,1952.0
2025-11-17T15:00:00-05:00,204.405,204.42,203.93,204.295,3124.0
2025-11-17T15:05:00-05:00,204.9,204.9,204.32,204.32,1050.0
2025-11-17T15:10:00-05:00,204.78,205.03,204.35,204.35,1637.0
2025-11-17T15:15:00-05:00,204.93,205.04,204.77,205.04,972.0
2025-11-17T15:20:00-05:00,204.91,205.35,204.91,204.97,500.0
2025-11-17T15:25:00-05:00,205.18,205.47,205.02,205.02,1667.0
2025-11-17T15:30:00-05:00,205.57,205.575,204.7,204.85,1830.0
2025-11-17T15:35:00-05:00,205.29,205.63,204.93,204.93,2472.0
2025-11-17T15:40:00-05:00,204.88,205.47,204.88,205.47,1424.0
2025-11-17T15:45:00-05:00,205.53,206.32,205.53,206.19,4066.0
2025-11-17T15:50:00-05:00,206.62,206.96,205.88,206.005,3224.0
2025-11-17T15:55:00-05:00,206.44,206.97,206.44,206.53,5193.0
2025-11-18T08:50:00-05:00,204.12,204.12,204.12,204.12,330.0
2025-11-18T09:30:00-05:00,203.51,205.27,203.31,205.27,2027.0
2025-11-18T09:35:00-05:00,204.67,204.88,204.31,204.88,444.0
2025-11-18T09:40:00-05:00,204.52,204.52,203.395,203.45,630.0
2025-11-18T09:45:00-05:00,203.91,203.91,202.61,202.61,1236.0
2025-11-18T09:50:00-05:00,202.52,202.53,201.465,201.55,3159.0
2025-11-18T09:55:00-05:00,201.49,201.49,200.56,201.35,2827.0
2025-11-18T10:00:00-05:00,200.3,201.09,198.99,198.99,3402.0
2025-11-18T10:05:00-05:00,199.34,200.71,199.34,200.63,3781.0
2025-11-18T10:10:00-05:00,200.94,200.94,199.52,200.24,400.0
2025-11-18T10:15:00-05:00,200.68,200.68,199.38,199.46,800.0
2025-11-18T10:20:00-05:00,201.44,201.97,201.235,201.97,1745.0
2025-11-18T10:25:00-05:00,201.88,201.88,201.02,201.02,882.0
2025-11-18T10:30:00-05:00,201.185,201.59,200.88,200.98,861.0
2025-11-18T10:35:00-05:00,200.41,200.41,199.635,200.04,1963.0
2025-11-18T10:40:00-05:00,199.72,200.58,199.71,200.305,1725.0
2025-11-18T10:45:00-05:00,199.66,200.13,199.66,199.665,700.0
2025-11-18T10:50:00-05:00,200.015,200.015,200.015,200.015,101.0
2025-11-18T10:55:00-05:00,200.51,200.51,199.24,199.24,946.0
2025-11-18T11:00:00-05:00,199.345,199.345,197.95,197.95,2525.0
2025-11-18T11:05:00-05:00,198.37,200.08,198.33,200.08,2097.0
2025-11-18T11:10:00-05:00,200.15,201.19,200.15,200.78,1913.0
2025-11-18T11:15:00-05:00,200.0,200.99,200.0,200.99,1353.0
2025-11-18T11:20:00-05:00,201.39,201.92,201.39,201.92,2073.0
2025-11-18T11:25:00-05:00,202.6,203.36,202.57,203.13,2911.0
2025-11-18T11:30:00-05:00,203.07,203.6,203.07,203.6,2853.0
2025-11-18T11:35:00-05:00,202.97,203.82,202.86,202.86,1637.0
2025-11-18T11:40:00-05:00,202.87,203.295,202.87,203.19,900.0
2025-11-18T11:45:00-05:00,203.66,203.66,202.57,203.35,1889.0
2025-11-18T11:50:00-05:00,202.6,202.6,202.6,202.6,100.0
2025-11-18T11:55:00-05:00,203.35,203.4,202.88,203.14,840.0
2025-11-18T12:00:00-05:00,202.85,203.045,202.84,203.04,422.0
2025-11-18T12:05:00-05:00,202.51,202.7,202.03,202.24,1813.0
2025-11-18T12:10:00-05:00,202.2,202.35,202.01,202.01,821.0
2025-11-18T12:15:00-05:00,201.69,201.85,201.49,201.81,800.0
2025-11-18T12:20:00-05:00,202.325,202.325,201.51,201.51,630.0
2025-11-18T12:25:00-05:00,201.47,201.47,200.49,200.53,625.0
2025-11-18T12:30:00-05:00,200.35,200.35,199.92,200.03,1142.0
2025-11-18T12:35:00-05:00,200.7,202.53,200.7,202.53,1845.0
2025-11-18T12:40:00-05:00,202.89,204.32,202.89,203.98,2509.0
2025-11-18T12:45:00-05:00,203.94,204.7,203.7,204.47,1990.0
2025-11-18T12:50:00-05:00,204.15,205.08,204.06,204.98,2133.0
2025-11-18T12:55:00-05:00,205.01,205.73,204.68,205.54,2614.0
2025-11-18T13:00:00-05:00,205.46,205.46,204.87,205.16,1304.0
2025-11-18T13:05:00-05:00,205.105,205.8,205.105,205.36,2178.0
2025-11-18T13:10:00-05:00,205.5,205.75,205.5,205.65,718.0
2025-11-18T13:15:00-05:00,205.03,205.38,204.9,205.27,2106.0
2025-11-18T13:20:00-05:00,204.83,205.33,204.74,205.33,670.0
2025-11-18T13:25:00-05:00,205.19,205.19,205.19,205.19,100.0
2025-11-18T13:30:00-05:00,204.95,205.85,204.95,205.85,510.0
2025-11-18T13:35:00-05:00,205.76,205.76,204.81,204.81,300.0
2025-11-18T13:40:00-05:00,206.27,206.37,205.17,205.37,1577.0
2025-11-18T13:45:00-05:00,205.39,205.86,205.14,205.85,2420.0
2025-11-18T13:50:00-05:00,205.62,206.22,205.62,205.86,992.0
2025-11-18T13:55:00-05:00,205.505,205.53,204.36,204.36,4241.0
2025-11-18T14:00:00-05:00,204.635,205.48,204.505,205.05,1731.0
2025-11-18T14:05:00-05:00,204.81,205.08,204.53,205.08,301.0
2025-11-18T14:10:00-05:00,205.18,205.57,204.83,205.57,3082.0
2025-11-18T14:15:00-05:00,205.42,205.435,204.7,205.41,1540.0
2025-11-18T14:20:00-05:00,205.16,205.16,204.395,204.54,1129.0
2025-11-18T14:25:00-05:00,204.7,205.0,204.21,204.21,2274.0
2025-11-18T14:30:00-05:00,204.64,204.64,204.08,204.14,2087.0
2025-11-18T14:35:00-05:00,204.35,206.07,204.35,206.06,2159.0
2025-11-18T14:40:00-05:00,206.01,206.26,205.4,205.51,2954.0
2025-11-18T14:45:00-05:00,205.345,206.16,205.24,205.4,1949.0
2025-11-18T14:50:00-05:00,205.44,205.58,204.92,204.99,2736.0
2025-11-18T14:55:00-05:00,204.7,205.77,204.52,205.77,1538.0
2025-11-18T15:00:00-05:00,206.02,206.2,205.26,205.28,2864.0
2025-11-18T15:05:00-05:00,204.9,204.9,204.67,204.78,1231.0
2025-11-18T15:10:00-05:00,204.91,204.94,204.415,204.715,2001.0
2025-11-18T15:15:00-05:00,204.7,204.91,204.26,204.26,2024.0
2025-11-18T15:20:00-05:00,204.37,204.96,204.12,204.17,1389.0
2025-11-18T15:25:00-05:00,203.94,203.94,203.16,203.61,1690.0
2025-11-18T15:30:00-05:00,203.96,204.18,203.45,203.59,2337.0
2025-11-18T15:35:00-05:00,203.64,204.16,203.42,203.92,2727.0
2025-11-18T15:40:00-05:00,203.86,203.86,203.29,203.29,2260.0
2025-11-18T15:45:00-05:00,203.27,203.33,202.615,202.62,3901.0
2025-11-18T15:50:00-05:00,202.97,203.85,202.97,202.99,7045.0
2025-11-18T15:55:00-05:00,202.88,203.23,201.92,201.92,15221.0
2025-11-18T16:05:00-05:00,201.76,201.86,201.76,201.86,290.0
2025-11-18T16:30:00-05:00,201.21,201.21,201.21,201.21,100.0
2025-11-19T09:30:00-05:00,202.38,202.38,201.96,201.96,851.0
2025-11-19T09:35:00-05:00,203.47,203.69,203.3,203.64,648.0
2025-11-19T09:40:00-05:00,203.675,204.22,203.675,204.1,500.0
2025-11-19T09:45:00-05:00,204.32,204.92,204.24,204.92,3488.0
2025-11-19T09:55:00-05:00,206.185,206.99,206.185,206.99,300.0
2025-11-19T10:00:00-05:00,206.92,207.31,206.92,207.28,601.0
2025-11-19T10:05:00-05:00,207.49,207.57,207.21,207.57,630.0
2025-11-19T10:10:00-05:00,207.0,207.74,207.0,207.74,410.0
2025-11-19T10:15:00-05:00,208.3,208.3,207.99,207.99,333.0
2025-11-19T10:20:00-05:00,207.66,207.66,207.48,207.64,551.0
2025-11-19T10:25:00-05:00,207.19,207.44,207.19,207.44,968.0
2025-11-19T10:30:00-05:00,207.33,207.33,207.1,207.26,384.0
2025-11-19T10:35:00-05:00,206.8,206.8,206.78,206.78,200.0
2025-11-19T10:40:00-05:00,206.67,206.77,206.46,206.46,400.0
2025-11-19T10:45:00-05:00,206.62,206.62,206.07,206.11,556.0
2025-11-19T10:50:00-05:00,205.93,205.93,205.19,205.19,725.0
2025-11-19T10:55:00-05:00,204.22,204.41,204.22,204.37,870.0
2025-11-19T11:00:00-05:00,204.67,204.67,204.54,204.54,928.0
2025-11-19T11:05:00-05:00,204.33,204.33,203.62,203.93,1030.0
2025-11-19T11:15:00-05:00,203.93,203.96,203.62,203.62,769.0
2025-11-19T11:25:00-05:00,203.06,203.87,203.06,203.55,1370.0
2025-11-19T11:30:00-05:00,203.4,203.495,203.285,203.285,750.0
2025-11-19T11:35:00-05:00,203.02,203.02,202.67,202.91,952.0
2025-11-19T11:40:00-05:00,202.67,202.67,202.645,202.645,200.0
2025-11-19T11:45:00-05:00,202.96,203.51,202.96,203.34,1196.0
2025-11-19T11:50:00-05:00,203.0,203.51,202.97,203.22,1248.0
2025-11-19T11:55:00-05:00,202.95,204.01,202.95,204.01,1082.0
2025-11-19T12:00:00-05:00,204.26,204.26,202.9,202.93,500.0
2025-11-19T12:05:00-05:00,202.71,202.96,202.68,202.68,624.0
2025-11-19T12:15:00-05:00,202.69,202.865,202.69,202.79,300.0
2025-11-19T12:20:00-05:00,202.54,202.58,202.43,202.58,525.0
2025-11-19T12:25:00-05:00,202.46,202.46,202.02,202.07,1900.0
2025-11-19T12:30:00-05:00,202.73,202.81,201.74,201.74,885.0
2025-11-19T12:35:00-05:00,201.64,201.71,200.87,200.87,2153.0
2025-11-19T12:40:00-05:00,200.69,203.06,200.69,202.79,1762.0
2025-11-19T12:45:00-05:00,201.98,202.72,201.98,202.26,683.0
2025-11-19T13:00:00-05:00,203.42,203.54,203.42,203.54,362.0
2025-11-19T13:05:00-05:00,202.845,203.385,202.845,203.385,206.0
2025-11-19T13:10:00-05:00,203.56,204.0,203.56,203.99,2792.0
2025-11-19T13:15:00-05:00,203.2,203.22,202.81,203.05,1683.0
2025-11-19T13:20:00-05:00,203.4,204.03,203.36,203.46,1806.0
2025-11-19T13:25:00-05:00,203.76,203.89,202.64,202.64,1409.0
2025-11-19T13:30:00-05:00,202.98,203.05,202.92,202.98,834.0
2025-11-19T13:35:00-05:00,203.27,204.47,203.27,203.71,2295.0
2025-11-19T13:40:00-05:00,203.88,203.9,202.98,203.24,1115.0
2025-11-19T13:45:00-05:00,203.17,203.17,202.55,202.55,886.0
2025-11-19T13:50:00-05:00,202.77,203.75,202.77,203.71,871.0
2025-11-19T13:55:00-05:00,204.02,204.32,203.94,204.26,710.0
2025-11-19T14:00:00-05:00,204.08,204.08,203.38,203.79,1569.0
2025-11-19T14:05:00-05:00,203.45,203.49,203.45,203.49,200.0
2025-11-19T14:10:00-05:00,203.16,203.16,203.04,203.04,200.0
2025-11-19T14:20:00-05:00,202.72,202.88,202.5,202.5,744.0
2025-11-19T14:25:00-05:00,201.31,201.38,201.31,201.38,300.0
2025-11-19T14:30:00-05:00,201.53,201.88,201.25,201.57,1810.0
2025-11-19T14:35:00-05:00,201.73,201.73,201.18,201.18,345.0
2025-11-19T14:40:00-05:00,201.45,201.45,201.45,201.45,150.0
2025-11-19T14:45:00-05:00,201.57,201.57,201.21,201.5,970.0
2025-11-19T14:50:00-05:00,202.02,202.37,202.02,202.34,1389.0
2025-11-19T14:55:00-05:00,203.3,203.3,202.71,202.71,761.0
2025-11-19T15:00:00-05:00,203.18,203.22,202.815,203.22,532.0
2025-11-19T15:05:00-05:00,203.15,203.36,203.15,203.26,2554.0
2025-11-19T15:10:00-05:00,203.3,203.81,203.3,203.77,1943.0
2025-11-19T15:15:00-05:00,204.09,205.51,204.09,205.5,2028.0
2025-11-19T15:20:00-05:00,205.45,205.66,204.86,204.86,1943.0
2025-11-19T15:25:00-05:00,204.76,204.93,204.63,204.91,600.0
2025-11-19T15:30:00-05:00,204.92,204.93,204.49,204.49,1020.0
2025-11-19T15:35:00-05:00,205.05,205.89,205.05,205.68,927.0
2025-11-19T15:40:00-05:00,204.87,204.9,204.56,204.65,1786.0
2025-11-19T15:45:00-05:00,204.15,204.38,203.65,203.67,2251.0
2025-11-19T15:50:00-05:00,203.83,204.69,203.83,204.455,2168.0
2025-11-19T15:55:00-05:00,204.86,204.86,204.02,204.04,4166.0
2025-11-19T16:20:00-05:00,206.97,206.97,206.97,206.97,106.0
2025-11-19T16:25:00-05:00,205.68,205.68,205.68,205.68,100.0
2025-11-19T16:55:00-05:00,207.27,207.27,207.27,207.27,100.0
2025-11-20T08:55:00-05:00,213.75,213.75,213.75,213.75,150.0
2025-11-20T09:30:00-05:00,213.61,214.29,213.545,213.93,1880.0
2025-11-20T09:35:00-05:00,214.095,214.23,214.095,214.16,750.0
2025-11-20T09:40:00-05:00,214.485,214.65,213.69,214.41,1208.0
2025-11-20T09:45:00-05:00,214.01,214.98,213.9,214.665,1830.0
2025-11-20T09:50:00-05:00,214.905,215.08,214.72,214.78,900.0
2025-11-20T09:55:00-05:00,215.27,215.51,215.245,215.51,600.0
2025-11-20T10:00:00-05:00,215.61,215.61,215.495,215.495,300.0
2025-11-20T10:05:00-05:00,215.09,215.09,213.95,213.95,2020.0
2025-11-20T10:10:00-05:00,214.39,214.39,213.75,213.75,205.0
2025-11-20T10:15:00-05:00,213.69,213.69,213.69,213.69,100.0
2025-11-20T10:20:00-05:00,214.54,214.54,214.54,214.54,100.0
2025-11-20T10:30:00-05:00,215.595,215.595,215.595,215.595,100.0
2025-11-20T10:35:00-05:00,215.84,215.97,215.55,215.81,552.0
2025-11-20T10:40:00-05:00,215.78,215.78,215.78,215.78,100.0
2025-11-20T10:45:00-05:00,215.31,215.33,214.63,214.78,821.0
2025-11-20T10:55:00-05:00,214.02,214.02,213.85,213.87,723.0
2025-11-20T11:00:00-05:00,212.78,212.92,212.46,212.46,600.0
2025-11-20T11:05:00-05:00,212.47,212.47,211.96,211.98,444.0
2025-11-20T11:10:00-05:00,211.78,211.79,211.27,211.27,600.0
2025-11-20T11:15:00-05:00,210.03,210.33,209.91,210.33,1434.0
2025-11-20T11:20:00-05:00,209.62,209.8,208.93,209.22,2000.0
2025-11-20T11:25:00-05:00,209.09,210.13,209.07,209.07,1806.0
2025-11-20T11:30:00-05:00,208.63,208.63,208.04,208.2,1048.0
2025-11-20T11:35:00-05:00,207.73,207.73,206.25,207.13,2512.0
2025-11-20T11:40:00-05:00,206.89,206.89,205.63,205.65,2863.0
2025-11-20T11:45:00-05:00,205.36,206.41,205.36,206.41,625.0
2025-11-20T11:50:00-05:00,206.65,206.86,204.18,204.18,2175.0
2025-11-20T11:55:00-05:00,204.22,204.22,201.51,201.73,3996.0
2025-11-20T12:00:00-05:00,201.33,203.36,201.33,202.73,2233.0
2025-11-20T12:05:00-05:00,202.84,202.84,201.0,201.915,2284.0
2025-11-20T12:10:00-05:00,201.49,201.89,200.0,201.49,4329.0
2025-11-20T12:15:00-05:00,201.03,201.03,199.18,199.96,2858.0
2025-11-20T12:20:00-05:00,199.59,200.82,199.24,199.95,3085.0
2025-11-20T12:25:00-05:00,199.9,200.86,199.24,200.02,1539.0
2025-11-20T12:30:00-05:00,200.85,200.85,199.36,199.36,1301.0
2025-11-20T12:35:00-05:00,198.41,199.83,198.01,199.71,2278.0
2025-11-20T12:40:00-05:00,199.95,200.23,198.49,198.64,2034.0
2025-11-20T12:45:00-05:00,198.06,198.35,197.57,198.01,2512.0
2025-11-20T12:50:00-05:00,198.44,199.34,197.87,197.87,1970.0
2025-11-20T12:55:00-05:00,198.33,199.11,198.33,199.07,2090.0
2025-11-20T13:00:00-05:00,199.0,200.35,198.7,200.225,5451.0
2025-11-20T13:05:00-05:00,200.2,201.285,200.2,201.28,4077.0
2025-11-20T13:10:00-05:00,201.39,203.145,201.29,203.145,2890.0
2025-11-20T13:15:00-05:00,203.18,203.24,201.1,201.84,3978.0
2025-11-20T13:20:00-05:00,201.97,202.255,201.06,201.2,2623.0
2025-11-20T13:25:00-05:00,200.92,201.43,200.92,201.43,601.0
2025-11-20T13:30:00-05:00,201.12,201.35,200.88,200.88,500.0
2025-11-20T13:35:00-05:00,199.91,199.94,198.95,198.95,1353.0
2025-11-20T13:40:00-05:00,198.76,198.82,198.39,198.39,410.0
2025-11-20T13:45:00-05:00,197.95,198.07,197.51,197.59,3312.0
2025-11-20T13:50:00-05:00,197.42,197.42,196.26,196.52,2827.0
2025-11-20T13:55:00-05:00,196.46,197.76,196.3,197.43,2836.0
2025-11-20T14:00:00-05:00,197.17,197.33,196.83,196.83,600.0
2025-11-20T14:05:00-05:00,196.68,196.68,196.12,196.59,1950.0
2025-11-20T14:10:00-05:00,197.26,197.58,196.9,197.02,1001.0
2025-11-20T14:15:00-05:00,197.35,198.37,197.18,197.7,3318.0
2025-11-20T14:20:00-05:00,198.025,198.44,198.025,198.215,1914.0
2025-11-20T14:25:00-05:00,198.09,199.32,198.06,199.3,2100.0
2025-11-20T14:30:00-05:00,198.77,198.77,197.815,197.815,475.0
2025-11-20T14:35:00-05:00,198.085,198.37,197.9,198.37,1106.0
2025-11-20T14:40:00-05:00,197.51,197.735,197.41,197.73,1485.0
2025-11-20T14:45:00-05:00,197.63,197.63,197.53,197.53,319.0
2025-11-20T14:50:00-05:00,198.815,198.815,198.815,198.815,136.0
2025-11-20T14:55:00-05:00,199.095,199.95,198.99,199.95,3584.0
2025-11-20T15:00:00-05:00,199.86,199.86,197.96,198.42,4285.0
2025-11-20T15:05:00-05:00,198.41,198.44,198.16,198.16,702.0
2025-11-20T15:10:00-05:00,197.91,198.02,197.775,198.02,1300.0
2025-11-20T15:15:00-05:00,198.44,198.965,198.41,198.78,1508.0
2025-11-20T15:20:00-05:00,198.68,198.71,197.88,197.93,1300.0
2025-11-20T15:25:00-05:00,197.95,198.22,197.38,198.1,2883.0
2025-11-20T15:30:00-05:00,198.21,198.33,197.26,197.36,805.0
2025-11-20T15:35:00-05:00,197.17,197.17,196.02,196.11,3376.0
2025-11-20T15:40:00-05:00,196.04,196.32,195.38,195.49,2415.0
2025-11-20T15:45:00-05:00,195.42,195.68,194.24,194.24,7785.0
2025-11-20T15:50:00-05:00,194.92,195.79,194.9,195.17,5602.0
2025-11-20T15:55:00-05:00,194.95,195.96,194.55,194.58,10844.0
2025-11-20T16:00:00-05:00,194.31,194.31,194.31,194.31,100.0
2025-11-20T16:50:00-05:00,194.43,194.43,194.43,194.43,100.0
2025-11-20T16:55:00-05:00,194.19,194.19,194.19,194.19,100.0
2026-05-18T09:30:00-04:00,267.335,267.51,267.11,267.15,1415.0
2026-05-18T09:35:00-04:00,266.31,266.31,265.98,266.17,940.0
2026-05-18T09:40:00-04:00,266.15,266.44,265.74,265.74,1677.0
2026-05-18T09:45:00-04:00,265.02,266.49,265.02,266.49,1534.0
2026-05-18T09:50:00-04:00,266.46,268.12,266.46,267.8,751.0
2026-05-18T09:55:00-04:00,268.42,268.98,268.28,268.28,1007.0
2026-05-18T10:00:00-04:00,267.0,267.0,266.3,266.3,445.0
2026-05-18T10:05:00-04:00,266.845,267.76,266.3,267.71,2107.0
2026-05-18T10:10:00-04:00,267.88,268.16,267.44,267.44,1049.0
2026-05-18T10:15:00-04:00,268.17,268.17,267.77,267.77,471.0
2026-05-18T10:20:00-04:00,268.075,268.075,267.24,267.24,1004.0
2026-05-18T10:30:00-04:00,266.01,266.06,264.85,264.85,940.0
2026-05-18T10:35:00-04:00,263.8,265.23,263.72,265.23,1492.0
2026-05-18T10:40:00-04:00,265.37,265.37,264.67,265.02,692.0
2026-05-18T10:45:00-04:00,264.98,264.98,264.88,264.88,332.0
2026-05-18T10:50:00-04:00,265.92,265.92,265.92,265.92,300.0
2026-05-18T11:00:00-04:00,266.22,266.22,264.18,264.53,3124.0
2026-05-18T11:05:00-04:00,264.46,264.56,264.21,264.21,841.0
2026-05-18T11:10:00-04:00,264.18,264.58,264.18,264.58,717.0
2026-05-18T11:15:00-04:00,264.45,264.45,264.1,264.1,410.0
2026-05-18T11:20:00-04:00,263.88,263.88,263.2,263.2,392.0
2026-05-18T11:25:00-04:00,263.77,263.95,263.65,263.93,1930.0
2026-05-18T11:35:00-04:00,263.75,264.26,263.75,264.26,600.0
2026-05-18T11:40:00-04:00,264.43,264.43,263.71,263.71,200.0
2026-05-18T11:50:00-04:00,264.12,264.12,264.12,264.12,100.0
2026-05-18T11:55:00-04:00,264.39,264.39,264.39,264.39,100.0
2026-05-18T12:10:00-04:00,264.07,264.07,264.07,264.07,100.0
2026-05-18T12:20:00-04:00,264.83,264.83,264.62,264.62,656.0
2026-05-18T12:25:00-04:00,262.895,262.94,261.925,261.925,1379.0
2026-05-18T12:30:00-04:00,261.435,262.59,261.435,262.54,2065.0
2026-05-18T12:35:00-04:00,262.89,262.89,262.89,262.89,100.0
2026-05-18T12:45:00-04:00,262.48,262.48,262.48,262.48,100.0
2026-05-18T12:50:00-04:00,263.07,263.385,263.07,263.385,300.0
2026-05-18T12:55:00-04:00,264.41,264.43,263.72,263.73,1968.0
2026-05-18T13:00:00-04:00,263.74,263.74,263.69,263.69,200.0
2026-05-18T13:05:00-04:00,264.52,264.52,264.52,264.52,100.0
2026-05-18T13:10:00-04:00,264.71,264.71,264.71,264.71,200.0
2026-05-18T13:15:00-04:00,264.34,264.34,264.34,264.34,200.0
2026-05-18T13:25:00-04:00,264.47,264.47,264.47,264.47,120.0
2026-05-18T13:35:00-04:00,263.6,263.6,263.6,263.6,100.0
2026-05-18T13:45:00-04:00,264.07,264.07,264.07,264.07,100.0
2026-05-18T13:55:00-04:00,264.09,264.09,264.09,264.09,100.0
2026-05-18T14:00:00-04:00,263.58,263.58,263.13,263.13,200.0
2026-05-18T14:20:00-04:00,261.37,261.55,261.345,261.52,1273.0
2026-05-18T14:25:00-04:00,260.86,261.17,260.86,261.17,305.0
2026-05-18T14:30:00-04:00,261.93,262.08,261.93,262.08,1074.0
2026-05-18T14:35:00-04:00,261.6,261.6,261.6,261.6,100.0
2026-05-18T14:45:00-04:00,260.96,261.05,260.96,261.05,200.0
2026-05-18T14:50:00-04:00,260.66,260.88,260.66,260.8,1067.0
2026-05-18T14:55:00-04:00,260.91,260.93,260.88,260.88,500.0
2026-05-18T15:00:00-04:00,261.85,265.16,261.78,264.07,5720.0
2026-05-18T15:05:00-04:00,263.87,263.87,263.18,263.22,669.0
2026-05-18T15:10:00-04:00,263.55,263.66,263.06,263.06,744.0
2026-05-18T15:15:00-04:00,263.39,263.43,263.39,263.43,268.0
2026-05-18T15:20:00-04:00,263.17,263.17,262.355,262.54,925.0
2026-05-18T15:25:00-04:00,262.0,262.29,262.0,262.29,2490.0
2026-05-18T15:30:00-04:00,262.66,263.4,262.63,263.3,740.0
2026-05-18T15:35:00-04:00,263.9,264.19,263.89,264.09,1520.0
2026-05-18T15:40:00-04:00,264.645,265.05,264.645,265.05,200.0
2026-05-18T15:50:00-04:00,265.32,265.32,265.32,265.32,150.0
2026-05-18T15:55:00-04:00,265.79,266.02,265.26,265.85,1465.0
2026-05-19T09:30:00-04:00,261.81,262.085,261.32,261.45,3489.0
2026-05-19T09:35:00-04:00,261.53,262.64,261.51,262.59,3192.0
2026-05-19T09:40:00-04:00,261.6,261.6,260.75,260.75,200.0
2026-05-19T09:45:00-04:00,260.61,262.14,260.05,261.98,1586.0
2026-05-19T09:50:00-04:00,261.44,262.58,261.44,262.58,1287.0
2026-05-19T09:55:00-04:00,263.12,263.32,262.69,262.79,2140.0
2026-05-19T10:00:00-04:00,262.215,262.215,261.35,261.52,851.0
2026-05-19T10:05:00-04:00,262.14,262.14,259.91,260.245,782.0
2026-05-19T10:10:00-04:00,260.09,260.73,260.05,260.4,2217.0
2026-05-19T10:15:00-04:00,259.73,259.885,259.63,259.75,870.0
2026-05-19T10:20:00-04:00,258.56,259.45,258.56,259.2,2361.0
2026-05-19T10:25:00-04:00,259.8,259.84,259.34,259.34,420.0
2026-05-19T10:30:00-04:00,259.72,260.12,259.46,259.46,1020.0
2026-05-19T10:35:00-04:00,259.56,259.91,259.56,259.91,574.0
2026-05-19T10:40:00-04:00,259.48,260.31,259.48,259.88,1047.0
2026-05-19T10:45:00-04:00,258.99,258.99,258.72,258.74,420.0
2026-05-19T10:50:00-04:00,258.92,258.92,258.85,258.85,302.0
2026-05-19T10:55:00-04:00,258.75,259.26,258.75,259.26,421.0
2026-05-19T11:00:00-04:00,259.66,260.55,259.66,260.55,223.0
2026-05-19T11:05:00-04:00,259.93,259.93,259.93,259.93,100.0
2026-05-19T11:10:00-04:00,260.27,260.27,260.27,260.27,100.0
2026-05-19T11:15:00-04:00,260.685,260.89,260.04,260.04,391.0
2026-05-19T11:20:00-04:00,259.8,259.98,259.8,259.98,364.0
2026-05-19T11:25:00-04:00,258.6,258.6,258.6,258.6,167.0
2026-05-19T11:30:00-04:00,259.85,259.99,259.85,259.99,550.0
2026-05-19T11:40:00-04:00,260.53,260.53,260.53,260.53,100.0
2026-05-19T11:45:00-04:00,260.31,260.31,260.31,260.31,100.0
2026-05-19T11:55:00-04:00,259.7,259.7,259.7,259.7,200.0
2026-05-19T12:05:00-04:00,259.75,260.11,259.56,259.56,400.0
2026-05-19T12:10:00-04:00,259.38,259.38,259.38,259.38,100.0
2026-05-19T12:15:00-04:00,260.325,260.66,260.325,260.46,1620.0
2026-05-19T12:20:00-04:00,260.61,260.61,260.6,260.6,345.0
2026-05-19T12:30:00-04:00,261.7,261.7,261.7,261.7,100.0
2026-05-19T12:35:00-04:00,261.99,261.99,261.59,261.59,300.0
2026-05-19T12:45:00-04:00,262.54,262.54,262.54,262.54,100.0
2026-05-19T12:50:00-04:00,263.2,263.24,263.16,263.16,500.0
2026-05-19T12:55:00-04:00,263.21,263.35,263.21,263.3,588.0
2026-05-19T13:00:00-04:00,263.3,263.3,263.16,263.16,300.0
2026-05-19T13:05:00-04:00,263.62,263.645,263.59,263.59,2147.0
2026-05-19T13:10:00-04:00,263.965,264.18,263.965,264.18,320.0
2026-05-19T13:20:00-04:00,264.53,264.625,264.53,264.625,207.0
2026-05-19T13:25:00-04:00,264.8,264.8,264.02,264.02,545.0
2026-05-19T13:30:00-04:00,264.56,264.56,264.56,264.56,200.0
2026-05-19T13:40:00-04:00,264.205,264.205,264.205,264.205,203.0
2026-05-19T13:45:00-04:00,263.99,263.99,263.99,263.99,217.0
2026-05-19T13:50:00-04:00,263.43,263.43,263.43,263.43,200.0
2026-05-19T14:00:00-04:00,264.12,264.12,264.1,264.1,250.0
2026-05-19T14:10:00-04:00,264.37,264.48,264.34,264.48,300.0
2026-05-19T14:15:00-04:00,263.87,263.87,263.87,263.87,100.0
2026-05-19T14:20:00-04:00,263.54,263.63,263.29,263.45,1435.0
2026-05-19T14:25:00-04:00,263.48,263.54,263.48,263.54,967.0
2026-05-19T14:30:00-04:00,262.77,262.77,262.77,262.77,200.0
2026-05-19T14:40:00-04:00,262.75,262.78,262.75,262.75,751.0
2026-05-19T14:45:00-04:00,262.47,262.72,262.47,262.72,200.0
2026-05-19T14:55:00-04:00,261.59,261.59,261.24,261.24,471.0
2026-05-19T15:00:00-04:00,261.52,261.52,261.52,261.52,100.0
2026-05-19T15:05:00-04:00,261.64,262.39,261.64,262.39,526.0
2026-05-19T15:20:00-04:00,262.23,262.23,261.96,261.96,301.0
2026-05-19T15:25:00-04:00,261.28,261.46,261.24,261.41,1286.0
2026-05-19T15:30:00-04:00,261.6,261.6,261.6,261.6,380.0
2026-05-19T15:35:00-04:00,261.04,261.31,261.04,261.31,207.0
2026-05-19T15:40:00-04:00,260.93,261.05,260.93,261.05,220.0
2026-05-19T15:45:00-04:00,260.825,260.825,260.8,260.8,700.0
2026-05-19T15:50:00-04:00,260.47,260.47,260.125,260.125,1225.0
2026-05-19T15:55:00-04:00,259.62,260.27,259.62,260.155,2650.0
2026-05-20T09:30:00-04:00,262.63,263.07,262.5,262.74,2100.0
2026-05-20T09:40:00-04:00,261.7,262.68,261.7,262.68,956.0
2026-05-20T09:45:00-04:00,263.26,263.98,263.09,263.09,954.0
2026-05-20T09:50:00-04:00,263.49,263.52,262.83,262.83,421.0
2026-05-20T09:55:00-04:00,262.94,262.94,262.94,262.94,100.0
2026-05-20T10:00:00-04:00,262.97,262.97,262.37,262.37,380.0
2026-05-20T10:10:00-04:00,261.42,262.33,260.81,262.33,1047.0
2026-05-20T10:15:00-04:00,264.62,265.48,264.26,264.47,1431.0
2026-05-20T10:20:00-04:00,264.83,264.87,263.9,263.9,727.0
2026-05-20T10:25:00-04:00,263.78,264.72,263.78,264.72,540.0
2026-05-20T10:30:00-04:00,265.15,266.0,265.15,265.61,2084.0
2026-05-20T10:35:00-04:00,265.32,265.32,265.03,265.03,645.0
2026-05-20T10:45:00-04:00,265.15,265.18,265.12,265.18,809.0
2026-05-20T10:50:00-04:00,265.71,265.83,265.71,265.83,300.0
2026-05-20T10:55:00-04:00,265.81,266.565,265.81,266.235,738.0
2026-05-20T11:00:00-04:00,266.43,266.43,266.155,266.155,200.0
2026-05-20T11:05:00-04:00,266.085,266.085,266.085,266.085,100.0
2026-05-20T11:15:00-04:00,266.085,269.04,266.085,267.71,3632.0
2026-05-20T11:25:00-04:00,267.39,267.39,266.93,266.93,617.0
2026-05-20T11:30:00-04:00,267.07,267.07,267.07,267.07,124.0
2026-05-20T11:35:00-04:00,267.46,267.46,267.15,267.21,1809.0
2026-05-20T11:55:00-04:00,267.42,267.56,267.31,267.56,612.0
2026-05-20T12:00:00-04:00,267.52,267.52,267.52,267.52,100.0
2026-05-20T12:10:00-04:00,267.41,267.41,267.41,267.41,202.0
2026-05-20T12:20:00-04:00,266.58,266.58,266.295,266.53,639.0
2026-05-20T12:25:00-04:00,266.29,266.29,266.29,266.29,139.0
2026-05-20T12:45:00-04:00,266.94,267.0,266.52,266.53,1172.0
2026-05-20T12:50:00-04:00,266.59,266.59,266.59,266.59,200.0
2026-05-20T12:55:00-04:00,266.55,266.55,266.155,266.155,372.0
2026-05-20T13:00:00-04:00,266.655,266.655,266.37,266.37,320.0
2026-05-20T13:05:00-04:00,266.21,266.21,266.17,266.17,200.0
2026-05-20T13:10:00-04:00,266.86,267.13,266.62,266.63,1196.0
2026-05-20T13:15:00-04:00,267.02,267.02,267.02,267.02,102.0
2026-05-20T13:25:00-04:00,267.24,267.24,267.24,267.24,127.0
2026-05-20T13:30:00-04:00,267.26,267.44,267.26,267.43,372.0
2026-05-20T13:35:00-04:00,267.77,268.02,267.77,267.81,1223.0
2026-05-20T13:45:00-04:00,267.32,267.32,267.32,267.32,100.0
2026-05-20T14:00:00-04:00,267.08,267.26,266.81,267.23,1908.0
2026-05-20T14:20:00-04:00,266.98,266.98,266.98,266.98,203.0
2026-05-20T14:25:00-04:00,267.01,267.395,266.99,267.395,1368.0
2026-05-20T14:35:00-04:00,268.11,268.11,268.11,268.11,234.0
2026-05-20T14:40:00-04:00,267.89,267.89,267.89,267.89,100.0
2026-05-20T15:00:00-04:00,267.48,267.48,267.47,267.47,380.0
2026-05-20T15:05:00-04:00,267.48,267.48,267.48,267.48,117.0
2026-05-20T15:25:00-04:00,268.11,268.11,268.11,268.11,120.0
2026-05-20T15:35:00-04:00,268.7,268.74,268.68,268.72,439.0
2026-05-20T15:45:00-04:00,268.5,268.5,268.5,268.5,100.0
2026-05-20T15:50:00-04:00,268.16,268.16,268.16,268.16,120.0
2026-05-20T15:55:00-04:00,268.62,268.68,268.62,268.655,650.0
2026-05-21T09:30:00-04:00,265.7,265.7,264.9,264.99,1272.0
2026-05-21T09:35:00-04:00,265.5,265.5,264.91,264.91,520.0
2026-05-21T09:40:00-04:00,264.725,264.89,264.59,264.59,418.0
2026-05-21T09:45:00-04:00,265.035,265.325,264.615,264.72,2082.0
2026-05-21T09:50:00-04:00,265.16,266.92,264.94,266.92,4965.0
2026-05-21T09:55:00-04:00,267.19,267.19,266.5,266.73,1755.0
2026-05-21T10:00:00-04:00,267.0,267.76,267.0,267.76,1020.0
2026-05-21T10:05:00-04:00,267.43,267.485,267.01,267.01,310.0
2026-05-21T10:10:00-04:00,266.81,267.31,266.6,266.6,1200.0
2026-05-21T10:20:00-04:00,264.53,265.1,264.53,265.1,624.0
2026-05-21T10:25:00-04:00,265.12,265.59,265.12,265.59,315.0
2026-05-21T10:30:00-04:00,265.26,265.26,265.26,265.26,100.0
2026-05-21T10:40:00-04:00,265.42,265.42,265.42,265.42,200.0
2026-05-21T10:45:00-04:00,264.88,264.88,264.88,264.88,100.0
2026-05-21T10:50:00-04:00,265.2,265.23,265.2,265.23,400.0
2026-05-21T11:00:00-04:00,266.17,266.18,266.17,266.18,200.0
2026-05-21T11:05:00-04:00,265.09,265.09,264.4,264.4,1165.0
2026-05-21T11:10:00-04:00,264.51,266.36,264.22,266.04,3632.0
2026-05-21T11:15:00-04:00,266.04,266.29,265.82,265.92,1524.0
2026-05-21T11:20:00-04:00,265.95,266.34,265.81,265.98,1382.0
2026-05-21T11:25:00-04:00,265.9,266.095,265.9,266.09,758.0
2026-05-21T11:30:00-04:00,265.98,265.98,265.2,265.2,1503.0
2026-05-21T11:35:00-04:00,265.995,265.995,265.995,265.995,100.0
2026-05-21T11:40:00-04:00,265.95,265.95,265.95,265.95,150.0
2026-05-21T11:45:00-04:00,266.53,266.53,266.53,266.53,100.0
2026-05-21T12:05:00-04:00,266.83,266.83,266.83,266.83,100.0
2026-05-21T12:10:00-04:00,266.97,266.97,266.465,266.56,1016.0
2026-05-21T12:15:00-04:00,266.42,266.43,266.39,266.39,1490.0
2026-05-21T12:20:00-04:00,265.91,265.91,265.91,265.91,120.0
2026-05-21T13:05:00-04:00,266.35,266.35,266.35,266.35,100.0
2026-05-21T13:10:00-04:00,266.39,268.13,266.39,267.42,1643.0
2026-05-21T13:15:00-04:00,268.07,269.47,268.07,268.87,1243.0
2026-05-21T13:20:00-04:00,269.28,270.39,269.04,269.04,1312.0
2026-05-21T13:25:00-04:00,269.49,269.55,269.35,269.55,400.0
2026-05-21T13:30:00-04:00,269.72,269.72,269.5,269.52,853.0
2026-05-21T13:35:00-04:00,270.055,270.055,270.04,270.04,205.0
2026-05-21T13:40:00-04:00,270.66,270.66,270.66,270.66,700.0
2026-05-21T13:45:00-04:00,270.7,270.7,270.655,270.655,400.0
2026-05-21T13:50:00-04:00,271.18,272.17,271.18,272.17,702.0
2026-05-21T13:55:00-04:00,271.98,271.98,271.32,271.455,440.0
2026-05-21T14:00:00-04:00,271.19,271.36,270.49,270.51,2389.0
2026-05-21T14:05:00-04:00,270.44,270.61,270.44,270.61,250.0
2026-05-21T14:10:00-04:00,270.5,270.5,270.44,270.44,200.0
2026-05-21T14:15:00-04:00,270.15,270.15,270.14,270.14,642.0
2026-05-21T14:25:00-04:00,270.85,270.85,270.85,270.85,100.0
2026-05-21T14:30:00-04:00,270.78,270.96,270.78,270.89,830.0
2026-05-21T14:45:00-04:00,270.8,270.8,269.555,269.91,2148.0
2026-05-21T14:50:00-04:00,270.015,270.015,268.01,268.01,730.0
2026-05-21T14:55:00-04:00,267.7,268.14,267.7,268.14,250.0
2026-05-21T15:00:00-04:00,268.65,268.68,268.47,268.68,325.0
2026-05-21T15:05:00-04:00,268.66,269.55,268.64,269.55,800.0
2026-05-21T15:10:00-04:00,269.75,269.78,269.7,269.7,415.0
2026-05-21T15:15:00-04:00,269.87,269.91,269.87,269.91,250.0
2026-05-21T15:25:00-04:00,269.97,270.09,269.92,269.98,1019.0
2026-05-21T15:50:00-04:00,270.32,270.32,269.49,269.6,973.0
2026-05-21T15:55:00-04:00,269.99,270.4,269.93,270.02,1956.0
2026-05-22T09:00:00-04:00,273.89,273.89,273.89,273.89,130.0
2026-05-22T09:30:00-04:00,273.705,274.63,273.53,274.63,974.0
2026-05-22T09:35:00-04:00,274.705,275.39,274.7,275.2,720.0
2026-05-22T09:40:00-04:00,275.14,275.19,274.615,274.98,1322.0
2026-05-22T09:45:00-04:00,275.52,275.52,274.99,274.99,400.0
2026-05-22T09:50:00-04:00,274.78,274.78,274.56,274.56,259.0
2026-05-22T09:55:00-04:00,274.92,274.92,274.63,274.63,200.0
2026-05-22T10:00:00-04:00,274.41,274.41,273.85,273.85,200.0
2026-05-22T10:05:00-04:00,273.25,273.45,272.87,273.45,460.0
2026-05-22T10:15:00-04:00,273.36,273.36,273.36,273.36,100.0
2026-05-22T10:20:00-04:00,272.2,272.2,272.2,272.2,202.0
2026-05-22T10:30:00-04:00,273.46,273.46,273.46,273.46,155.0
2026-05-22T11:15:00-04:00,274.87,274.87,274.87,274.87,113.0
2026-05-22T11:20:00-04:00,275.02,275.02,275.02,275.02,100.0
2026-05-22T11:30:00-04:00,275.48,275.48,275.43,275.43,200.0
2026-05-22T12:00:00-04:00,275.22,275.22,275.22,275.22,100.0
2026-05-22T12:15:00-04:00,274.79,274.79,274.56,274.665,650.0
2026-05-22T12:30:00-04:00,275.0,275.0,275.0,275.0,100.0
2026-05-22T13:10:00-04:00,275.43,275.43,275.43,275.43,100.0
2026-05-22T13:15:00-04:00,274.92,275.0,274.37,274.4,1068.0
2026-05-22T13:20:00-04:00,274.68,274.89,274.68,274.89,272.0
2026-05-22T13:25:00-04:00,275.03,276.31,275.03,276.31,2228.0
2026-05-22T13:30:00-04:00,276.33,276.33,275.73,275.73,950.0
2026-05-22T13:35:00-04:00,275.75,276.03,275.75,276.03,550.0
2026-05-22T13:50:00-04:00,275.17,275.22,275.17,275.22,450.0
2026-05-22T13:55:00-04:00,275.165,275.165,275.165,275.165,100.0
2026-05-22T14:00:00-04:00,275.21,275.21,274.55,274.9,2185.0
2026-05-22T14:30:00-04:00,274.86,274.86,274.7,274.82,324.0
2026-05-22T14:35:00-04:00,274.58,275.04,274.5,274.67,1569.0
2026-05-22T15:00:00-04:00,274.57,274.58,274.565,274.58,516.0
2026-05-22T15:25:00-04:00,273.0,273.0,273.0,273.0,103.0
2026-05-22T15:30:00-04:00,272.84,272.84,272.84,272.84,170.0
2026-05-22T15:35:00-04:00,273.3,273.41,273.22,273.22,550.0
2026-05-22T15:50:00-04:00,272.675,273.06,272.5,272.96,684.0
2026-05-22T15:55:00-04:00,273.11,273.5,272.88,272.88,1124.0
2026-05-26T08:25:00-04:00,278.92,278.92,278.92,278.92,100.0
2026-05-26T09:30:00-04:00,278.03,278.16,277.44,277.44,1300.0
2026-05-26T09:35:00-04:00,277.05,277.6,276.96,277.475,1120.0
2026-05-26T09:40:00-04:00,277.805,278.59,277.805,278.59,845.0
2026-05-26T09:45:00-04:00,278.82,279.04,278.815,278.93,1458.0
2026-05-26T09:50:00-04:00,278.47,278.47,277.43,278.04,1448.0
2026-05-26T09:55:00-04:00,278.04,278.48,278.04,278.48,531.0
2026-05-26T10:00:00-04:00,278.495,279.04,278.495,279.04,686.0
2026-05-26T10:20:00-04:00,279.76,279.76,279.76,279.76,200.0
2026-05-26T10:25:00-04:00,279.54,279.54,279.54,279.54,105.0
2026-05-26T10:40:00-04:00,279.92,279.92,279.92,279.92,100.0
2026-05-26T10:50:00-04:00,279.57,279.57,279.57,279.57,101.0
2026-05-26T10:55:00-04:00,279.24,279.5,279.22,279.5,317.0
2026-05-26T11:30:00-04:00,277.61,277.77,277.61,277.77,205.0
2026-05-26T11:45:00-04:00,277.21,277.21,277.21,277.21,100.0
2026-05-26T11:50:00-04:00,276.77,276.77,276.77,276.77,100.0
2026-05-26T11:55:00-04:00,276.12,276.12,276.11,276.11,300.0
2026-05-26T12:00:00-04:00,276.85,277.1,276.84,277.1,1499.0
2026-05-26T12:05:00-04:00,277.1,277.1,277.1,277.1,100.0
2026-05-26T12:20:00-04:00,277.11,277.11,277.11,277.11,100.0
2026-05-26T12:30:00-04:00,277.685,277.685,277.685,277.685,105.0
2026-05-26T12:35:00-04:00,277.71,277.71,277.7,277.7,2015.0
2026-05-26T12:40:00-04:00,277.16,277.16,277.15,277.16,605.0
2026-05-26T13:00:00-04:00,277.165,277.165,276.99,276.99,200.0
2026-05-26T13:20:00-04:00,276.58,276.58,276.58,276.58,100.0
2026-05-26T13:35:00-04:00,276.65,276.65,276.65,276.65,100.0
2026-05-26T13:40:00-04:00,276.4,276.4,276.36,276.36,300.0
2026-05-26T13:50:00-04:00,277.0,277.0,277.0,277.0,200.0
2026-05-26T13:55:00-04:00,276.77,276.77,276.77,276.77,100.0
2026-05-26T14:10:00-04:00,277.235,277.235,277.235,277.235,100.0
2026-05-26T14:15:00-04:00,277.67,277.67,277.67,277.67,300.0
2026-05-26T14:20:00-04:00,277.69,277.69,277.69,277.69,100.0
2026-05-26T14:30:00-04:00,277.69,277.69,277.69,277.69,100.0
2026-05-26T14:55:00-04:00,276.83,276.83,276.83,276.83,151.0
2026-05-26T15:00:00-04:00,276.6,276.6,276.6,276.6,100.0
2026-05-26T15:15:00-04:00,277.19,277.19,277.19,277.19,100.0
2026-05-26T15:20:00-04:00,277.17,277.17,277.15,277.15,300.0
2026-05-26T15:25:00-04:00,277.18,277.18,277.18,277.18,100.0
2026-05-26T15:35:00-04:00,277.95,277.98,277.95,277.96,1383.0
2026-05-26T15:45:00-04:00,278.56,278.56,278.56,278.56,205.0
2026-05-26T15:50:00-04:00,278.61,278.71,278.46,278.55,529.0
2026-05-26T15:55:00-04:00,278.52,278.54,278.03,278.36,2602.0
2026-05-27T09:30:00-04:00,278.76,278.85,278.53,278.56,1703.0
2026-05-27T09:45:00-04:00,277.22,277.84,277.22,277.25,561.0
2026-05-27T09:50:00-04:00,277.64,278.06,277.29,277.98,783.0
2026-05-27T09:55:00-04:00,277.99,278.16,277.84,277.84,782.0
2026-05-27T10:00:00-04:00,278.14,278.91,278.14,278.91,250.0
2026-05-27T10:05:00-04:00,278.74,278.74,278.245,278.38,1256.0
2026-05-27T10:20:00-04:00,279.055,279.055,278.41,278.41,999.0
2026-05-27T10:25:00-04:00,277.78,277.825,277.48,277.825,1876.0
2026-05-27T10:30:00-04:00,278.14,278.315,277.14,277.92,4762.0
2026-05-27T10:35:00-04:00,278.36,278.5,278.36,278.37,500.0
2026-05-27T10:40:00-04:00,278.155,278.26,278.1,278.26,360.0
2026-05-27T10:45:00-04:00,278.235,278.235,278.235,278.235,100.0
2026-05-27T10:50:00-04:00,277.92,277.92,277.92,277.92,238.0
2026-05-27T10:55:00-04:00,277.545,277.545,277.545,277.545,200.0
2026-05-27T11:00:00-04:00,277.12,277.58,277.12,277.58,407.0
2026-05-27T11:25:00-04:00,276.905,277.19,276.905,277.19,849.0
2026-05-27T11:30:00-04:00,277.59,277.74,277.59,277.73,1782.0
2026-05-27T11:40:00-04:00,276.76,277.13,276.27,276.27,1250.0
2026-05-27T11:45:00-04:00,275.96,275.96,275.96,275.96,115.0
2026-05-27T11:50:00-04:00,276.575,276.66,276.575,276.66,240.0
2026-05-27T11:55:00-04:00,276.43,276.795,276.42,276.795,888.0
2026-05-27T12:00:00-04:00,276.24,276.32,276.24,276.32,300.0
2026-05-27T12:10:00-04:00,277.16,277.33,277.16,277.32,755.0
2026-05-27T12:20:00-04:00,277.31,277.31,277.31,277.31,100.0
2026-05-27T12:25:00-04:00,277.2,277.2,277.19,277.19,200.0
2026-05-27T12:45:00-04:00,278.09,278.09,278.09,278.09,100.0
2026-05-27T13:00:00-04:00,277.46,277.46,277.46,277.46,200.0
2026-05-27T13:10:00-04:00,275.98,275.98,275.98,275.98,100.0
2026-05-27T13:35:00-04:00,277.51,277.52,277.5,277.52,413.0
2026-05-27T13:45:00-04:00,277.025,277.13,277.025,277.13,200.0
2026-05-27T13:55:00-04:00,277.795,277.795,277.61,277.61,357.0
2026-05-27T14:00:00-04:00,277.16,277.16,277.16,277.16,100.0
2026-05-27T14:05:00-04:00,277.525,277.525,277.525,277.525,100.0
2026-05-27T14:40:00-04:00,278.54,278.54,278.54,278.54,100.0
2026-05-27T14:50:00-04:00,278.65,278.65,278.65,278.65,100.0
2026-05-27T14:55:00-04:00,278.8,278.8,278.8,278.8,100.0
2026-05-27T15:00:00-04:00,278.84,278.84,278.84,278.84,300.0
2026-05-27T15:10:00-04:00,278.855,278.855,278.855,278.855,150.0
2026-05-27T15:35:00-04:00,278.63,278.63,278.535,278.535,200.0
2026-05-27T15:40:00-04:00,278.73,278.73,278.73,278.73,112.0
2026-05-27T15:50:00-04:00,278.08,278.57,278.08,278.5,414.0
2026-05-27T15:55:00-04:00,278.18,278.36,278.15,278.36,1416.0
2026-05-28T09:30:00-04:00,277.93,278.04,277.77,277.77,1122.0
2026-05-28T09:35:00-04:00,277.25,277.25,276.97,276.97,762.0
2026-05-28T09:50:00-04:00,277.02,277.94,277.02,277.83,912.0
2026-05-28T09:55:00-04:00,277.63,277.63,277.63,277.63,100.0
2026-05-28T10:00:00-04:00,278.19,278.19,278.19,278.19,100.0
2026-05-28T10:05:00-04:00,277.97,277.97,277.77,277.91,400.0
2026-05-28T10:10:00-04:00,278.33,281.52,278.33,281.27,6673.0
2026-05-28T10:15:00-04:00,281.16,281.42,280.825,281.42,1138.0
2026-05-28T10:20:00-04:00,280.66,280.67,280.42,280.42,1169.0
2026-05-28T10:30:00-04:00,279.93,279.93,279.93,279.93,192.0
2026-05-28T10:35:00-04:00,280.0,280.0,279.68,279.68,375.0
2026-05-28T10:45:00-04:00,280.75,280.75,279.95,279.95,450.0
2026-05-28T10:55:00-04:00,280.8,280.8,280.54,280.54,771.0
2026-05-28T11:00:00-04:00,280.9,281.71,280.9,281.68,1106.0
2026-05-28T11:05:00-04:00,281.925,281.925,281.925,281.925,127.0
2026-05-28T11:25:00-04:00,282.18,282.18,282.14,282.14,200.0
2026-05-28T11:40:00-04:00,282.13,282.13,282.1,282.1,223.0
2026-05-28T12:00:00-04:00,282.02,282.05,282.02,282.05,680.0
2026-05-28T12:15:00-04:00,282.68,282.68,282.68,282.68,100.0
2026-05-28T12:20:00-04:00,282.91,282.95,282.91,282.95,250.0
2026-05-28T12:25:00-04:00,282.78,282.78,282.78,282.78,200.0
2026-05-28T12:40:00-04:00,282.65,282.65,282.65,282.65,100.0
2026-05-28T13:45:00-04:00,282.72,282.97,282.72,282.97,500.0
2026-05-28T13:50:00-04:00,283.03,283.03,283.03,283.03,100.0
2026-05-28T14:15:00-04:00,283.05,283.05,282.78,282.78,601.0
2026-05-28T14:20:00-04:00,282.72,282.72,282.72,282.72,100.0
2026-05-28T14:35:00-04:00,282.54,282.54,282.54,282.54,100.0
2026-05-28T14:45:00-04:00,282.47,282.47,282.47,282.47,100.0
2026-05-28T15:00:00-04:00,282.48,282.48,282.48,282.48,200.0
2026-05-28T15:30:00-04:00,283.14,283.14,283.14,283.14,100.0
2026-05-28T15:35:00-04:00,283.16,283.35,283.16,283.35,400.0
2026-05-28T15:40:00-04:00,283.22,283.22,283.22,283.22,174.0
2026-05-28T15:50:00-04:00,282.99,282.99,282.96,282.96,300.0
2026-05-28T15:55:00-04:00,282.81,283.01,282.775,283.01,1102.0
2026-05-29T09:30:00-04:00,284.4,284.43,284.4,284.43,300.0
2026-05-29T09:35:00-04:00,284.59,284.59,284.47,284.57,500.0
2026-05-29T09:45:00-04:00,285.95,285.95,285.95,285.95,187.0
2026-05-29T09:50:00-04:00,286.18,286.18,286.18,286.18,123.0
2026-05-29T09:55:00-04:00,286.25,286.25,286.155,286.155,200.0
2026-05-29T10:00:00-04:00,286.35,286.35,286.35,286.35,158.0
2026-05-29T10:05:00-04:00,286.12,286.12,285.69,285.69,520.0
2026-05-29T10:15:00-04:00,285.2,285.2,285.2,285.2,114.0
2026-05-29T10:20:00-04:00,285.22,285.23,284.98,284.98,737.0
2026-05-29T10:25:00-04:00,284.03,284.13,284.03,284.13,375.0
2026-05-29T10:40:00-04:00,283.8,284.035,283.24,283.7,2557.0
2026-05-29T10:50:00-04:00,283.35,285.01,283.35,284.47,2778.0
2026-05-29T10:55:00-04:00,284.66,284.67,284.63,284.67,1112.0
2026-05-29T11:00:00-04:00,284.22,284.42,284.22,284.42,600.0
2026-05-29T11:05:00-04:00,284.22,284.87,284.22,284.87,725.0
2026-05-29T11:10:00-04:00,285.02,285.55,285.02,285.55,1250.0
2026-05-29T11:15:00-04:00,285.52,285.52,285.52,285.52,100.0
2026-05-29T11:25:00-04:00,285.17,285.45,285.01,285.42,1100.0
2026-05-29T11:30:00-04:00,285.12,285.12,285.12,285.12,100.0
2026-05-29T11:35:00-04:00,285.53,285.53,285.45,285.45,525.0
2026-05-29T11:40:00-04:00,285.41,285.42,284.92,284.92,710.0
2026-05-29T11:45:00-04:00,284.69,284.69,284.66,284.66,600.0
2026-05-29T11:55:00-04:00,284.62,284.67,284.6,284.67,300.0
2026-05-29T12:00:00-04:00,285.14,285.15,285.14,285.15,250.0
2026-05-29T12:05:00-04:00,285.465,285.465,285.465,285.465,100.0
2026-05-29T12:15:00-04:00,285.555,285.555,285.555,285.555,100.0
2026-05-29T12:30:00-04:00,284.96,285.37,284.96,285.07,1000.0
2026-05-29T12:35:00-04:00,285.73,286.15,285.73,286.15,944.0
2026-05-29T12:40:00-04:00,286.24,286.24,286.24,286.24,150.0
2026-05-29T12:45:00-04:00,285.62,285.82,285.53,285.53,694.0
2026-05-29T13:00:00-04:00,285.05,285.05,285.0,285.0,318.0
2026-05-29T13:05:00-04:00,285.13,285.13,285.13,285.13,100.0
2026-05-29T13:10:00-04:00,285.13,285.13,284.95,284.95,250.0
2026-05-29T13:15:00-04:00,285.12,285.31,285.1,285.31,300.0
2026-05-29T13:20:00-04:00,285.16,285.16,284.76,284.94,1024.0
2026-05-29T13:25:00-04:00,284.91,284.91,284.91,284.91,100.0
2026-05-29T13:30:00-04:00,284.79,284.79,284.79,284.79,100.0
2026-05-29T13:50:00-04:00,284.45,284.45,284.145,284.145,689.0
2026-05-29T13:55:00-04:00,283.76,283.78,283.51,283.51,300.0
2026-05-29T14:00:00-04:00,283.65,283.82,283.65,283.78,1199.0
2026-05-29T14:05:00-04:00,283.91,284.08,283.91,284.08,202.0
2026-05-29T14:10:00-04:00,283.81,283.81,283.81,283.81,613.0
2026-05-29T14:15:00-04:00,283.875,283.99,283.875,283.99,300.0
2026-05-29T14:20:00-04:00,284.26,284.26,284.26,284.26,100.0
2026-05-29T14:25:00-04:00,284.55,284.55,284.55,284.55,100.0
2026-05-29T14:30:00-04:00,284.83,285.02,284.83,285.02,550.0
2026-05-29T14:35:00-04:00,285.03,285.03,285.03,285.03,189.0
2026-05-29T14:45:00-04:00,284.44,284.44,283.7,284.07,801.0
2026-05-29T14:50:00-04:00,283.725,283.83,283.725,283.83,500.0
2026-05-29T14:55:00-04:00,283.9,283.9,283.9,283.9,100.0
2026-05-29T15:00:00-04:00,283.49,283.81,283.49,283.81,766.0
2026-05-29T15:30:00-04:00,285.25,285.5,285.23,285.5,425.0
2026-05-29T15:35:00-04:00,285.65,285.885,285.65,285.74,1020.0
2026-05-29T15:40:00-04:00,285.83,285.83,285.6,285.6,960.0
2026-05-29T15:45:00-04:00,285.63,285.63,285.62,285.62,200.0
2026-05-29T15:50:00-04:00,285.0,285.05,284.67,284.77,1557.0
2026-05-29T15:55:00-04:00,284.81,284.88,284.67,284.88,2177.0
2026-06-01T09:30:00-04:00,283.63,284.155,282.81,283.925,1235.0
2026-06-01T09:35:00-04:00,284.145,284.61,284.14,284.61,414.0
2026-06-01T09:45:00-04:00,284.51,284.51,284.51,284.51,100.0
2026-06-01T09:50:00-04:00,284.615,284.615,284.155,284.3,1533.0
2026-06-01T09:55:00-04:00,284.01,284.245,283.72,283.72,3400.0
2026-06-01T10:00:00-04:00,283.56,283.99,283.49,283.67,2315.0
2026-06-01T10:05:00-04:00,283.81,284.61,283.645,284.6,1990.0
2026-06-01T10:10:00-04:00,284.4,284.4,283.74,283.83,1047.0
2026-06-01T10:15:00-04:00,284.66,284.66,284.0,284.0,1259.0
2026-06-01T10:20:00-04:00,284.26,284.63,284.26,284.6,640.0
2026-06-01T10:25:00-04:00,284.18,284.18,283.93,283.975,1622.0
2026-06-01T10:45:00-04:00,283.99,283.99,283.99,283.99,100.0
2026-06-01T10:50:00-04:00,283.62,283.62,283.6,283.6,222.0
2026-06-01T11:05:00-04:00,283.55,283.59,283.55,283.59,250.0
2026-06-01T11:15:00-04:00,284.03,284.03,284.03,284.03,100.0
2026-06-01T11:30:00-04:00,284.775,285.31,284.775,285.3,1002.0
2026-06-01T11:40:00-04:00,285.55,285.55,285.55,285.55,270.0
2026-06-01T11:45:00-04:00,285.28,285.28,285.28,285.28,277.0
2026-06-01T12:00:00-04:00,285.44,285.44,285.44,285.44,124.0
2026-06-01T12:10:00-04:00,284.77,284.77,284.57,284.57,520.0
2026-06-01T12:15:00-04:00,284.46,284.46,284.26,284.45,870.0
2026-06-01T12:25:00-04:00,284.99,284.99,284.99,284.99,150.0
2026-06-01T12:30:00-04:00,285.2,285.5,285.2,285.5,703.0
2026-06-01T12:45:00-04:00,285.36,285.36,285.36,285.36,100.0
2026-06-01T12:50:00-04:00,285.39,285.82,285.39,285.77,500.0
2026-06-01T12:55:00-04:00,286.16,286.16,286.16,286.16,100.0
2026-06-01T13:00:00-04:00,286.07,286.07,286.01,286.01,200.0
2026-06-01T13:20:00-04:00,285.9,285.9,285.9,285.9,170.0
2026-06-01T13:25:00-04:00,285.89,286.91,285.89,286.91,420.0
2026-06-01T13:30:00-04:00,286.9,286.9,286.19,286.28,615.0
2026-06-01T13:35:00-04:00,286.19,286.85,286.19,286.595,1618.0
2026-06-01T13:40:00-04:00,287.03,288.77,287.03,287.93,5744.0
2026-06-01T13:45:00-04:00,288.32,288.53,288.32,288.51,934.0
2026-06-01T13:50:00-04:00,288.19,288.19,288.19,288.19,100.0
2026-06-01T13:55:00-04:00,288.56,288.56,288.56,288.56,131.0
2026-06-01T14:10:00-04:00,288.37,288.37,288.37,288.37,150.0
2026-06-01T14:15:00-04:00,288.355,288.355,288.355,288.355,103.0
2026-06-01T14:20:00-04:00,288.415,288.415,288.415,288.415,100.0
2026-06-01T15:05:00-04:00,288.16,288.16,288.08,288.08,628.0
2026-06-01T15:35:00-04:00,287.76,287.76,287.67,287.67,425.0
2026-06-01T15:45:00-04:00,287.42,287.43,287.42,287.43,470.0
2026-06-01T15:50:00-04:00,286.995,286.995,286.77,286.77,500.0
2026-06-01T15:55:00-04:00,286.565,286.565,286.565,286.565,151.0
2026-06-01T16:00:00-04:00,286.77,286.77,286.77,286.77,100.0
2026-06-02T09:40:00-04:00,284.95,284.95,284.95,284.95,229.0
2026-06-02T09:45:00-04:00,285.84,285.84,285.72,285.82,800.0
2026-06-02T09:50:00-04:00,285.88,285.88,285.8,285.8,401.0
2026-06-02T10:00:00-04:00,285.79,285.79,285.6,285.6,300.0
2026-06-02T10:15:00-04:00,286.54,286.54,286.54,286.54,180.0
2026-06-02T10:20:00-04:00,286.8,286.8,286.8,286.8,100.0
2026-06-02T10:25:00-04:00,286.45,286.45,286.26,286.26,367.0
2026-06-02T10:30:00-04:00,286.14,286.14,286.14,286.14,320.0
2026-06-02T10:35:00-04:00,286.99,286.99,286.99,286.99,100.0
2026-06-02T11:05:00-04:00,288.66,288.66,288.66,288.66,100.0
2026-06-02T11:15:00-04:00,288.7,288.75,288.7,288.705,400.0
2026-06-02T11:20:00-04:00,288.805,288.805,288.805,288.805,100.0
2026-06-02T11:25:00-04:00,288.74,288.74,288.475,288.475,350.0
2026-06-02T12:05:00-04:00,288.335,288.335,288.335,288.335,100.0
2026-06-02T12:10:00-04:00,288.48,288.48,288.48,288.48,100.0
2026-06-02T13:05:00-04:00,288.43,288.43,288.43,288.43,200.0
2026-06-02T13:40:00-04:00,287.55,287.55,287.48,287.48,200.0
2026-06-02T14:35:00-04:00,287.43,287.43,287.36,287.36,270.0
2026-06-02T15:50:00-04:00,288.01,288.06,287.96,287.98,500.0
2026-06-02T15:55:00-04:00,287.86,288.02,287.86,288.02,239.0
2026-06-03T09:30:00-04:00,286.395,286.45,286.395,286.41,300.0
2026-06-03T09:35:00-04:00,286.0,286.0,286.0,286.0,100.0
2026-06-03T09:40:00-04:00,285.87,285.87,284.64,284.64,370.0
2026-06-03T09:45:00-04:00,284.63,284.63,282.91,283.15,6367.0
2026-06-03T09:50:00-04:00,283.04,284.1,283.04,283.99,3158.0
2026-06-03T09:55:00-04:00,284.16,284.16,283.94,283.94,470.0
2026-06-03T10:10:00-04:00,284.77,284.94,284.77,284.94,200.0
2026-06-03T10:15:00-04:00,284.93,285.0,284.42,284.42,351.0
2026-06-03T10:20:00-04:00,284.01,284.42,284.01,284.42,215.0
2026-06-03T10:25:00-04:00,284.37,284.37,284.37,284.37,100.0
2026-06-03T10:35:00-04:00,284.95,284.95,284.95,284.95,150.0
2026-06-03T10:40:00-04:00,284.87,284.87,284.56,284.56,300.0
2026-06-03T10:45:00-04:00,284.17,284.17,284.17,284.17,115.0
2026-06-03T10:55:00-04:00,284.28,284.28,284.28,284.28,100.0
2026-06-03T11:00:00-04:00,284.23,284.47,284.23,284.47,232.0
2026-06-03T11:10:00-04:00,284.07,284.07,284.07,284.07,100.0
2026-06-03T11:15:00-04:00,284.12,284.12,284.12,284.12,100.0
2026-06-03T11:20:00-04:00,283.7,283.7,283.7,283.7,100.0
2026-06-03T11:25:00-04:00,283.62,283.99,283.57,283.99,633.0
2026-06-03T11:35:00-04:00,283.23,283.23,283.23,283.23,151.0
2026-06-03T11:40:00-04:00,283.2,283.2,283.12,283.12,360.0
2026-06-03T11:45:00-04:00,282.97,282.98,282.97,282.98,524.0
2026-06-03T11:50:00-04:00,283.44,283.44,283.44,283.44,101.0
2026-06-03T12:15:00-04:00,282.65,282.71,282.65,282.71,200.0
2026-06-03T12:20:00-04:00,282.57,282.57,282.57,282.57,200.0
2026-06-03T12:25:00-04:00,281.79,282.09,281.79,282.09,1007.0
2026-06-03T12:30:00-04:00,282.25,282.34,282.25,282.34,520.0
2026-06-03T12:35:00-04:00,282.1,282.1,282.1,282.1,106.0
2026-06-03T12:40:00-04:00,281.775,281.775,281.5,281.5,475.0
2026-06-03T12:45:00-04:00,282.04,282.04,282.04,282.04,100.0
2026-06-03T12:50:00-04:00,282.41,282.41,282.26,282.3,825.0
2026-06-03T12:55:00-04:00,282.49,283.0,282.49,283.0,729.0
2026-06-03T13:05:00-04:00,282.87,282.9,282.84,282.9,421.0
2026-06-03T13:10:00-04:00,282.23,282.23,282.02,282.02,218.0
2026-06-03T13:30:00-04:00,282.64,282.64,282.64,282.64,200.0
2026-06-03T13:45:00-04:00,283.0,283.0,283.0,283.0,310.0
2026-06-03T13:50:00-04:00,283.33,283.41,283.33,283.41,400.0
2026-06-03T13:55:00-04:00,283.5,283.5,283.5,283.5,100.0
2026-06-03T14:00:00-04:00,283.37,283.5,283.37,283.5,200.0
2026-06-03T14:05:00-04:00,283.36,283.36,283.36,283.36,100.0
2026-06-03T14:20:00-04:00,283.16,283.305,283.04,283.305,803.0
2026-06-03T14:25:00-04:00,283.605,283.92,283.605,283.905,1434.0
2026-06-03T14:30:00-04:00,283.765,283.765,283.765,283.765,100.0
2026-06-03T14:40:00-04:00,283.63,283.66,283.63,283.66,203.0
2026-06-03T15:00:00-04:00,282.91,282.91,282.91,282.91,100.0
2026-06-03T15:15:00-04:00,282.86,282.86,282.86,282.86,100.0
2026-06-03T15:20:00-04:00,282.84,282.84,282.84,282.84,100.0
2026-06-03T15:25:00-04:00,282.62,282.62,282.62,282.62,200.0
2026-06-03T15:45:00-04:00,283.065,283.075,283.05,283.07,1071.0
2026-06-03T15:50:00-04:00,282.55,282.63,282.55,282.63,400.0
2026-06-03T15:55:00-04:00,282.37,282.62,281.98,281.98,3553.0
2026-06-04T08:45:00-04:00,279.72,279.72,279.72,279.72,100.0
2026-06-04T09:30:00-04:00,279.2,279.96,278.81,279.96,998.0
2026-06-04T09:40:00-04:00,279.74,279.74,279.615,279.66,670.0
2026-06-04T09:45:00-04:00,279.2,279.2,279.2,279.2,100.0
2026-06-04T09:50:00-04:00,280.39,280.39,280.39,280.39,100.0
2026-06-04T09:55:00-04:00,280.38,281.17,280.17,280.67,768.0
2026-06-04T10:00:00-04:00,280.16,280.33,280.16,280.33,352.0
2026-06-04T10:05:00-04:00,279.94,280.19,279.685,280.19,1017.0
2026-06-04T10:10:00-04:00,280.6,280.6,280.6,280.6,100.0
2026-06-04T10:15:00-04:00,280.91,280.91,280.91,280.91,108.0
2026-06-04T10:20:00-04:00,280.66,280.69,280.66,280.69,200.0
2026-06-04T10:25:00-04:00,281.77,281.77,281.77,281.77,100.0
2026-06-04T10:30:00-04:00,281.38,281.38,281.38,281.38,104.0
2026-06-04T10:40:00-04:00,281.76,281.77,281.76,281.77,300.0
2026-06-04T10:55:00-04:00,281.65,281.65,281.65,281.65,100.0
2026-06-04T11:30:00-04:00,283.3,283.3,283.3,283.3,100.0
2026-06-04T12:05:00-04:00,283.225,283.67,283.225,283.59,402.0
2026-06-04T12:15:00-04:00,284.42,284.42,284.42,284.42,200.0
2026-06-04T12:30:00-04:00,284.06,284.06,284.06,284.06,100.0
2026-06-04T12:50:00-04:00,284.82,284.82,284.82,284.82,100.0
2026-06-04T13:25:00-04:00,285.13,285.13,285.13,285.13,100.0
2026-06-04T13:30:00-04:00,285.16,285.25,285.16,285.25,200.0
2026-06-04T13:35:00-04:00,285.24,285.24,285.24,285.24,100.0
2026-06-04T14:00:00-04:00,285.75,285.79,285.75,285.79,200.0
2026-06-04T14:20:00-04:00,285.94,285.94,285.94,285.94,100.0
2026-06-04T14:50:00-04:00,285.97,285.97,285.97,285.97,150.0
2026-06-04T15:05:00-04:00,286.12,286.12,286.12,286.12,100.0
2026-06-04T15:15:00-04:00,285.71,285.71,285.71,285.71,100.0
2026-06-04T15:35:00-04:00,286.33,286.33,286.33,286.33,100.0
2026-06-04T15:50:00-04:00,285.61,285.61,285.61,285.61,100.0
2026-06-04T15:55:00-04:00,285.55,285.55,285.07,285.07,929.0
2026-06-04T16:00:00-04:00,284.91,284.91,284.91,284.91,100.0
2026-06-04T16:20:00-04:00,284.01,284.01,284.01,284.01,100.0
2026-06-04T16:35:00-04:00,284.04,284.04,284.04,284.04,100.0
2026-06-04T16:50:00-04:00,283.81,283.81,283.81,283.81,100.0
2026-06-05T09:30:00-04:00,279.26,279.87,278.78,279.8,792.0
2026-06-05T09:35:00-04:00,279.61,279.61,278.47,278.47,225.0
2026-06-05T09:40:00-04:00,278.43,278.43,277.34,277.37,2291.0
2026-06-05T09:45:00-04:00,276.86,277.2,276.56,276.56,3874.0
2026-06-05T09:50:00-04:00,276.35,276.91,276.3,276.91,4121.0
2026-06-05T09:55:00-04:00,276.71,276.71,275.45,275.45,1590.0
2026-06-05T10:00:00-04:00,275.02,276.3,275.02,276.1,875.0
2026-06-05T10:05:00-04:00,276.07,276.43,275.87,276.43,302.0
2026-06-05T10:10:00-04:00,276.39,276.39,276.3,276.3,300.0
2026-06-05T10:20:00-04:00,276.9,276.9,276.9,276.9,137.0
2026-06-05T10:25:00-04:00,275.73,275.74,275.73,275.74,342.0
2026-06-05T10:30:00-04:00,276.13,276.13,276.13,276.13,100.0
2026-06-05T10:35:00-04:00,277.47,277.47,277.445,277.445,282.0
2026-06-05T10:40:00-04:00,276.13,276.25,276.13,276.25,319.0
2026-06-05T10:45:00-04:00,276.01,276.01,276.01,276.01,110.0
2026-06-05T10:50:00-04:00,276.19,276.19,276.19,276.19,113.0
2026-06-05T11:00:00-04:00,276.99,276.99,276.99,276.99,100.0
2026-06-05T11:05:00-04:00,275.77,275.77,275.77,275.77,104.0
2026-06-05T11:10:00-04:00,275.38,275.38,275.25,275.25,323.0
2026-06-05T11:15:00-04:00,275.16,275.16,275.15,275.16,534.0
2026-06-05T11:20:00-04:00,274.65,274.91,274.58,274.58,710.0
2026-06-05T11:35:00-04:00,274.21,274.21,273.3,273.31,814.0
2026-06-05T11:40:00-04:00,272.85,272.87,272.85,272.87,221.0
2026-06-05T11:45:00-04:00,273.4,273.4,273.4,273.4,100.0
2026-06-05T11:50:00-04:00,273.01,273.01,273.01,273.01,100.0
2026-06-05T12:00:00-04:00,272.63,272.63,272.59,272.59,258.0
2026-06-05T12:05:00-04:00,272.16,272.185,271.99,272.0,2521.0
2026-06-05T12:15:00-04:00,270.95,270.96,270.89,270.96,416.0
2026-06-05T12:25:00-04:00,271.4,271.4,271.01,271.01,200.0
2026-06-05T12:30:00-04:00,270.53,270.53,270.01,270.01,1020.0
2026-06-05T12:35:00-04:00,270.31,270.545,269.91,270.545,300.0
2026-06-05T12:40:00-04:00,270.01,270.01,269.47,269.51,635.0
2026-06-05T12:45:00-04:00,269.01,269.1,268.59,268.59,847.0
2026-06-05T12:50:00-04:00,269.46,270.11,269.46,270.11,486.0
2026-06-05T13:05:00-04:00,269.53,269.53,269.53,269.53,185.0
2026-06-05T13:10:00-04:00,268.98,269.36,268.98,269.36,601.0
2026-06-05T13:15:00-04:00,268.82,268.82,268.76,268.76,460.0
2026-06-05T13:20:00-04:00,269.2,270.14,269.2,270.14,236.0
2026-06-05T13:30:00-04:00,270.19,270.25,270.19,270.25,467.0
2026-06-05T13:35:00-04:00,270.615,271.06,270.615,271.06,1238.0
2026-06-05T13:40:00-04:00,271.23,271.23,270.41,270.41,274.0
2026-06-05T13:50:00-04:00,270.15,270.15,270.15,270.15,100.0
2026-06-05T13:55:00-04:00,270.375,270.375,270.375,270.375,100.0
2026-06-05T14:00:00-04:00,269.925,269.925,269.925,269.925,200.0
2026-06-05T14:05:00-04:00,269.51,269.51,269.135,269.22,458.0
2026-06-05T14:10:00-04:00,268.68,268.68,268.68,268.68,246.0
2026-06-05T14:15:00-04:00,267.79,267.79,267.35,267.35,952.0
2026-06-05T14:20:00-04:00,267.33,267.65,267.33,267.51,843.0
2026-06-05T14:25:00-04:00,266.84,266.84,266.27,266.63,1279.0
2026-06-05T14:35:00-04:00,266.01,266.01,265.78,265.81,1177.0
2026-06-05T14:40:00-04:00,265.93,265.98,265.55,265.73,1150.0
2026-06-05T14:45:00-04:00,264.875,265.0,263.97,265.0,3899.0
2026-06-05T14:50:00-04:00,264.26,264.26,264.03,264.03,352.0
2026-06-05T14:55:00-04:00,264.27,265.51,264.27,264.59,1712.0
2026-06-05T15:00:00-04:00,263.77,263.77,263.77,263.77,100.0
2026-06-05T15:05:00-04:00,263.45,263.45,263.45,263.45,150.0
2026-06-05T15:15:00-04:00,260.98,260.98,260.98,260.98,201.0
2026-06-05T15:20:00-04:00,261.73,261.73,261.73,261.73,114.0
2026-06-05T15:25:00-04:00,262.5,262.5,262.49,262.49,200.0
2026-06-05T15:30:00-04:00,263.115,263.115,262.58,262.58,235.0
2026-06-05T15:35:00-04:00,263.41,263.41,263.41,263.41,142.0
2026-06-05T15:40:00-04:00,263.88,263.88,262.27,262.27,1053.0
2026-06-05T15:45:00-04:00,263.43,264.26,263.43,264.25,490.0
2026-06-05T15:50:00-04:00,265.195,265.195,264.73,264.73,375.0
2026-06-05T15:55:00-04:00,263.84,264.11,262.51,262.72,2765.0
2026-06-08T09:30:00-04:00,268.78,269.62,267.59,267.59,3419.0
2026-06-08T09:35:00-04:00,267.72,267.84,267.515,267.66,1716.0
2026-06-08T09:40:00-04:00,266.95,268.28,266.875,268.28,2121.0
2026-06-08T09:45:00-04:00,268.15,269.0,267.73,267.85,2487.0
2026-06-08T09:50:00-04:00,267.59,269.05,267.59,268.82,1100.0
2026-06-08T09:55:00-04:00,268.64,268.73,266.39,266.92,2439.0
2026-06-08T10:00:00-04:00,266.215,267.67,266.215,266.71,2835.0
2026-06-08T10:05:00-04:00,266.49,267.65,266.49,267.62,500.0
2026-06-08T10:10:00-04:00,267.64,267.64,267.05,267.05,500.0
2026-06-08T10:15:00-04:00,266.63,267.05,266.38,266.655,1388.0
2026-06-08T10:20:00-04:00,266.81,267.32,266.81,267.32,500.0
2026-06-08T10:25:00-04:00,267.46,268.2,267.46,267.935,1420.0
2026-06-08T10:30:00-04:00,268.05,268.2,268.05,268.2,200.0
2026-06-08T10:35:00-04:00,269.06,269.06,268.3,268.55,1230.0
2026-06-08T10:40:00-04:00,268.92,268.92,267.45,267.92,800.0
2026-06-08T10:45:00-04:00,269.45,269.67,269.45,269.67,654.0
2026-06-08T10:50:00-04:00,269.685,269.685,269.685,269.685,100.0
2026-06-08T10:55:00-04:00,269.925,269.925,269.925,269.925,100.0
2026-06-08T11:00:00-04:00,270.57,270.9,270.57,270.9,273.0
2026-06-08T11:10:00-04:00,270.79,270.79,270.79,270.79,120.0
2026-06-08T11:15:00-04:00,270.715,270.78,270.46,270.46,2261.0
2026-06-08T11:20:00-04:00,270.44,270.7,269.86,269.86,1079.0
2026-06-08T11:30:00-04:00,268.5,268.5,267.66,267.66,1169.0
2026-06-08T11:40:00-04:00,269.04,269.04,269.04,269.04,100.0
2026-06-08T11:45:00-04:00,269.83,269.83,269.83,269.83,100.0
2026-06-08T11:50:00-04:00,269.5,269.5,269.45,269.45,200.0
2026-06-08T11:55:00-04:00,268.35,268.35,268.35,268.35,100.0
2026-06-08T12:05:00-04:00,268.3,268.33,268.3,268.33,200.0
2026-06-08T12:15:00-04:00,269.02,269.02,268.91,268.91,600.0
2026-06-08T12:20:00-04:00,269.36,269.36,268.415,268.65,752.0
2026-06-08T12:25:00-04:00,268.71,268.71,268.71,268.71,100.0
2026-06-08T12:30:00-04:00,267.86,267.86,267.765,267.765,300.0
2026-06-08T12:35:00-04:00,267.84,267.84,267.01,267.01,947.0
2026-06-08T12:45:00-04:00,267.72,267.72,267.72,267.72,100.0
2026-06-08T12:50:00-04:00,267.7,267.94,267.7,267.94,200.0
2026-06-08T12:55:00-04:00,267.535,267.535,267.535,267.535,100.0
2026-06-08T13:00:00-04:00,266.43,266.43,266.25,266.25,335.0
2026-06-08T13:05:00-04:00,266.88,266.88,266.88,266.88,100.0
2026-06-08T13:10:00-04:00,265.83,266.32,265.73,266.32,504.0
2026-06-08T13:15:00-04:00,265.49,265.69,265.49,265.69,206.0
2026-06-08T13:25:00-04:00,265.95,266.01,265.95,266.01,308.0
2026-06-08T13:30:00-04:00,267.38,267.38,266.85,266.85,800.0
2026-06-08T13:35:00-04:00,266.48,266.48,266.22,266.22,221.0
2026-06-08T13:45:00-04:00,265.8,266.6,265.8,266.6,840.0
2026-06-08T13:55:00-04:00,266.48,266.48,266.48,266.48,100.0
2026-06-08T14:00:00-04:00,266.76,267.06,266.75,267.06,400.0
2026-06-08T14:10:00-04:00,267.49,267.49,266.78,266.78,507.0
2026-06-08T14:20:00-04:00,267.3,267.3,267.3,267.3,100.0
2026-06-08T14:30:00-04:00,267.88,267.88,267.78,267.78,200.0
2026-06-08T14:35:00-04:00,266.91,266.91,266.77,266.77,200.0
2026-06-08T14:40:00-04:00,266.3,266.3,266.3,266.3,200.0
2026-06-08T14:45:00-04:00,266.57,266.57,266.57,266.57,100.0
2026-06-08T14:55:00-04:00,266.665,266.86,266.665,266.86,300.0
2026-06-08T15:00:00-04:00,266.14,266.49,265.96,266.49,997.0
2026-06-08T15:05:00-04:00,266.28,266.28,266.28,266.28,200.0
2026-06-08T15:15:00-04:00,264.46,264.46,264.4,264.4,300.0
2026-06-08T15:25:00-04:00,263.73,264.41,263.73,264.41,205.0
2026-06-08T15:30:00-04:00,264.83,265.33,264.83,265.21,545.0
2026-06-08T15:35:00-04:00,265.13,265.13,265.13,265.13,100.0
2026-06-08T15:40:00-04:00,264.4,264.4,264.4,264.4,100.0
2026-06-08T15:50:00-04:00,264.72,265.17,264.72,264.95,1400.0
2026-06-08T15:55:00-04:00,264.47,264.73,264.47,264.67,501.0
2026-06-09T09:30:00-04:00,269.04,269.365,268.98,269.36,600.0
2026-06-09T09:35:00-04:00,270.12,270.27,270.12,270.27,561.0
2026-06-09T09:40:00-04:00,270.89,270.89,270.89,270.89,100.0
2026-06-09T09:45:00-04:00,271.41,272.43,271.41,272.43,200.0
2026-06-09T09:50:00-04:00,272.43,272.43,270.84,270.84,200.0
2026-06-09T09:55:00-04:00,270.72,270.72,269.915,269.915,339.0
2026-06-09T10:00:00-04:00,270.17,270.22,270.17,270.22,300.0
2026-06-09T10:05:00-04:00,269.61,269.96,269.61,269.73,391.0
2026-06-09T10:10:00-04:00,268.34,268.34,268.34,268.34,212.0
2026-06-09T10:15:00-04:00,266.66,266.66,265.19,265.19,224.0
2026-06-09T10:20:00-04:00,264.87,265.97,264.87,265.97,480.0
2026-06-09T10:25:00-04:00,267.15,267.15,266.59,266.59,300.0
2026-06-09T10:30:00-04:00,266.37,266.9,265.68,266.9,600.0
2026-06-09T10:35:00-04:00,266.05,266.1,266.01,266.01,551.0
2026-06-09T10:40:00-04:00,264.54,264.54,263.71,263.78,1402.0
2026-06-09T10:45:00-04:00,263.94,263.94,259.99,259.99,1863.0
2026-06-09T10:50:00-04:00,259.68,261.31,259.68,261.31,784.0
2026-06-09T10:55:00-04:00,262.36,262.36,262.36,262.36,181.0
2026-06-09T11:05:00-04:00,261.9,261.9,261.9,261.9,160.0
2026-06-09T11:10:00-04:00,262.02,262.8,262.02,262.8,564.0
2026-06-09T11:15:00-04:00,261.38,261.38,261.38,261.38,107.0
2026-06-09T11:20:00-04:00,260.34,260.34,259.36,259.41,403.0
2026-06-09T11:25:00-04:00,257.66,257.66,255.41,255.42,2100.0
2026-06-09T11:30:00-04:00,255.74,256.09,255.0,255.6,6446.0
2026-06-09T11:35:00-04:00,255.91,256.28,255.73,256.17,1006.0
2026-06-09T11:40:00-04:00,255.96,255.96,255.96,255.96,115.0
2026-06-09T11:45:00-04:00,256.36,256.36,256.36,256.36,299.0
2026-06-09T11:50:00-04:00,255.92,256.89,255.9,256.4,844.0
2026-06-09T11:55:00-04:00,255.27,255.59,253.6,253.73,1359.0
2026-06-09T12:00:00-04:00,254.09,254.54,253.7,254.54,926.0
2026-06-09T12:05:00-04:00,253.69,254.02,252.33,252.77,2165.0
2026-06-09T12:10:00-04:00,252.24,253.57,252.24,252.63,931.0
2026-06-09T12:15:00-04:00,251.94,251.94,249.95,249.95,1863.0
2026-06-09T12:20:00-04:00,250.1,251.65,249.61,251.65,882.0
2026-06-09T12:25:00-04:00,252.05,252.32,252.05,252.12,580.0
2026-06-09T12:30:00-04:00,251.465,252.76,251.465,251.92,1373.0
2026-06-09T12:35:00-04:00,252.45,252.45,247.0,247.0,3299.0
2026-06-09T12:40:00-04:00,247.485,248.39,247.42,248.35,720.0
2026-06-09T12:45:00-04:00,248.89,248.89,248.35,248.42,700.0
2026-06-09T12:50:00-04:00,249.04,249.04,247.915,247.915,906.0
2026-06-09T12:55:00-04:00,248.55,248.55,248.55,248.55,100.0
2026-06-09T13:00:00-04:00,252.22,252.44,252.19,252.44,475.0
2026-06-09T13:10:00-04:00,252.17,252.98,251.55,252.98,580.0
2026-06-09T13:15:00-04:00,254.21,254.21,254.21,254.21,200.0
2026-06-09T13:20:00-04:00,254.46,255.69,254.11,254.11,420.0
2026-06-09T13:25:00-04:00,255.17,255.33,255.17,255.33,420.0
2026-06-09T13:30:00-04:00,255.205,255.205,254.76,255.01,300.0
2026-06-09T13:40:00-04:00,257.11,257.92,257.105,257.79,400.0
2026-06-09T13:45:00-04:00,256.15,256.42,256.15,256.42,420.0
2026-06-09T14:00:00-04:00,257.76,257.76,257.76,257.76,330.0
2026-06-09T14:05:00-04:00,257.08,258.41,257.08,258.41,800.0
2026-06-09T14:10:00-04:00,257.84,257.89,257.59,257.89,500.0
2026-06-09T14:15:00-04:00,257.48,259.08,257.48,259.08,315.0
2026-06-09T14:25:00-04:00,259.72,259.72,259.72,259.72,100.0
2026-06-09T14:40:00-04:00,259.73,259.73,259.73,259.73,200.0
2026-06-09T14:50:00-04:00,260.86,260.86,260.86,260.86,170.0
2026-06-09T15:00:00-04:00,262.31,262.31,262.31,262.31,121.0
2026-06-09T15:05:00-04:00,262.56,262.56,262.56,262.56,100.0
2026-06-09T15:10:00-04:00,260.88,260.88,260.88,260.88,100.0
2026-06-09T15:15:00-04:00,259.32,259.32,258.96,258.96,440.0
2026-06-09T15:20:00-04:00,258.03,258.36,258.03,258.05,400.0
2026-06-09T15:40:00-04:00,258.37,258.37,258.37,258.37,100.0
2026-06-09T15:50:00-04:00,258.98,260.71,258.98,260.68,2579.0
2026-06-09T15:55:00-04:00,261.24,262.24,261.24,261.87,1541.0
2026-06-10T08:35:00-04:00,258.83,258.83,258.83,258.83,115.0
2026-06-10T08:55:00-04:00,258.43,258.43,258.43,258.43,218.0
2026-06-10T09:30:00-04:00,257.79,258.29,257.79,258.255,450.0
2026-06-10T09:35:00-04:00,257.92,259.96,257.92,259.53,1878.0
2026-06-10T09:40:00-04:00,258.89,260.84,258.89,260.7,1417.0
2026-06-10T09:45:00-04:00,261.0,261.855,260.37,261.275,2258.0
2026-06-10T09:50:00-04:00,261.5,261.5,259.63,260.08,1434.0
2026-06-10T09:55:00-04:00,260.33,260.46,260.33,260.46,500.0
2026-06-10T10:00:00-04:00,260.725,261.97,259.88,261.97,900.0
2026-06-10T10:05:00-04:00,260.8,261.52,260.8,261.52,200.0
2026-06-10T10:10:00-04:00,261.63,262.38,261.63,262.38,447.0
2026-06-10T10:15:00-04:00,261.32,261.52,260.86,261.06,820.0
2026-06-10T10:20:00-04:00,261.41,262.75,261.41,262.75,250.0
2026-06-10T10:25:00-04:00,261.77,261.77,261.77,261.77,150.0
2026-06-10T10:30:00-04:00,260.71,260.71,260.71,260.71,101.0
2026-06-10T10:35:00-04:00,261.09,261.09,261.09,261.09,100.0
2026-06-10T10:40:00-04:00,261.86,261.91,260.56,260.56,613.0
2026-06-10T10:45:00-04:00,260.01,260.07,260.01,260.07,320.0
2026-06-10T10:50:00-04:00,259.86,260.37,259.29,259.29,1000.0
2026-06-10T10:55:00-04:00,258.55,258.55,256.98,256.98,1323.0
2026-06-10T11:00:00-04:00,257.43,258.725,257.43,257.83,1122.0
2026-06-10T11:05:00-04:00,256.92,256.92,256.6,256.73,730.0
2026-06-10T11:10:00-04:00,255.77,256.29,255.26,255.47,1145.0
2026-06-10T11:15:00-04:00,254.94,254.94,254.04,254.04,646.0
2026-06-10T11:20:00-04:00,254.76,255.61,254.76,255.61,441.0
2026-06-10T11:25:00-04:00,256.64,256.64,256.64,256.64,100.0
2026-06-10T11:30:00-04:00,256.68,256.68,255.54,255.89,570.0
2026-06-10T11:35:00-04:00,255.645,255.645,254.73,254.99,939.0
2026-06-10T11:40:00-04:00,255.59,256.4,255.59,256.4,600.0
2026-06-10T11:45:00-04:00,256.88,257.075,253.825,253.85,2924.0
2026-06-10T11:50:00-04:00,254.275,255.78,252.91,255.78,1570.0
2026-06-10T11:55:00-04:00,254.59,256.29,254.59,256.29,350.0
2026-06-10T12:00:00-04:00,255.86,255.95,255.86,255.95,400.0
2026-06-10T12:05:00-04:00,255.77,256.23,255.33,255.33,500.0
2026-06-10T12:10:00-04:00,255.41,255.41,255.41,255.41,100.0
2026-06-10T12:15:00-04:00,254.78,255.03,254.78,255.03,400.0
2026-06-10T12:20:00-04:00,254.86,254.86,254.86,254.86,100.0
2026-06-10T12:35:00-04:00,256.44,256.84,256.44,256.84,244.0
2026-06-10T12:45:00-04:00,254.35,254.45,254.25,254.25,344.0
2026-06-10T12:50:00-04:00,254.28,254.67,254.28,254.67,250.0
2026-06-10T12:55:00-04:00,254.44,254.44,254.44,254.44,100.0
2026-06-10T13:05:00-04:00,254.66,254.87,254.66,254.87,2032.0
2026-06-10T13:10:00-04:00,253.22,253.56,253.22,253.56,520.0
2026-06-10T13:20:00-04:00,253.1,253.1,253.07,253.07,294.0
2026-06-10T13:25:00-04:00,254.02,254.09,254.02,254.085,620.0
2026-06-10T13:30:00-04:00,253.1,253.1,253.1,253.1,172.0
2026-06-10T13:35:00-04:00,252.99,252.99,252.99,252.99,100.0
2026-06-10T13:40:00-04:00,252.53,252.53,252.53,252.53,100.0
2026-06-10T13:45:00-04:00,253.84,254.91,253.84,254.91,403.0
2026-06-10T13:50:00-04:00,254.55,254.55,253.7,253.9,1428.0
2026-06-10T14:05:00-04:00,256.2,256.2,255.02,255.02,400.0
2026-06-10T14:15:00-04:00,254.09,254.09,253.99,253.99,244.0
2026-06-10T14:20:00-04:00,254.01,254.35,254.01,254.35,500.0
2026-06-10T14:30:00-04:00,253.7,253.7,253.7,253.7,200.0
2026-06-10T14:35:00-04:00,253.27,253.27,253.06,253.09,507.0
2026-06-10T14:40:00-04:00,253.03,253.03,253.03,253.03,100.0
2026-06-10T14:45:00-04:00,252.59,252.77,252.59,252.73,744.0
2026-06-10T14:50:00-04:00,251.96,252.35,251.35,252.26,1779.0
2026-06-10T14:55:00-04:00,251.75,251.75,251.75,251.75,100.0
2026-06-10T15:05:00-04:00,251.37,251.37,251.37,251.37,100.0
2026-06-10T15:10:00-04:00,251.72,251.72,251.0,251.0,300.0
2026-06-10T15:15:00-04:00,251.36,251.36,251.36,251.36,100.0
2026-06-10T15:20:00-04:00,250.64,250.64,250.35,250.35,200.0
2026-06-10T15:25:00-04:00,249.79,250.01,249.79,250.01,200.0
2026-06-10T15:30:00-04:00,251.02,251.02,251.02,251.02,266.0
2026-06-10T15:40:00-04:00,251.65,251.71,251.65,251.71,200.0
2026-06-10T15:45:00-04:00,251.63,251.63,250.86,250.86,242.0
2026-06-10T15:50:00-04:00,250.44,251.66,250.44,250.97,843.0
2026-06-10T15:55:00-04:00,251.31,251.31,249.58,249.58,1015.0
2026-06-11T08:25:00-04:00,252.91,252.91,252.91,252.91,300.0
2026-06-11T09:30:00-04:00,253.17,253.17,251.69,251.69,523.0
2026-06-11T09:35:00-04:00,250.95,250.95,250.95,250.95,100.0
2026-06-11T09:40:00-04:00,250.8,251.34,250.66,251.34,309.0
2026-06-11T09:45:00-04:00,251.48,251.535,251.48,251.535,250.0
2026-06-11T09:50:00-04:00,253.62,255.65,253.62,255.5,1052.0
2026-06-11T09:55:00-04:00,255.42,255.42,254.21,254.54,502.0
2026-06-11T10:00:00-04:00,254.01,255.11,254.01,254.99,400.0
2026-06-11T10:05:00-04:00,255.03,255.03,254.11,254.11,473.0
2026-06-11T10:10:00-04:00,252.53,253.035,252.53,252.61,420.0
2026-06-11T10:15:00-04:00,251.87,251.87,251.87,251.87,150.0
2026-06-11T10:20:00-04:00,252.06,253.67,251.84,253.67,420.0
2026-06-11T10:25:00-04:00,252.83,252.83,252.83,252.83,100.0
2026-06-11T10:30:00-04:00,251.975,251.975,251.975,251.975,100.0
2026-06-11T10:50:00-04:00,251.71,251.71,251.71,251.71,100.0
2026-06-11T10:55:00-04:00,250.37,250.37,249.25,249.25,735.0
2026-06-11T11:00:00-04:00,249.435,250.06,249.0,250.06,450.0
2026-06-11T11:05:00-04:00,249.69,249.755,249.69,249.755,250.0
2026-06-11T11:10:00-04:00,251.24,251.24,251.24,251.24,100.0
2026-06-11T11:25:00-04:00,252.16,252.16,252.16,252.16,100.0
2026-06-11T11:30:00-04:00,251.78,251.78,251.29,251.29,309.0
2026-06-11T11:35:00-04:00,252.45,252.55,252.45,252.55,274.0
2026-06-11T11:40:00-04:00,252.96,252.96,252.26,252.26,254.0
2026-06-11T11:45:00-04:00,251.7,251.95,251.7,251.93,520.0
2026-06-11T11:50:00-04:00,251.135,251.35,251.135,251.35,470.0
2026-06-11T11:55:00-04:00,251.41,252.32,251.3,252.31,1242.0
2026-06-11T12:00:00-04:00,252.05,252.05,252.05,252.05,100.0
2026-06-11T12:05:00-04:00,252.99,253.25,252.99,253.25,744.0
2026-06-11T12:10:00-04:00,253.54,254.07,253.54,254.07,282.0
2026-06-11T12:15:00-04:00,254.14,254.26,253.935,253.935,413.0
2026-06-11T12:20:00-04:00,253.01,253.465,253.0,253.465,1587.0
2026-06-11T12:25:00-04:00,252.2,252.46,252.16,252.16,710.0
2026-06-11T12:30:00-04:00,252.05,253.71,251.62,253.5,1880.0
2026-06-11T12:35:00-04:00,253.76,253.89,253.63,253.64,1058.0
2026-06-11T12:40:00-04:00,252.79,252.79,252.79,252.79,167.0
2026-06-11T12:45:00-04:00,252.8,252.8,252.8,252.8,170.0
2026-06-11T13:00:00-04:00,251.37,251.37,251.37,251.37,100.0
2026-06-11T13:05:00-04:00,250.78,250.78,250.78,250.78,213.0
2026-06-11T13:10:00-04:00,250.63,250.66,250.42,250.66,520.0
2026-06-11T13:15:00-04:00,250.58,250.58,249.84,249.84,420.0
2026-06-11T13:20:00-04:00,250.06,250.11,250.06,250.11,1640.0
2026-06-11T13:25:00-04:00,250.44,255.21,250.44,255.21,6917.0
2026-06-11T13:30:00-04:00,257.02,258.46,257.02,258.07,1153.0
2026-06-11T13:35:00-04:00,258.53,258.585,258.07,258.11,1262.0
2026-06-11T13:40:00-04:00,260.79,260.79,260.79,260.79,177.0
2026-06-11T13:45:00-04:00,259.89,259.89,259.15,259.15,410.0
2026-06-11T13:50:00-04:00,258.1,259.26,258.1,259.26,300.0
2026-06-11T13:55:00-04:00,258.72,259.07,258.21,259.07,666.0
2026-06-11T14:00:00-04:00,259.645,259.645,257.42,257.42,1070.0
2026-06-11T14:05:00-04:00,257.49,257.49,257.49,257.49,100.0
2026-06-11T14:10:00-04:00,257.81,258.63,257.81,258.63,504.0
2026-06-11T14:15:00-04:00,259.17,259.35,259.17,259.35,220.0
2026-06-11T14:20:00-04:00,259.02,259.13,258.33,259.13,996.0
2026-06-11T14:25:00-04:00,258.73,258.73,258.73,258.73,120.0
2026-06-11T14:30:00-04:00,259.255,259.41,258.975,258.975,350.0
2026-06-11T14:45:00-04:00,260.2,260.29,260.2,260.29,358.0
2026-06-11T14:55:00-04:00,259.69,260.07,259.69,260.07,302.0
2026-06-11T15:00:00-04:00,260.77,260.83,260.565,260.83,478.0
2026-06-11T15:05:00-04:00,259.85,260.39,259.85,260.39,350.0
2026-06-11T15:10:00-04:00,260.58,261.51,260.58,261.41,1161.0
2026-06-11T15:15:00-04:00,261.905,261.905,261.355,261.355,350.0
2026-06-11T15:20:00-04:00,261.765,261.765,261.765,261.765,200.0
2026-06-11T15:25:00-04:00,262.15,262.15,262.15,262.15,294.0
2026-06-11T15:30:00-04:00,262.87,264.25,262.87,264.235,1097.0
2026-06-11T15:35:00-04:00,264.19,264.22,264.19,264.22,200.0
2026-06-11T15:40:00-04:00,264.07,264.23,263.88,263.88,1446.0
2026-06-11T15:45:00-04:00,263.66,263.66,262.97,262.97,620.0
2026-06-11T15:50:00-04:00,262.1,262.88,262.0,262.72,508.0
2026-06-11T15:55:00-04:00,262.405,262.82,262.14,262.2,928.0
2026-06-12T09:30:00-04:00,264.98,264.98,262.85,262.85,1380.0
2026-06-12T09:35:00-04:00,262.76,263.36,262.76,263.36,624.0
2026-06-12T09:40:00-04:00,263.34,263.34,260.35,260.71,2931.0
2026-06-12T09:45:00-04:00,260.25,260.25,259.57,259.855,306.0
2026-06-12T09:50:00-04:00,259.74,260.65,259.74,260.46,1293.0
2026-06-12T09:55:00-04:00,261.49,261.49,261.37,261.37,400.0
2026-06-12T10:00:00-04:00,261.15,263.3,261.15,263.17,545.0
2026-06-12T10:05:00-04:00,264.33,264.545,264.29,264.545,594.0
2026-06-12T10:10:00-04:00,264.83,264.83,263.58,263.88,626.0
2026-06-12T10:15:00-04:00,265.15,265.15,265.07,265.07,293.0
2026-06-12T10:20:00-04:00,265.06,265.06,263.79,263.79,541.0
2026-06-12T10:25:00-04:00,264.25,264.25,264.155,264.155,220.0
2026-06-12T10:30:00-04:00,263.97,264.815,263.97,264.815,400.0
2026-06-12T10:35:00-04:00,264.62,265.56,264.515,265.56,954.0
2026-06-12T10:40:00-04:00,264.69,264.69,263.27,263.27,811.0
2026-06-12T10:50:00-04:00,262.89,265.84,262.89,265.45,3361.0
2026-06-12T10:55:00-04:00,266.63,266.98,265.69,266.91,1488.0
2026-06-12T11:00:00-04:00,267.42,267.42,266.38,266.38,1000.0
2026-06-12T11:05:00-04:00,266.8,266.8,266.68,266.68,473.0
2026-06-12T11:20:00-04:00,268.1,268.16,268.1,268.16,793.0
2026-06-12T11:25:00-04:00,268.68,268.68,268.68,268.68,100.0
2026-06-12T11:30:00-04:00,267.91,267.91,267.63,267.63,600.0
2026-06-12T11:35:00-04:00,268.39,268.39,266.17,266.47,1052.0
2026-06-12T11:40:00-04:00,266.6,266.6,265.76,265.76,300.0
2026-06-12T11:45:00-04:00,265.61,265.61,264.26,264.26,900.0
2026-06-12T11:50:00-04:00,264.09,264.17,264.02,264.02,486.0
2026-06-12T11:55:00-04:00,264.48,264.48,264.48,264.48,121.0
2026-06-12T12:00:00-04:00,263.36,263.37,263.08,263.11,622.0
2026-06-12T12:05:00-04:00,263.265,264.1,263.265,264.1,500.0
2026-06-12T12:10:00-04:00,263.74,266.705,263.74,265.84,1826.0
2026-06-12T12:15:00-04:00,265.9,265.9,264.97,264.97,200.0
2026-06-12T12:25:00-04:00,265.52,265.52,265.41,265.41,200.0
2026-06-12T12:30:00-04:00,264.99,265.23,264.99,265.23,317.0
2026-06-12T12:35:00-04:00,264.9,264.91,264.9,264.91,465.0
2026-06-12T12:40:00-04:00,265.9,265.9,265.07,265.07,800.0
2026-06-12T12:45:00-04:00,265.89,265.9,265.89,265.9,210.0
2026-06-12T12:55:00-04:00,265.12,266.16,264.81,266.125,520.0
2026-06-12T13:00:00-04:00,266.52,266.53,266.08,266.08,1374.0
2026-06-12T13:05:00-04:00,266.74,267.16,266.74,266.88,993.0
2026-06-12T13:10:00-04:00,266.83,266.83,266.08,266.5,559.0
2026-06-12T13:20:00-04:00,267.11,267.11,267.11,267.11,100.0
2026-06-12T13:35:00-04:00,266.35,266.35,266.35,266.35,100.0
2026-06-12T14:05:00-04:00,265.49,265.49,265.32,265.32,300.0
2026-06-12T14:10:00-04:00,266.47,266.47,266.47,266.47,108.0
2026-06-12T14:15:00-04:00,265.39,265.39,265.39,265.39,100.0
2026-06-12T14:40:00-04:00,266.69,266.8,266.69,266.8,572.0
2026-06-12T14:45:00-04:00,266.56,266.56,266.56,266.56,100.0
2026-06-12T14:55:00-04:00,266.42,266.42,266.31,266.31,416.0
2026-06-12T15:00:00-04:00,265.77,266.52,265.75,266.52,300.0
2026-06-12T15:05:00-04:00,266.52,266.52,266.32,266.47,327.0
2026-06-12T15:15:00-04:00,265.67,265.68,265.67,265.68,220.0
2026-06-12T15:35:00-04:00,265.48,265.48,265.38,265.38,374.0
2026-06-12T15:45:00-04:00,265.07,265.08,265.07,265.08,452.0
2026-06-12T15:50:00-04:00,265.68,265.68,265.57,265.62,345.0
2026-06-12T15:55:00-04:00,266.51,266.51,266.06,266.06,2490.0
2026-06-12T16:00:00-04:00,266.22,266.22,266.22,266.22,100.0
2026-06-15T09:30:00-04:00,277.23,278.435,277.2,278.305,3299.0
2026-06-15T09:35:00-04:00,278.84,278.85,278.735,278.735,640.0
2026-06-15T09:40:00-04:00,278.22,278.22,278.0,278.0,308.0
2026-06-15T09:45:00-04:00,278.54,279.15,278.54,279.15,1000.0
2026-06-15T09:50:00-04:00,279.525,279.59,279.38,279.38,358.0
2026-06-15T09:55:00-04:00,279.03,279.03,279.03,279.03,190.0
2026-06-15T10:00:00-04:00,278.74,278.74,278.69,278.69,793.0
2026-06-15T10:05:00-04:00,278.4,278.4,278.4,278.4,100.0
2026-06-15T10:10:00-04:00,278.6,278.685,278.36,278.36,1259.0
2026-06-15T10:15:00-04:00,278.66,278.74,278.42,278.74,1090.0
2026-06-15T10:20:00-04:00,278.405,278.425,278.405,278.425,520.0
2026-06-15T10:25:00-04:00,278.98,279.11,278.98,279.04,626.0
2026-06-15T10:30:00-04:00,278.995,279.09,278.58,279.06,1062.0
2026-06-15T10:45:00-04:00,278.98,278.98,278.98,278.98,220.0
2026-06-15T11:00:00-04:00,279.9,280.23,279.895,280.23,870.0
2026-06-15T11:05:00-04:00,279.99,280.27,279.945,280.27,640.0
2026-06-15T11:10:00-04:00,279.96,280.06,279.96,280.06,260.0
2026-06-15T11:20:00-04:00,280.36,280.485,280.36,280.485,200.0
2026-06-15T11:25:00-04:00,280.45,280.68,280.45,280.68,300.0
2026-06-15T11:30:00-04:00,280.6,280.905,280.33,280.905,1807.0
2026-06-15T11:45:00-04:00,281.34,281.7,281.34,281.7,500.0
2026-06-15T11:55:00-04:00,281.65,281.65,281.54,281.54,600.0
2026-06-15T12:00:00-04:00,281.865,282.13,281.84,281.95,1422.0
2026-06-15T12:20:00-04:00,282.05,282.05,282.05,282.05,100.0
2026-06-15T12:25:00-04:00,282.14,282.14,282.14,282.14,134.0
2026-06-15T12:35:00-04:00,281.835,281.835,281.61,281.62,674.0
2026-06-15T12:45:00-04:00,281.25,281.3,281.25,281.265,12542.0
2026-06-15T12:50:00-04:00,281.37,281.575,281.295,281.305,21467.0
2026-06-15T12:55:00-04:00,281.365,281.59,281.27,281.51,3244.0
2026-06-15T13:00:00-04:00,281.425,281.6,280.945,281.44,9579.0
2026-06-15T13:05:00-04:00,281.5,281.66,280.87,281.025,56218.0
2026-06-15T13:10:00-04:00,281.035,281.56,280.99,281.53,47613.0
2026-06-15T13:15:00-04:00,281.45,281.84,281.41,281.64,13419.0
2026-06-15T13:20:00-04:00,281.75,281.97,281.7,281.9,1485.0
2026-06-15T13:25:00-04:00,281.95,282.05,281.81,282.0,8098.0
2026-06-15T13:30:00-04:00,281.89,281.89,281.44,281.44,400.0
2026-06-15T13:35:00-04:00,281.71,281.715,281.71,281.715,242.0
2026-06-15T13:55:00-04:00,280.82,280.85,280.82,280.85,300.0
2026-06-15T14:00:00-04:00,280.445,280.445,280.39,280.39,430.0
2026-06-15T14:05:00-04:00,280.33,280.33,280.33,280.33,101.0
2026-06-15T14:15:00-04:00,280.815,280.825,280.81,280.825,600.0
2026-06-15T14:25:00-04:00,280.48,280.48,280.47,280.48,363.0
2026-06-15T14:30:00-04:00,280.25,280.25,280.25,280.25,116.0
2026-06-15T14:35:00-04:00,280.79,280.79,280.79,280.79,100.0
2026-06-15T15:00:00-04:00,280.48,280.48,280.48,280.48,100.0
2026-06-15T15:20:00-04:00,280.16,280.16,280.16,280.16,170.0
2026-06-15T15:30:00-04:00,279.95,279.95,279.95,279.95,100.0
2026-06-15T15:40:00-04:00,279.83,279.93,279.785,279.85,660.0
2026-06-15T15:45:00-04:00,280.43,280.43,280.43,280.43,353.0
2026-06-15T15:50:00-04:00,279.86,279.96,279.25,279.57,2094.0
2026-06-15T15:55:00-04:00,279.41,280.325,278.99,280.32,5151.0
2026-06-16T08:45:00-04:00,279.79,279.79,279.79,279.79,135.0
2026-06-16T09:30:00-04:00,280.04,280.33,279.8,280.33,421.0
2026-06-16T09:45:00-04:00,280.17,280.73,280.17,280.73,400.0
2026-06-16T10:00:00-04:00,279.83,279.83,279.83,279.83,300.0
2026-06-16T10:05:00-04:00,280.07,280.25,280.07,280.25,620.0
2026-06-16T10:15:00-04:00,279.39,279.39,279.39,279.39,109.0
2026-06-16T10:25:00-04:00,279.07,279.07,279.07,279.07,474.0
2026-06-16T10:30:00-04:00,277.99,277.99,277.66,277.83,824.0
2026-06-16T10:35:00-04:00,278.2,278.2,277.99,277.99,700.0
2026-06-16T10:45:00-04:00,278.39,278.39,278.39,278.39,150.0
2026-06-16T10:50:00-04:00,278.88,278.88,278.88,278.88,107.0
2026-06-16T10:55:00-04:00,277.805,277.805,277.805,277.805,143.0
2026-06-16T11:15:00-04:00,278.57,278.57,278.57,278.57,100.0
2026-06-16T11:20:00-04:00,278.19,278.26,277.93,277.93,400.0
2026-06-16T11:35:00-04:00,278.48,278.48,278.26,278.26,201.0
2026-06-16T11:40:00-04:00,278.06,278.06,277.74,277.74,390.0
2026-06-16T11:45:00-04:00,277.26,277.26,277.07,277.07,762.0
2026-06-16T11:50:00-04:00,278.1,278.1,278.1,278.1,100.0
2026-06-16T13:35:00-04:00,276.54,276.54,276.54,276.54,137.0
2026-06-16T13:40:00-04:00,277.14,277.14,277.14,277.14,200.0
2026-06-16T14:45:00-04:00,277.32,277.32,277.32,277.32,193.0
2026-06-16T15:10:00-04:00,276.08,276.08,276.08,276.08,120.0
2026-06-16T15:15:00-04:00,275.3,275.73,275.3,275.73,470.0
2026-06-16T15:30:00-04:00,276.29,276.29,276.27,276.27,200.0
2026-06-16T15:45:00-04:00,275.92,275.92,275.92,275.92,100.0
2026-06-16T15:50:00-04:00,275.96,275.96,275.44,275.44,1059.0
2026-06-16T15:55:00-04:00,275.18,275.18,275.18,275.18,325.0
2026-06-17T09:30:00-04:00,276.21,276.21,276.21,276.21,100.0
2026-06-17T09:40:00-04:00,275.05,275.145,275.05,275.145,700.0
2026-06-17T09:45:00-04:00,276.36,276.36,276.35,276.35,300.0
2026-06-17T09:50:00-04:00,276.0,276.0,276.0,276.0,100.0
2026-06-17T09:55:00-04:00,275.19,275.19,275.19,275.19,100.0
2026-06-17T10:00:00-04:00,274.64,274.92,274.64,274.92,220.0
2026-06-17T10:05:00-04:00,275.31,275.83,275.31,275.83,200.0
2026-06-17T10:10:00-04:00,275.45,276.07,275.45,276.07,300.0
2026-06-17T10:20:00-04:00,276.59,276.59,276.59,276.59,100.0
2026-06-17T10:30:00-04:00,276.21,276.21,276.21,276.21,110.0
2026-06-17T10:45:00-04:00,275.035,275.07,272.93,272.93,888.0
2026-06-17T10:50:00-04:00,274.38,274.82,274.38,274.82,200.0
2026-06-17T10:55:00-04:00,274.495,274.495,274.18,274.18,200.0
2026-06-17T11:00:00-04:00,273.81,273.81,273.81,273.81,100.0
2026-06-17T11:05:00-04:00,273.76,274.115,273.76,274.115,300.0
2026-06-17T11:25:00-04:00,274.55,274.55,274.55,274.55,100.0
2026-06-17T11:45:00-04:00,275.57,275.57,275.57,275.57,100.0
2026-06-17T12:30:00-04:00,275.22,275.22,275.22,275.22,200.0
2026-06-17T12:35:00-04:00,275.35,275.35,275.35,275.35,100.0
2026-06-17T12:40:00-04:00,275.28,275.28,275.28,275.28,102.0
2026-06-17T13:05:00-04:00,273.89,273.89,273.435,273.61,1307.0
2026-06-17T13:35:00-04:00,274.07,274.07,274.07,274.07,200.0
2026-06-17T13:50:00-04:00,275.23,275.23,275.23,275.23,338.0
2026-06-17T14:00:00-04:00,275.63,275.63,269.6,269.6,1014.0
2026-06-17T14:05:00-04:00,270.51,270.61,270.51,270.61,400.0
2026-06-17T14:10:00-04:00,271.15,271.15,271.15,271.15,200.0
2026-06-17T14:20:00-04:00,271.81,271.81,271.81,271.81,100.0
2026-06-17T14:25:00-04:00,270.185,270.185,270.185,270.185,100.0
2026-06-17T14:30:00-04:00,270.395,272.49,270.395,270.735,1275.0
2026-06-17T14:35:00-04:00,271.65,271.65,271.65,271.65,100.0
2026-06-17T14:40:00-04:00,274.56,274.56,274.46,274.46,218.0
2026-06-17T14:45:00-04:00,273.87,273.87,273.58,273.58,300.0
2026-06-17T14:50:00-04:00,273.4,273.4,273.4,273.4,200.0
2026-06-17T14:55:00-04:00,272.16,272.16,269.69,270.08,2602.0
2026-06-17T15:00:00-04:00,270.805,270.805,270.06,270.11,1240.0
2026-06-17T15:10:00-04:00,268.89,270.94,268.89,270.94,200.0
2026-06-17T15:20:00-04:00,266.94,267.01,266.27,266.555,1289.0
2026-06-17T15:25:00-04:00,267.22,267.24,267.22,267.24,340.0
2026-06-17T15:30:00-04:00,265.67,265.67,264.855,265.13,600.0
2026-06-17T15:35:00-04:00,264.72,265.34,263.05,263.05,821.0
2026-06-17T15:40:00-04:00,263.34,263.84,263.34,263.48,1871.0
2026-06-17T15:45:00-04:00,264.01,265.34,264.01,264.635,2345.0
2026-06-17T15:50:00-04:00,263.47,264.49,263.47,263.86,2453.0
2026-06-17T15:55:00-04:00,263.72,265.14,263.72,265.14,2115.0
2026-06-18T09:30:00-04:00,273.62,273.62,273.42,273.42,509.0
2026-06-18T09:45:00-04:00,270.07,270.07,270.07,270.07,100.0
2026-06-18T10:00:00-04:00,270.9,270.9,270.9,270.9,120.0
2026-06-18T10:05:00-04:00,270.615,270.615,270.615,270.615,200.0
2026-06-18T10:30:00-04:00,271.58,271.58,271.58,271.58,100.0
2026-06-18T10:45:00-04:00,273.1,273.1,273.1,273.1,100.0
2026-06-18T11:10:00-04:00,272.73,272.73,272.73,272.73,220.0
2026-06-18T12:35:00-04:00,272.72,272.72,272.72,272.72,100.0
2026-06-18T13:35:00-04:00,273.645,273.645,273.645,273.645,100.0
2026-06-18T13:40:00-04:00,273.47,273.515,273.47,273.515,220.0
2026-06-18T14:05:00-04:00,272.88,272.88,272.88,272.88,100.0
2026-06-18T14:10:00-04:00,272.8,272.8,272.8,272.8,100.0
2026-06-18T14:25:00-04:00,272.88,272.88,272.88,272.88,100.0
2026-06-18T14:50:00-04:00,272.715,272.78,272.715,272.78,200.0
2026-06-18T14:55:00-04:00,272.55,272.55,272.55,272.55,100.0
2026-06-18T15:15:00-04:00,271.385,271.39,271.385,271.39,300.0
2026-06-18T15:45:00-04:00,273.22,273.25,273.22,273.25,573.0
2026-06-18T15:50:00-04:00,273.3,273.93,272.92,273.55,1388.0
2026-06-18T15:55:00-04:00,273.58,274.195,272.96,272.96,2089.0
2026-06-18T16:25:00-04:00,274.21,274.21,274.21,274.21,180.0
2026-06-22T08:20:00-04:00,273.76,273.76,273.76,273.76,100.0
2026-06-22T08:55:00-04:00,273.19,273.19,273.19,273.19,100.0
2026-06-22T09:30:00-04:00,273.76,274.88,273.76,274.27,742.0
2026-06-22T09:35:00-04:00,274.45,275.69,274.355,275.69,1600.0
2026-06-22T09:40:00-04:00,275.13,275.13,274.405,274.405,805.0
2026-06-22T09:45:00-04:00,274.195,274.575,274.195,274.575,400.0
2026-06-22T09:50:00-04:00,275.625,275.77,275.37,275.37,851.0
2026-06-22T09:55:00-04:00,275.125,276.02,275.125,276.02,270.0
2026-06-22T10:00:00-04:00,276.135,276.135,275.87,275.89,1300.0
2026-06-22T10:05:00-04:00,276.03,276.03,276.03,276.03,100.0
2026-06-22T10:10:00-04:00,276.32,276.32,276.32,276.32,100.0
2026-06-22T10:15:00-04:00,275.265,275.265,274.85,274.85,203.0
2026-06-22T10:20:00-04:00,274.52,274.52,273.52,273.52,200.0
2026-06-22T10:30:00-04:00,271.87,271.87,271.87,271.87,140.0
2026-06-22T10:50:00-04:00,269.49,269.49,269.49,269.49,190.0
2026-06-22T10:55:00-04:00,269.32,270.11,269.32,270.11,300.0
2026-06-22T11:00:00-04:00,270.54,271.17,270.54,271.17,950.0
2026-06-22T11:10:00-04:00,269.97,269.97,269.97,269.97,100.0
2026-06-22T11:15:00-04:00,270.3,270.3,269.97,270.14,300.0
2026-06-22T11:20:00-04:00,269.97,270.1,269.97,270.1,320.0
2026-06-22T11:25:00-04:00,270.68,270.68,270.28,270.39,911.0
2026-06-22T11:30:00-04:00,270.3,270.59,270.2,270.59,724.0
2026-06-22T11:35:00-04:00,270.38,270.38,270.35,270.35,300.0
2026-06-22T11:45:00-04:00,271.64,271.64,270.15,270.15,321.0
2026-06-22T12:05:00-04:00,269.655,269.655,269.655,269.655,119.0
2026-06-22T12:10:00-04:00,270.12,270.12,270.12,270.12,221.0
2026-06-22T12:15:00-04:00,270.61,270.61,270.61,270.61,100.0
2026-06-22T12:55:00-04:00,270.84,271.015,270.81,270.81,755.0
2026-06-22T13:20:00-04:00,270.65,270.65,270.65,270.65,100.0
2026-06-22T13:30:00-04:00,270.47,270.47,270.47,270.47,100.0
2026-06-22T13:35:00-04:00,270.04,270.04,270.04,270.04,101.0
2026-06-22T13:45:00-04:00,270.54,270.54,270.54,270.54,100.0
2026-06-22T14:00:00-04:00,270.22,270.22,270.22,270.22,120.0
2026-06-22T14:20:00-04:00,271.15,271.15,271.15,271.15,170.0
2026-06-22T14:25:00-04:00,270.81,270.81,270.79,270.795,520.0
2026-06-22T14:30:00-04:00,270.87,270.96,270.87,270.96,305.0
2026-06-22T14:40:00-04:00,270.275,270.275,270.275,270.275,102.0
2026-06-22T14:50:00-04:00,270.0,270.0,270.0,270.0,100.0
2026-06-22T15:10:00-04:00,269.78,269.78,269.78,269.78,100.0
2026-06-22T15:20:00-04:00,269.36,269.36,269.36,269.36,120.0
2026-06-22T15:30:00-04:00,269.215,269.215,269.215,269.215,200.0
2026-06-22T15:35:00-04:00,269.2,269.2,269.2,269.2,136.0
2026-06-22T15:40:00-04:00,268.78,268.78,268.78,268.78,100.0
2026-06-22T15:45:00-04:00,269.38,269.38,269.38,269.38,100.0
2026-06-22T15:50:00-04:00,269.535,270.375,269.535,270.26,717.0
2026-06-22T15:55:00-04:00,270.38,270.38,269.78,269.78,1257.0
2026-06-23T09:30:00-04:00,257.47,257.47,257.29,257.3,606.0
2026-06-23T09:35:00-04:00,256.87,258.78,256.87,258.78,624.0
2026-06-23T09:40:00-04:00,258.52,259.29,258.52,259.29,650.0
2026-06-23T09:45:00-04:00,260.72,260.72,260.72,260.72,100.0
2026-06-23T09:50:00-04:00,261.29,261.29,261.29,261.29,200.0
2026-06-23T09:55:00-04:00,260.845,261.34,260.845,261.34,206.0
2026-06-23T10:00:00-04:00,262.21,262.22,262.21,262.22,370.0
2026-06-23T10:05:00-04:00,263.2,263.2,263.2,263.2,300.0
2026-06-23T10:10:00-04:00,263.05,263.47,263.05,263.465,670.0
2026-06-23T10:15:00-04:00,263.55,263.55,263.55,263.55,300.0
2026-06-23T10:20:00-04:00,264.17,264.17,264.17,264.17,100.0
2026-06-23T10:25:00-04:00,263.24,263.45,263.05,263.05,300.0
2026-06-23T10:30:00-04:00,262.48,262.48,262.48,262.48,100.0
2026-06-23T10:40:00-04:00,262.05,262.51,261.78,262.0,711.0
2026-06-23T10:45:00-04:00,261.67,261.84,261.44,261.84,450.0
2026-06-23T10:50:00-04:00,261.55,262.46,261.55,261.66,600.0
2026-06-23T10:55:00-04:00,261.25,261.48,261.25,261.4,500.0
2026-06-23T11:00:00-04:00,261.58,261.58,260.97,260.97,320.0
2026-06-23T11:05:00-04:00,260.94,261.085,260.06,260.245,1285.0
2026-06-23T11:10:00-04:00,260.56,260.565,260.32,260.32,600.0
2026-06-23T11:20:00-04:00,259.29,259.29,259.29,259.29,100.0
2026-06-23T11:25:00-04:00,258.76,258.82,258.76,258.82,200.0
2026-06-23T11:35:00-04:00,259.33,259.34,259.05,259.05,300.0
2026-06-23T11:40:00-04:00,259.05,259.05,259.05,259.05,133.0
2026-06-23T11:50:00-04:00,260.13,260.13,260.13,260.13,100.0
2026-06-23T12:05:00-04:00,261.64,261.64,261.64,261.64,100.0
2026-06-23T12:15:00-04:00,261.48,261.48,261.48,261.48,100.0
2026-06-23T12:25:00-04:00,261.7,261.7,261.7,261.7,500.0
2026-06-23T12:50:00-04:00,261.6,261.6,261.6,261.6,100.0
2026-06-23T13:10:00-04:00,261.99,261.99,261.99,261.99,100.0
2026-06-23T13:20:00-04:00,261.74,261.74,261.74,261.74,100.0
2026-06-23T13:30:00-04:00,262.07,262.07,262.03,262.03,200.0
2026-06-23T13:40:00-04:00,261.72,261.72,261.72,261.72,100.0
2026-06-23T13:50:00-04:00,260.59,260.59,260.59,260.59,100.0
2026-06-23T14:05:00-04:00,260.05,260.05,260.05,260.05,100.0
2026-06-23T14:10:00-04:00,260.31,260.31,260.31,260.31,100.0
2026-06-23T14:20:00-04:00,259.61,259.61,259.61,259.61,100.0
2026-06-23T14:25:00-04:00,259.87,259.87,259.87,259.87,100.0
2026-06-23T14:55:00-04:00,257.73,258.28,257.695,258.28,1230.0
2026-06-23T15:00:00-04:00,258.21,259.115,258.21,259.115,525.0
2026-06-23T15:05:00-04:00,259.69,259.89,259.12,259.12,740.0
2026-06-23T15:15:00-04:00,258.395,258.395,258.1,258.1,405.0
2026-06-23T15:20:00-04:00,258.57,258.57,258.57,258.57,300.0
2026-06-23T15:25:00-04:00,259.28,259.28,259.18,259.18,200.0
2026-06-23T15:30:00-04:00,259.01,259.01,259.01,259.01,100.0
2026-06-23T15:45:00-04:00,258.78,258.79,258.12,258.12,411.0
2026-06-23T15:50:00-04:00,259.18,259.69,259.11,259.69,775.0
2026-06-23T15:55:00-04:00,259.31,259.31,258.54,258.54,692.0
2026-06-24T09:30:00-04:00,259.33,261.1,258.77,261.1,2406.0
2026-06-24T09:35:00-04:00,261.0,261.0,261.0,261.0,100.0
2026-06-24T09:40:00-04:00,259.66,259.66,259.66,259.66,100.0
2026-06-24T09:45:00-04:00,260.02,260.23,258.7,259.58,857.0
2026-06-24T10:00:00-04:00,260.21,260.21,260.21,260.21,100.0
2026-06-24T10:05:00-04:00,260.29,260.3,259.67,259.67,579.0
2026-06-24T10:10:00-04:00,259.64,259.64,259.58,259.58,320.0
2026-06-24T10:20:00-04:00,258.51,260.24,258.51,260.24,649.0
2026-06-24T10:25:00-04:00,261.01,261.01,261.01,261.01,100.0
2026-06-24T10:45:00-04:00,262.03,262.03,262.03,262.03,100.0
2026-06-24T10:50:00-04:00,263.04,263.05,263.04,263.05,270.0
2026-06-24T10:55:00-04:00,262.9,263.03,262.9,263.03,200.0
2026-06-24T11:05:00-04:00,263.19,263.19,263.19,263.19,100.0
2026-06-24T11:45:00-04:00,262.26,262.26,262.26,262.26,137.0
2026-06-24T11:50:00-04:00,263.38,263.38,263.38,263.38,100.0
2026-06-24T12:25:00-04:00,262.41,262.41,262.41,262.41,100.0
2026-06-24T12:35:00-04:00,261.23,261.23,261.23,261.23,100.0
2026-06-24T12:40:00-04:00,260.59,260.59,260.3,260.47,657.0
2026-06-24T12:45:00-04:00,260.21,260.56,260.18,260.56,350.0
2026-06-24T12:55:00-04:00,259.7,259.98,259.7,259.98,300.0
2026-06-24T13:15:00-04:00,257.9,258.06,257.9,257.985,540.0
2026-06-24T13:20:00-04:00,257.66,257.68,257.66,257.68,200.0
2026-06-24T13:25:00-04:00,256.93,256.93,256.22,256.28,970.0
2026-06-24T13:30:00-04:00,255.36,255.54,255.36,255.54,320.0
2026-06-24T13:35:00-04:00,255.87,256.39,255.71,256.39,500.0
2026-06-24T13:40:00-04:00,256.37,256.37,256.16,256.16,200.0
2026-06-24T13:45:00-04:00,256.66,256.66,256.66,256.66,100.0
2026-06-24T13:55:00-04:00,257.23,257.23,256.48,256.48,250.0
2026-06-24T14:00:00-04:00,256.69,256.69,256.54,256.54,252.0
2026-06-24T14:10:00-04:00,256.94,257.02,256.94,256.94,461.0
2026-06-24T14:15:00-04:00,257.7,257.7,257.59,257.59,300.0
2026-06-24T14:35:00-04:00,257.64,257.84,257.64,257.84,400.0
2026-06-24T14:45:00-04:00,255.7,255.71,255.7,255.71,271.0
2026-06-24T14:50:00-04:00,255.94,255.94,255.67,255.82,300.0
2026-06-24T15:05:00-04:00,254.93,255.52,254.93,255.52,600.0
2026-06-24T15:10:00-04:00,255.21,255.35,255.21,255.35,420.0
2026-06-24T15:15:00-04:00,255.23,255.51,255.19,255.51,400.0
2026-06-24T15:20:00-04:00,255.55,255.55,255.52,255.52,300.0
2026-06-24T15:25:00-04:00,256.22,256.22,255.99,255.99,200.0
2026-06-24T15:30:00-04:00,255.7,255.7,255.7,255.7,100.0
2026-06-24T15:45:00-04:00,255.65,255.9,255.65,255.9,735.0
2026-06-24T15:50:00-04:00,255.76,256.98,255.68,256.98,833.0
2026-06-24T15:55:00-04:00,256.4,257.42,256.34,257.42,820.0
2026-06-25T09:30:00-04:00,263.17,263.55,261.18,261.18,401.0
2026-06-25T09:35:00-04:00,261.93,262.19,261.21,261.51,841.0
2026-06-25T09:40:00-04:00,259.64,259.72,258.88,258.88,410.0
2026-06-25T09:45:00-04:00,257.16,257.16,255.95,255.95,283.0
2026-06-25T09:50:00-04:00,255.18,255.28,254.39,254.39,800.0
2026-06-25T09:55:00-04:00,254.01,254.3,253.98,253.98,536.0
2026-06-25T10:00:00-04:00,254.56,257.58,254.49,257.02,1947.0
2026-06-25T10:05:00-04:00,257.91,258.74,257.91,258.74,200.0
2026-06-25T10:10:00-04:00,259.18,259.18,259.18,259.18,200.0
2026-06-25T10:15:00-04:00,258.3,258.3,258.17,258.17,200.0
2026-06-25T10:20:00-04:00,260.44,260.44,260.44,260.44,100.0
2026-06-25T10:30:00-04:00,261.14,261.15,260.07,260.07,380.0
2026-06-25T10:40:00-04:00,259.05,259.05,259.0,259.0,205.0
2026-06-25T10:45:00-04:00,259.33,259.82,259.23,259.82,425.0
2026-06-25T10:50:00-04:00,261.42,261.42,261.42,261.42,119.0
2026-06-25T10:55:00-04:00,261.17,261.17,259.33,259.33,2054.0
2026-06-25T11:00:00-04:00,259.91,259.91,259.91,259.91,100.0
2026-06-25T11:05:00-04:00,260.29,260.29,258.71,258.71,825.0
2026-06-25T11:10:00-04:00,258.71,258.71,257.79,257.84,705.0
2026-06-25T11:15:00-04:00,256.61,256.61,256.6,256.6,200.0
2026-06-25T11:20:00-04:00,257.47,258.84,257.18,258.82,950.0
2026-06-25T11:25:00-04:00,258.555,258.555,258.26,258.26,575.0
2026-06-25T11:30:00-04:00,259.06,259.06,259.06,259.06,100.0
2026-06-25T11:45:00-04:00,259.7,259.7,258.87,258.87,320.0
2026-06-25T11:50:00-04:00,258.93,258.93,258.93,258.93,100.0
2026-06-25T12:20:00-04:00,258.6,258.6,258.6,258.6,205.0
2026-06-25T12:35:00-04:00,256.93,256.93,256.93,256.93,200.0
2026-06-25T12:40:00-04:00,256.64,256.64,256.46,256.46,200.0
2026-06-25T12:45:00-04:00,256.1,256.77,256.1,256.77,300.0
2026-06-25T13:00:00-04:00,256.73,256.73,256.73,256.73,200.0
2026-06-25T13:05:00-04:00,256.7,256.7,256.7,256.7,100.0
2026-06-25T13:10:00-04:00,257.54,257.54,257.54,257.54,200.0
2026-06-25T13:15:00-04:00,256.63,256.64,256.63,256.64,200.0
2026-06-25T13:20:00-04:00,256.5,256.76,256.5,256.56,1170.0
2026-06-25T13:25:00-04:00,257.29,257.38,257.29,257.38,370.0
2026-06-25T13:40:00-04:00,257.57,257.57,257.57,257.57,220.0
2026-06-25T13:45:00-04:00,256.49,256.49,256.49,256.49,100.0
2026-06-25T13:55:00-04:00,257.34,257.34,257.34,257.34,100.0
2026-06-25T14:00:00-04:00,256.01,256.01,255.41,255.56,1025.0
2026-06-25T14:05:00-04:00,255.93,257.57,255.93,257.57,563.0
2026-06-25T14:15:00-04:00,258.14,258.28,258.14,258.28,886.0
2026-06-25T14:20:00-04:00,258.61,259.25,258.61,259.25,1970.0
2026-06-25T14:25:00-04:00,259.39,259.97,259.39,259.97,903.0
2026-06-25T14:30:00-04:00,258.35,258.35,258.35,258.35,100.0
2026-06-25T14:35:00-04:00,258.24,258.53,258.24,258.28,1211.0
2026-06-25T14:40:00-04:00,258.5,258.5,258.11,258.11,400.0
2026-06-25T14:50:00-04:00,257.67,258.2,257.67,258.2,200.0
2026-06-25T15:00:00-04:00,256.84,256.84,256.84,256.84,100.0
2026-06-25T15:05:00-04:00,256.96,256.96,256.96,256.96,100.0
2026-06-25T15:10:00-04:00,257.1,257.1,257.1,257.1,200.0
2026-06-25T15:25:00-04:00,256.55,256.55,256.55,256.55,278.0
2026-06-25T15:40:00-04:00,256.15,256.15,256.15,256.15,156.0
2026-06-25T15:50:00-04:00,255.87,256.39,255.87,256.23,480.0
2026-06-25T15:55:00-04:00,256.19,257.38,256.19,257.38,1876.0
2026-06-26T09:30:00-04:00,252.24,252.585,251.16,251.16,1032.0
2026-06-26T09:35:00-04:00,252.3,252.3,252.3,252.3,203.0
2026-06-26T09:40:00-04:00,252.4,252.4,252.4,252.4,100.0
2026-06-26T09:45:00-04:00,253.39,253.39,253.39,253.39,100.0
2026-06-26T09:55:00-04:00,253.36,254.26,253.36,254.26,350.0
2026-06-26T10:00:00-04:00,254.37,255.525,254.37,255.525,200.0
2026-06-26T10:05:00-04:00,256.69,256.69,256.69,256.69,100.0
2026-06-26T10:10:00-04:00,256.44,256.86,256.44,256.86,200.0
2026-06-26T10:15:00-04:00,256.61,256.61,256.6,256.6,322.0
2026-06-26T10:20:00-04:00,257.39,257.67,257.39,257.67,400.0
2026-06-26T10:25:00-04:00,257.21,257.21,257.21,257.21,100.0
2026-06-26T10:30:00-04:00,257.58,257.58,257.58,257.58,150.0
2026-06-26T10:35:00-04:00,256.16,256.16,256.16,256.16,100.0
2026-06-26T10:45:00-04:00,256.0,256.0,256.0,256.0,100.0
2026-06-26T10:50:00-04:00,256.26,256.26,256.26,256.26,100.0
2026-06-26T10:55:00-04:00,256.33,256.33,256.33,256.33,100.0
2026-06-26T11:00:00-04:00,256.94,256.94,256.94,256.94,100.0
2026-06-26T11:15:00-04:00,256.95,256.95,256.95,256.95,100.0
2026-06-26T11:30:00-04:00,258.94,258.94,258.94,258.94,100.0
2026-06-26T11:50:00-04:00,258.81,259.1,258.81,258.92,1450.0
2026-06-26T11:55:00-04:00,258.995,258.995,258.995,258.995,100.0
2026-06-26T12:15:00-04:00,258.05,258.22,258.05,258.22,337.0
2026-06-26T12:20:00-04:00,257.72,257.72,257.05,257.05,1209.0
2026-06-26T12:25:00-04:00,257.33,257.33,257.24,257.24,950.0
2026-06-26T12:35:00-04:00,258.6,258.6,258.6,258.6,100.0
2026-06-26T12:50:00-04:00,258.54,258.58,258.54,258.58,452.0
2026-06-26T13:00:00-04:00,258.89,258.89,258.89,258.89,100.0
2026-06-26T13:30:00-04:00,258.93,258.93,258.93,258.93,100.0
2026-06-26T14:00:00-04:00,257.66,257.66,257.66,257.66,100.0
2026-06-26T14:25:00-04:00,257.1,257.1,257.1,257.1,100.0
2026-06-26T14:35:00-04:00,256.72,256.72,256.72,256.72,100.0
2026-06-26T14:45:00-04:00,256.15,256.15,255.83,255.83,691.0
2026-06-26T14:50:00-04:00,255.49,255.615,255.49,255.615,300.0
2026-06-26T14:55:00-04:00,255.67,255.67,255.67,255.67,100.0
2026-06-26T15:00:00-04:00,255.82,255.82,255.82,255.82,100.0
2026-06-26T15:05:00-04:00,256.11,256.11,256.11,256.11,100.0
2026-06-26T15:20:00-04:00,255.76,255.84,255.76,255.84,721.0
2026-06-26T15:35:00-04:00,256.35,256.35,256.35,256.35,100.0
2026-06-26T15:50:00-04:00,256.91,256.99,256.66,256.9,1048.0
2026-06-26T15:55:00-04:00,257.01,257.25,251.87,251.87,7499.0
2026-06-29T09:30:00-04:00,259.78,262.06,259.78,262.06,519.0
2026-06-29T09:50:00-04:00,263.13,263.94,263.13,263.94,301.0
2026-06-29T09:55:00-04:00,261.21,261.785,260.64,260.85,650.0
2026-06-29T10:00:00-04:00,260.4,260.43,260.4,260.43,250.0
2026-06-29T10:15:00-04:00,256.21,257.4,256.21,257.06,1169.0
2026-06-29T10:25:00-04:00,258.73,259.3,258.73,259.3,700.0
2026-06-29T10:30:00-04:00,259.84,260.48,259.84,260.48,268.0
2026-06-29T10:35:00-04:00,260.985,260.985,260.98,260.98,200.0
2026-06-29T10:40:00-04:00,260.96,261.02,260.96,261.02,200.0
2026-06-29T10:50:00-04:00,262.17,262.17,262.17,262.17,222.0
2026-06-29T10:55:00-04:00,261.36,261.485,261.225,261.485,831.0
2026-06-29T11:00:00-04:00,261.36,261.36,261.36,261.36,200.0
2026-06-29T11:10:00-04:00,260.945,260.945,260.91,260.91,221.0
2026-06-29T11:20:00-04:00,260.93,260.93,260.35,260.47,843.0
2026-06-29T11:30:00-04:00,261.91,261.91,261.91,261.91,100.0
2026-06-29T11:45:00-04:00,262.07,262.07,262.07,262.07,100.0
2026-06-29T11:55:00-04:00,261.87,262.39,261.87,262.39,515.0
2026-06-29T12:00:00-04:00,262.64,262.73,262.64,262.73,427.0
2026-06-29T12:05:00-04:00,262.96,262.96,262.96,262.96,100.0
2026-06-29T12:10:00-04:00,262.57,262.57,262.57,262.57,144.0
2026-06-29T12:20:00-04:00,262.76,262.76,262.76,262.76,300.0
2026-06-29T12:25:00-04:00,262.45,262.45,262.45,262.45,140.0
2026-06-29T13:00:00-04:00,262.96,262.96,262.96,262.96,100.0
2026-06-29T13:10:00-04:00,264.11,264.11,264.11,264.11,105.0
2026-06-29T13:15:00-04:00,264.05,264.05,264.05,264.05,100.0
2026-06-29T13:20:00-04:00,264.29,264.29,264.29,264.29,200.0
2026-06-29T13:30:00-04:00,264.25,264.25,264.25,264.25,100.0
2026-06-29T13:50:00-04:00,264.875,264.875,264.78,264.78,200.0
2026-06-29T15:25:00-04:00,265.08,265.08,265.065,265.065,460.0
2026-06-29T15:50:00-04:00,264.76,264.76,264.37,264.45,494.0
2026-06-29T15:55:00-04:00,264.63,264.63,264.63,264.63,100.0
2026-08-20T09:30:00-04:00,287.485,287.865,287.21,287.81,922.0
2026-08-20T09:35:00-04:00,288.19,289.07,288.19,289.07,530.0
2026-08-20T09:40:00-04:00,288.915,288.915,288.805,288.805,200.0
2026-08-20T09:45:00-04:00,288.42,288.42,288.25,288.25,300.0
2026-08-20T09:50:00-04:00,287.88,287.97,287.72,287.84,800.0
2026-08-20T09:55:00-04:00,288.53,288.53,287.49,287.49,650.0
2026-08-20T10:00:00-04:00,288.02,288.115,287.42,287.43,1100.0
2026-08-20T10:15:00-04:00,286.85,286.86,286.63,286.77,894.0
2026-08-20T10:20:00-04:00,286.7,287.375,286.7,287.375,700.0
2026-08-20T10:25:00-04:00,287.91,287.91,287.335,287.35,300.0
2026-08-20T10:30:00-04:00,287.365,287.74,287.365,287.735,300.0
2026-08-20T10:35:00-04:00,287.84,288.445,287.84,288.445,1000.0
2026-08-20T10:40:00-04:00,288.33,288.54,288.33,288.54,300.0
2026-08-20T10:45:00-04:00,288.775,288.775,288.775,288.775,100.0
2026-08-20T10:55:00-04:00,288.065,288.065,288.01,288.01,200.0
2026-08-20T11:00:00-04:00,288.73,289.47,288.73,289.47,1000.0
2026-08-20T11:05:00-04:00,289.21,289.21,287.72,287.72,772.0
2026-08-20T11:10:00-04:00,287.77,288.055,287.29,288.055,900.0
2026-08-20T11:15:00-04:00,287.745,287.745,287.745,287.745,141.0
2026-08-20T11:20:00-04:00,287.96,287.96,287.32,287.32,400.0
2026-08-20T11:25:00-04:00,287.365,287.68,287.365,287.68,200.0
2026-08-20T11:30:00-04:00,287.56,287.56,287.12,287.12,500.0
2026-08-20T11:35:00-04:00,286.88,287.06,286.88,287.06,200.0
2026-08-20T11:40:00-04:00,286.59,286.59,286.59,286.59,300.0
2026-08-20T11:45:00-04:00,286.58,286.88,286.4,286.88,1467.0
2026-08-20T11:50:00-04:00,286.61,286.61,286.61,286.61,300.0
2026-08-20T11:55:00-04:00,286.925,286.965,286.925,286.965,300.0
2026-08-20T12:05:00-04:00,286.85,287.15,286.835,287.15,650.0
2026-08-20T12:10:00-04:00,287.055,287.055,286.625,286.625,200.0
2026-08-20T12:15:00-04:00,286.62,286.62,286.62,286.62,200.0
2026-08-20T12:20:00-04:00,286.68,286.79,286.68,286.79,900.0
2026-08-20T12:45:00-04:00,287.785,287.89,287.785,287.89,300.0
2026-08-20T12:50:00-04:00,287.49,287.49,287.49,287.49,200.0
2026-08-20T13:05:00-04:00,286.885,286.885,286.885,286.885,100.0
2026-08-20T13:20:00-04:00,285.955,286.3,285.955,286.24,1235.0
2026-08-20T13:25:00-04:00,285.785,285.785,285.785,285.785,100.0
2026-08-20T13:35:00-04:00,285.725,285.725,285.54,285.54,500.0
2026-08-20T13:40:00-04:00,285.31,285.51,285.31,285.51,600.0
2026-08-20T13:45:00-04:00,285.69,285.77,285.69,285.77,240.0
2026-08-20T13:50:00-04:00,285.89,285.89,285.89,285.89,100.0
2026-08-20T14:00:00-04:00,285.34,285.34,285.21,285.21,301.0
2026-08-20T14:05:00-04:00,285.1,285.1,284.68,284.68,553.0
2026-08-20T14:10:00-04:00,284.295,284.49,284.295,284.49,300.0
2026-08-20T14:20:00-04:00,284.57,284.57,284.57,284.57,100.0
2026-08-20T14:25:00-04:00,284.455,284.455,284.455,284.455,100.0
2026-08-20T14:30:00-04:00,284.485,284.485,284.195,284.195,400.0
2026-08-20T14:35:00-04:00,284.32,284.32,284.24,284.24,400.0
2026-08-20T14:40:00-04:00,284.345,284.345,284.345,284.345,200.0
2026-08-20T14:50:00-04:00,284.645,284.645,284.615,284.615,400.0
2026-08-20T15:00:00-04:00,284.06,284.06,284.06,284.06,176.0
2026-08-20T15:05:00-04:00,284.51,284.51,284.51,284.51,175.0
2026-08-20T15:20:00-04:00,284.255,284.255,284.255,284.255,100.0
2026-08-20T15:30:00-04:00,283.95,283.95,283.95,283.95,201.0
2026-08-20T15:35:00-04:00,284.0,284.495,283.985,284.495,548.0
2026-08-20T15:45:00-04:00,283.875,283.935,283.875,283.935,250.0
2026-08-20T15:50:00-04:00,284.105,284.245,283.9,283.9,822.0
2026-08-20T15:55:00-04:00,283.6,283.62,282.93,283.43,3665.0
2026-08-21T09:30:00-04:00,286.875,286.875,286.08,286.1,844.0
2026-08-21T09:40:00-04:00,285.99,285.99,285.96,285.96,700.0
2026-08-21T09:45:00-04:00,286.005,286.005,286.005,286.005,100.0
2026-08-21T09:50:00-04:00,285.32,285.32,285.32,285.32,300.0
2026-08-21T10:05:00-04:00,286.175,286.2,286.175,286.2,420.0
2026-08-21T10:35:00-04:00,285.1,285.1,285.1,285.1,100.0
2026-08-21T10:40:00-04:00,285.13,285.2,285.13,285.2,536.0
2026-08-21T10:55:00-04:00,286.37,286.37,286.37,286.37,100.0
2026-08-21T11:00:00-04:00,286.995,287.34,286.995,287.33,483.0
2026-08-21T11:05:00-04:00,287.18,287.18,287.06,287.1,500.0
2026-08-21T11:10:00-04:00,286.8,286.8,286.8,286.8,100.0
2026-08-21T11:40:00-04:00,288.045,288.44,288.045,288.415,352.0
2026-08-21T11:45:00-04:00,288.435,288.435,288.435,288.435,120.0
2026-08-21T11:50:00-04:00,288.93,288.94,288.915,288.915,700.0
2026-08-21T12:00:00-04:00,287.7,287.7,287.7,287.7,100.0
2026-08-21T12:05:00-04:00,287.565,287.57,287.565,287.57,200.0
2026-08-21T12:20:00-04:00,286.95,287.765,286.95,287.62,720.0
2026-08-21T12:55:00-04:00,287.07,287.07,287.07,287.07,100.0
2026-08-21T13:05:00-04:00,287.43,287.43,287.43,287.43,200.0
2026-08-21T13:50:00-04:00,286.53,286.53,286.53,286.53,100.0
2026-08-21T14:30:00-04:00,285.99,285.99,285.99,285.99,100.0
2026-08-21T15:00:00-04:00,287.06,287.06,287.06,287.06,114.0
2026-08-21T15:35:00-04:00,287.09,287.29,287.09,287.29,3647.0
2026-08-21T15:50:00-04:00,287.34,287.34,287.28,287.28,201.0
2026-08-21T15:55:00-04:00,286.94,287.16,286.36,286.36,929.0
2026-08-24T09:30:00-04:00,285.41,285.41,283.86,284.06,9997.0
2026-08-24T09:35:00-04:00,284.11,284.33,283.75,283.91,4550.0
2026-08-24T09:40:00-04:00,283.83,284.32,282.93,282.96,2550.0
2026-08-24T09:45:00-04:00,282.81,283.78,282.81,283.72,1703.0
2026-08-24T09:50:00-04:00,283.62,283.68,283.29,283.48,800.0
2026-08-24T09:55:00-04:00,284.03,284.145,283.89,283.89,1296.0
2026-08-24T10:00:00-04:00,283.985,284.375,283.29,283.485,3488.0
2026-08-24T10:05:00-04:00,283.68,283.68,283.395,283.395,300.0
2026-08-24T10:10:00-04:00,283.1,283.235,283.1,283.235,220.0
2026-08-24T10:15:00-04:00,283.235,283.37,283.155,283.27,1007.0
2026-08-24T10:20:00-04:00,283.76,283.96,283.58,283.58,500.0
2026-08-24T10:25:00-04:00,283.3,283.3,283.3,283.3,300.0
2026-08-24T10:30:00-04:00,284.0,284.0,284.0,284.0,100.0
2026-08-24T10:35:00-04:00,284.2,284.25,284.2,284.24,600.0
2026-08-24T10:40:00-04:00,284.31,284.31,284.31,284.31,200.0
2026-08-24T10:45:00-04:00,284.24,284.24,284.24,284.24,100.0
2026-08-24T10:50:00-04:00,284.03,284.05,284.03,284.05,200.0
2026-08-24T10:55:00-04:00,284.14,284.14,284.14,284.14,200.0
2026-08-24T11:00:00-04:00,283.77,283.77,283.77,283.77,100.0
2026-08-24T11:05:00-04:00,283.34,283.52,283.34,283.52,400.0
2026-08-24T11:10:00-04:00,283.37,283.37,283.37,283.37,100.0
2026-08-24T11:15:00-04:00,283.22,283.22,283.155,283.155,400.0
2026-08-24T11:20:00-04:00,282.92,283.0,282.84,282.93,493.0
2026-08-24T11:25:00-04:00,283.78,284.45,283.62,284.24,7222.0
2026-08-24T11:30:00-04:00,284.355,284.45,284.01,284.21,4931.0
2026-08-24T11:35:00-04:00,284.475,284.475,284.36,284.36,463.0
2026-08-24T11:40:00-04:00,284.84,284.915,284.84,284.905,1508.0
2026-08-24T11:45:00-04:00,285.14,285.25,285.02,285.02,852.0
2026-08-24T11:50:00-04:00,284.99,285.145,284.99,285.145,300.0
2026-08-24T12:00:00-04:00,285.39,285.79,285.1,285.725,2321.0
2026-08-24T12:05:00-04:00,285.57,285.57,285.57,285.57,800.0
2026-08-24T12:10:00-04:00,285.22,285.22,285.22,285.22,260.0
2026-08-24T12:15:00-04:00,285.83,285.83,285.74,285.74,200.0
2026-08-24T12:20:00-04:00,285.75,285.75,285.49,285.55,2206.0
2026-08-24T12:30:00-04:00,285.23,285.23,285.23,285.23,100.0
2026-08-24T12:35:00-04:00,285.34,285.34,285.07,285.07,1096.0
2026-08-24T12:45:00-04:00,284.84,284.84,284.84,284.84,100.0
2026-08-24T13:00:00-04:00,284.58,284.58,284.58,284.58,100.0
2026-08-24T13:10:00-04:00,285.11,285.11,285.1,285.1,243.0
2026-08-24T13:15:00-04:00,284.855,284.855,284.85,284.855,478.0
2026-08-24T13:20:00-04:00,284.75,284.75,284.28,284.28,200.0
2026-08-24T13:30:00-04:00,283.86,283.86,283.86,283.86,146.0
2026-08-24T13:50:00-04:00,283.79,283.79,283.79,283.79,100.0
2026-08-24T13:55:00-04:00,283.72,283.72,283.72,283.72,100.0
2026-08-24T14:00:00-04:00,284.065,284.065,284.065,284.065,200.0
2026-08-24T14:05:00-04:00,284.125,284.125,284.125,284.125,100.0
2026-08-24T14:10:00-04:00,284.38,284.865,284.38,284.865,300.0
2026-08-24T14:15:00-04:00,285.08,285.08,285.08,285.08,170.0
2026-08-24T14:20:00-04:00,285.09,285.09,285.09,285.09,100.0
2026-08-24T14:30:00-04:00,285.59,285.59,285.59,285.59,120.0
2026-08-24T15:10:00-04:00,284.51,284.51,284.51,284.51,100.0
2026-08-24T15:20:00-04:00,284.62,284.62,284.61,284.61,300.0
2026-08-24T15:30:00-04:00,284.43,284.43,284.43,284.43,112.0
2026-08-24T15:35:00-04:00,284.43,284.43,284.43,284.43,152.0
2026-08-24T15:45:00-04:00,284.23,284.23,284.065,284.065,200.0
2026-08-24T15:50:00-04:00,284.36,284.36,283.97,283.97,320.0
2026-08-24T15:55:00-04:00,283.96,284.51,283.96,284.51,1029.0
2026-08-25T09:30:00-04:00,287.15,287.59,287.15,287.59,1080.0
2026-08-25T09:35:00-04:00,287.31,287.31,287.065,287.07,737.0
2026-08-25T09:40:00-04:00,286.98,286.98,286.74,286.74,200.0
2026-08-25T09:45:00-04:00,287.26,287.26,287.16,287.225,595.0
2026-08-25T09:50:00-04:00,286.82,286.82,286.82,286.82,200.0
2026-08-25T09:55:00-04:00,286.72,286.72,286.325,286.325,743.0
2026-08-25T10:00:00-04:00,286.39,286.46,286.39,286.46,687.0
2026-08-25T10:05:00-04:00,285.91,285.92,285.91,285.92,930.0
2026-08-25T10:15:00-04:00,286.06,286.06,285.92,285.92,300.0
2026-08-25T10:25:00-04:00,285.62,285.62,285.62,285.62,300.0
2026-08-25T10:30:00-04:00,285.17,285.42,284.02,285.42,2560.0
2026-08-25T10:35:00-04:00,285.06,285.235,285.06,285.235,314.0
2026-08-25T10:40:00-04:00,284.865,284.865,284.865,284.865,400.0
2026-08-25T10:50:00-04:00,284.98,284.98,284.98,284.98,400.0
2026-08-25T11:00:00-04:00,284.96,284.96,284.96,284.96,100.0
2026-08-25T11:30:00-04:00,285.98,285.98,285.92,285.92,200.0
2026-08-25T11:35:00-04:00,286.0,286.32,285.74,285.745,4568.0
2026-08-25T11:40:00-04:00,285.66,285.66,285.66,285.66,100.0
2026-08-25T11:55:00-04:00,285.95,286.15,285.95,286.15,200.0
2026-08-25T12:25:00-04:00,286.32,286.5,286.32,286.5,1500.0
2026-08-25T12:35:00-04:00,286.41,286.425,286.31,286.425,791.0
2026-08-25T13:00:00-04:00,286.44,286.47,286.15,286.15,2240.0
2026-08-25T13:05:00-04:00,285.68,285.68,285.68,285.68,100.0
2026-08-25T13:15:00-04:00,285.94,285.94,285.9,285.9,556.0
2026-08-25T15:35:00-04:00,285.78,285.8,285.78,285.8,300.0
2026-08-25T15:40:00-04:00,286.0,286.0,286.0,286.0,200.0
2026-08-25T15:50:00-04:00,286.27,286.725,286.27,286.725,292.0
2026-08-25T15:55:00-04:00,286.575,286.78,286.575,286.76,805.0
2026-08-26T09:30:00-04:00,285.24,285.33,285.24,285.285,340.0
2026-08-26T09:35:00-04:00,286.235,286.29,286.06,286.06,621.0
2026-08-26T09:40:00-04:00,286.535,287.05,286.535,287.04,918.0
2026-08-26T09:45:00-04:00,287.19,287.33,286.725,286.725,1526.0
2026-08-26T09:50:00-04:00,286.52,286.52,286.52,286.52,204.0
2026-08-26T09:55:00-04:00,287.605,287.605,287.39,287.39,300.0
2026-08-26T10:05:00-04:00,287.61,287.61,287.43,287.43,1817.0
2026-08-26T10:10:00-04:00,286.92,286.92,286.92,286.92,116.0
2026-08-26T10:45:00-04:00,286.01,286.01,286.005,286.005,300.0
2026-08-26T11:15:00-04:00,286.38,286.38,286.38,286.38,100.0
2026-08-26T11:50:00-04:00,286.85,286.85,286.01,286.01,1093.0
2026-08-26T12:25:00-04:00,285.27,285.27,285.27,285.27,100.0
2026-08-26T12:30:00-04:00,285.37,285.37,285.37,285.37,100.0
2026-08-26T12:35:00-04:00,285.1,285.1,285.1,285.1,486.0
2026-08-26T12:45:00-04:00,284.405,284.405,284.405,284.405,131.0
2026-08-26T12:55:00-04:00,284.89,285.17,284.89,285.17,1130.0
2026-08-26T13:25:00-04:00,286.2,286.2,286.2,286.2,200.0
2026-08-26T13:55:00-04:00,286.33,286.33,286.32,286.32,220.0
2026-08-26T14:10:00-04:00,286.345,286.345,286.345,286.345,100.0
2026-08-26T14:55:00-04:00,287.33,287.33,287.33,287.33,126.0
2026-08-26T15:00:00-04:00,287.58,287.58,287.58,287.58,291.0
2026-08-26T15:25:00-04:00,287.83,287.83,287.83,287.83,157.0
2026-08-26T15:30:00-04:00,287.56,287.56,287.56,287.56,100.0
2026-08-26T15:50:00-04:00,286.91,286.91,286.91,286.91,200.0
2026-08-26T15:55:00-04:00,286.91,286.91,286.91,286.91,156.0
2026-08-26T16:00:00-04:00,286.7,286.7,286.7,286.7,100.0
2026-08-27T09:35:00-04:00,288.08,288.08,288.07,288.07,470.0
2026-08-27T09:40:00-04:00,289.35,290.17,288.9,290.17,1673.0
2026-08-27T09:45:00-04:00,290.225,290.225,289.14,289.14,1846.0
2026-08-27T09:50:00-04:00,289.875,289.905,289.875,289.905,200.0
2026-08-27T09:55:00-04:00,289.01,289.01,289.01,289.01,100.0
2026-08-27T10:05:00-04:00,289.29,289.29,289.29,289.29,105.0
2026-08-27T10:10:00-04:00,289.715,289.855,289.665,289.665,330.0
2026-08-27T10:15:00-04:00,289.97,290.035,289.97,290.035,200.0
2026-08-27T10:20:00-04:00,290.59,290.605,290.19,290.19,1840.0
2026-08-27T10:25:00-04:00,290.36,290.86,290.36,290.68,5401.0
2026-08-27T10:30:00-04:00,290.735,290.785,290.26,290.29,2405.0
2026-08-27T10:40:00-04:00,290.58,290.58,290.58,290.58,100.0
2026-08-27T10:45:00-04:00,291.16,291.19,291.16,291.19,350.0
2026-08-27T10:55:00-04:00,291.43,291.43,291.43,291.43,201.0
2026-08-27T11:05:00-04:00,291.56,291.56,291.56,291.56,100.0
2026-08-27T11:30:00-04:00,291.25,291.25,291.25,291.25,200.0
2026-08-27T12:30:00-04:00,292.22,292.24,292.22,292.24,300.0
2026-08-27T13:05:00-04:00,293.59,293.59,293.59,293.59,196.0
2026-08-27T13:10:00-04:00,293.44,293.44,293.44,293.44,100.0
2026-08-27T13:50:00-04:00,292.52,292.52,292.52,292.52,100.0
2026-08-27T14:15:00-04:00,291.45,291.45,291.45,291.45,100.0
2026-08-27T14:20:00-04:00,291.36,291.36,291.36,291.36,100.0
2026-08-27T14:25:00-04:00,290.4,290.4,290.4,290.4,100.0
2026-08-27T14:30:00-04:00,290.94,290.94,290.94,290.94,100.0
2026-08-27T15:05:00-04:00,291.17,291.17,291.14,291.14,200.0
2026-08-27T15:20:00-04:00,291.29,291.29,291.29,291.29,100.0
2026-08-27T15:30:00-04:00,291.385,291.385,291.385,291.385,112.0
2026-08-27T15:35:00-04:00,291.7,291.7,291.61,291.61,677.0
2026-08-27T15:40:00-04:00,291.68,291.68,291.54,291.54,271.0
2026-08-27T15:50:00-04:00,291.69,291.69,291.69,291.69,105.0
2026-08-27T15:55:00-04:00,292.365,292.41,292.12,292.32,1676.0
2026-08-28T09:30:00-04:00,292.85,292.875,292.75,292.85,400.0
2026-08-28T09:35:00-04:00,293.19,293.19,293.19,293.19,100.0
2026-08-28T09:40:00-04:00,293.9,293.9,293.9,293.9,200.0
2026-08-28T09:45:00-04:00,293.81,293.82,293.35,293.35,632.0
2026-08-28T09:50:00-04:00,293.295,293.295,293.295,293.295,100.0
2026-08-28T09:55:00-04:00,293.17,293.17,293.11,293.11,235.0
2026-08-28T10:00:00-04:00,293.92,293.92,292.58,292.58,1240.0
2026-08-28T10:05:00-04:00,292.01,292.01,291.92,291.93,657.0
2026-08-28T10:10:00-04:00,291.63,291.63,291.04,291.04,1330.0
2026-08-28T10:20:00-04:00,292.94,293.05,292.75,293.01,721.0
2026-08-28T10:25:00-04:00,291.905,291.905,291.905,291.905,100.0
2026-08-28T10:30:00-04:00,292.06,292.06,292.06,292.06,117.0
2026-08-28T10:35:00-04:00,293.255,293.26,293.255,293.26,201.0
2026-08-28T11:00:00-04:00,296.81,296.81,296.81,296.81,119.0
2026-08-28T11:25:00-04:00,296.4,296.4,296.4,296.4,100.0
2026-08-28T11:35:00-04:00,295.18,295.18,295.18,295.18,100.0
2026-08-28T11:40:00-04:00,294.6,294.6,294.6,294.6,129.0
2026-08-28T11:45:00-04:00,294.0,294.0,293.48,293.59,400.0
2026-08-28T11:50:00-04:00,293.53,293.53,292.68,292.73,648.0
2026-08-28T11:55:00-04:00,292.11,292.11,292.11,292.11,200.0
2026-08-28T12:00:00-04:00,292.03,292.03,291.7,291.7,200.0
2026-08-28T12:05:00-04:00,292.15,292.52,292.15,292.52,362.0
2026-08-28T12:10:00-04:00,292.58,292.58,292.14,292.14,524.0
2026-08-28T12:15:00-04:00,291.105,291.105,291.105,291.105,149.0
2026-08-28T12:20:00-04:00,290.05,290.05,289.97,289.97,400.0
2026-08-28T12:25:00-04:00,290.345,290.345,290.345,290.345,100.0
2026-08-28T12:50:00-04:00,291.46,291.46,291.44,291.44,295.0
2026-08-28T13:00:00-04:00,289.59,289.59,289.59,289.59,110.0
2026-08-28T13:05:00-04:00,289.515,289.515,289.515,289.515,100.0
2026-08-28T13:15:00-04:00,289.87,289.9,289.85,289.85,1650.0
2026-08-28T13:20:00-04:00,289.91,289.91,289.91,289.91,100.0
2026-08-28T14:20:00-04:00,290.04,290.04,290.04,290.04,100.0
2026-08-28T14:25:00-04:00,289.885,289.885,289.885,289.885,100.0
2026-08-28T14:45:00-04:00,289.74,289.74,289.74,289.74,100.0
2026-08-28T15:05:00-04:00,290.1,290.1,290.1,290.1,126.0
2026-08-28T15:15:00-04:00,289.98,289.98,289.98,289.98,200.0
2026-08-28T15:20:00-04:00,290.2,290.2,290.2,290.2,100.0
2026-08-28T15:45:00-04:00,290.45,290.45,290.14,290.14,600.0
2026-08-28T15:55:00-04:00,290.365,290.365,290.06,290.33,650.0
2026-08-31T09:30:00-04:00,287.58,287.58,287.43,287.52,300.0
2026-08-31T09:35:00-04:00,286.405,286.405,286.405,286.405,200.0
2026-08-31T09:40:00-04:00,286.525,286.525,286.18,286.18,467.0
2026-08-31T09:45:00-04:00,286.08,286.86,285.81,286.59,1105.0
2026-08-31T09:50:00-04:00,286.15,286.43,286.15,286.43,400.0
2026-08-31T09:55:00-04:00,286.52,286.52,286.45,286.45,203.0
2026-08-31T10:05:00-04:00,286.23,286.23,286.18,286.18,400.0
2026-08-31T10:10:00-04:00,285.73,285.89,285.73,285.89,207.0
2026-08-31T10:35:00-04:00,285.82,285.82,285.82,285.82,100.0
2026-08-31T10:55:00-04:00,286.055,286.44,286.055,286.175,1300.0
2026-08-31T11:00:00-04:00,286.62,286.71,286.61,286.61,474.0
2026-08-31T11:15:00-04:00,286.03,286.03,285.71,285.83,590.0
2026-08-31T11:20:00-04:00,285.87,285.87,285.87,285.87,200.0
2026-08-31T11:30:00-04:00,285.92,285.92,285.92,285.92,100.0
2026-08-31T11:35:00-04:00,285.89,285.89,285.56,285.56,200.0
2026-08-31T11:45:00-04:00,286.01,286.01,286.01,286.01,100.0
2026-08-31T11:50:00-04:00,286.45,286.45,286.45,286.45,700.0
2026-08-31T12:00:00-04:00,285.31,285.35,285.31,285.35,500.0
2026-08-31T12:05:00-04:00,285.185,285.185,285.185,285.185,101.0
2026-08-31T12:10:00-04:00,285.83,285.9,285.83,285.84,1100.0
2026-08-31T12:30:00-04:00,285.99,286.0,285.9,285.9,318.0
2026-08-31T13:05:00-04:00,285.88,285.88,285.88,285.88,100.0
2026-08-31T13:45:00-04:00,286.575,286.575,286.575,286.575,100.0
2026-08-31T13:55:00-04:00,287.01,287.01,286.77,286.77,2058.0
2026-08-31T14:00:00-04:00,286.665,286.665,286.665,286.665,170.0
2026-08-31T14:35:00-04:00,285.49,285.49,285.49,285.49,100.0
2026-08-31T14:55:00-04:00,285.97,285.97,285.96,285.96,620.0
2026-08-31T15:00:00-04:00,286.075,286.075,286.075,286.075,100.0
2026-08-31T15:50:00-04:00,287.54,287.54,287.54,287.54,100.0
2026-08-31T15:55:00-04:00,287.6,288.495,286.98,286.98,2151.0
2026-09-01T09:30:00-04:00,281.66,281.66,280.79,281.43,935.0
2026-09-01T09:35:00-04:00,282.01,282.01,281.67,281.67,200.0
2026-09-01T09:40:00-04:00,281.32,281.78,281.32,281.78,524.0
2026-09-01T09:45:00-04:00,281.76,281.76,281.76,281.76,505.0
2026-09-01T09:50:00-04:00,282.06,282.11,281.45,281.45,952.0
2026-09-01T09:55:00-04:00,281.22,281.68,281.22,281.68,395.0
2026-09-01T10:00:00-04:00,281.59,282.02,281.59,282.02,384.0
2026-09-01T10:05:00-04:00,282.315,282.66,282.315,282.44,313.0
2026-09-01T10:25:00-04:00,283.73,283.73,283.625,283.625,307.0
2026-09-01T10:35:00-04:00,284.52,284.52,284.26,284.26,220.0
2026-09-01T10:40:00-04:00,283.91,284.07,283.91,284.07,457.0
2026-09-01T10:45:00-04:00,284.25,284.25,284.245,284.245,200.0
2026-09-01T10:50:00-04:00,283.64,283.64,283.64,283.64,100.0
2026-09-01T11:30:00-04:00,283.335,283.57,283.335,283.57,450.0
2026-09-01T11:35:00-04:00,283.945,283.945,283.945,283.945,100.0
2026-09-01T11:45:00-04:00,284.185,284.185,284.185,284.185,100.0
2026-09-01T12:20:00-04:00,282.77,282.77,282.635,282.635,220.0
2026-09-01T12:25:00-04:00,282.68,282.68,282.19,282.21,952.0
2026-09-01T12:30:00-04:00,282.0,282.0,281.74,281.74,212.0
2026-09-01T12:35:00-04:00,281.49,281.62,281.49,281.52,2400.0
2026-09-01T12:40:00-04:00,281.455,281.455,281.455,281.455,100.0
2026-09-01T13:15:00-04:00,281.68,281.68,281.3,281.3,1400.0
2026-09-01T13:25:00-04:00,281.05,281.14,280.71,281.09,1540.0
2026-09-01T13:30:00-04:00,281.64,281.64,281.64,281.64,400.0
2026-09-01T13:35:00-04:00,281.875,281.875,281.58,281.74,800.0
2026-09-01T13:40:00-04:00,281.725,281.725,281.71,281.71,500.0
2026-09-01T13:45:00-04:00,281.755,281.755,281.755,281.755,306.0
2026-09-01T14:20:00-04:00,281.22,281.22,281.22,281.22,100.0
2026-09-01T14:25:00-04:00,281.01,281.01,280.68,280.68,350.0
2026-09-01T14:30:00-04:00,280.85,280.85,280.27,280.27,1571.0
2026-09-01T14:40:00-04:00,280.0,280.0,279.3,279.3,2201.0
2026-09-01T14:45:00-04:00,279.2,279.2,278.98,278.98,800.0
2026-09-01T14:50:00-04:00,279.795,279.795,279.795,279.795,100.0
2026-09-01T14:55:00-04:00,280.1,280.1,280.09,280.09,220.0
2026-09-01T15:00:00-04:00,280.365,280.365,280.365,280.365,153.0
2026-09-01T15:10:00-04:00,280.86,280.91,280.81,280.91,635.0
2026-09-01T15:15:00-04:00,280.96,280.96,280.96,280.96,100.0
2026-09-01T15:25:00-04:00,280.855,280.855,280.855,280.855,100.0
2026-09-01T15:40:00-04:00,280.49,280.49,280.49,280.49,100.0
2026-09-01T15:45:00-04:00,280.79,280.94,280.79,280.94,315.0
2026-09-01T15:55:00-04:00,280.5,281.45,280.5,281.45,1246.0
2026-09-02T09:30:00-04:00,282.1,282.1,281.55,282.005,508.0
2026-09-02T09:35:00-04:00,281.96,281.96,281.96,281.96,100.0
2026-09-02T09:40:00-04:00,281.9,282.405,281.9,282.405,540.0
2026-09-02T09:45:00-04:00,282.37,282.37,281.83,281.85,1460.0
2026-09-02T09:50:00-04:00,281.98,281.98,281.98,281.98,100.0
2026-09-02T10:00:00-04:00,283.19,283.19,282.94,283.135,466.0
2026-09-02T10:10:00-04:00,283.665,283.665,283.665,283.665,100.0
2026-09-02T10:15:00-04:00,284.29,284.84,284.29,284.84,550.0
2026-09-02T10:20:00-04:00,284.74,285.21,284.72,285.06,1980.0
2026-09-02T10:25:00-04:00,285.16,285.25,285.13,285.25,980.0
2026-09-02T10:30:00-04:00,285.14,285.18,285.09,285.115,1264.0
2026-09-02T10:40:00-04:00,286.0,286.0,286.0,286.0,100.0
2026-09-02T11:05:00-04:00,285.21,285.21,285.21,285.21,200.0
2026-09-02T12:00:00-04:00,285.79,285.79,285.7,285.7,307.0
2026-09-02T12:15:00-04:00,285.48,285.48,285.48,285.48,120.0
2026-09-02T12:35:00-04:00,285.01,285.01,285.01,285.01,100.0
2026-09-02T13:20:00-04:00,284.55,284.55,284.55,284.55,142.0
2026-09-02T13:35:00-04:00,284.35,284.39,284.35,284.39,306.0
2026-09-02T13:45:00-04:00,285.19,285.19,285.19,285.19,200.0
2026-09-02T14:00:00-04:00,284.9,284.9,284.9,284.9,100.0
2026-09-02T14:10:00-04:00,285.09,285.09,285.09,285.09,100.0
2026-09-02T14:15:00-04:00,285.42,285.78,285.42,285.65,813.0
2026-09-02T15:05:00-04:00,285.055,285.055,285.055,285.055,105.0
2026-09-02T15:55:00-04:00,285.105,285.105,284.77,284.77,1025.0
2026-09-03T09:35:00-04:00,288.94,289.82,288.94,289.82,300.0
2026-09-03T09:40:00-04:00,289.94,290.025,289.84,289.84,300.0
2026-09-03T09:45:00-04:00,290.1,290.2,290.1,290.2,425.0
2026-09-03T09:50:00-04:00,290.25,290.25,290.12,290.12,300.0
2026-09-03T09:55:00-04:00,289.715,289.715,289.715,289.715,100.0
2026-09-03T10:00:00-04:00,289.93,289.93,288.58,288.58,500.0
2026-09-03T10:05:00-04:00,288.42,288.42,287.87,287.87,2708.0
2026-09-03T10:10:00-04:00,287.755,288.505,287.755,288.505,600.0
2026-09-03T10:20:00-04:00,289.12,289.12,289.12,289.12,100.0
2026-09-03T10:25:00-04:00,288.91,288.91,288.8,288.8,200.0
2026-09-03T10:30:00-04:00,289.02,289.02,289.02,289.02,100.0
2026-09-03T10:45:00-04:00,288.365,288.365,288.365,288.365,100.0
2026-09-03T10:55:00-04:00,288.95,288.95,287.86,288.785,1746.0
2026-09-03T11:00:00-04:00,289.81,290.65,289.81,290.49,925.0
2026-09-03T11:05:00-04:00,291.055,291.07,291.04,291.06,1614.0
2026-09-03T12:20:00-04:00,293.3,293.3,293.3,293.3,100.0
2026-09-03T12:35:00-04:00,293.2,293.45,293.2,293.45,200.0
2026-09-03T13:30:00-04:00,293.44,293.455,293.44,293.455,581.0
2026-09-03T13:50:00-04:00,294.13,294.13,294.13,294.13,200.0
2026-09-03T14:00:00-04:00,294.12,294.77,294.12,294.77,331.0
2026-09-03T14:05:00-04:00,294.54,294.54,294.54,294.54,100.0
2026-09-03T14:45:00-04:00,294.6,294.6,294.6,294.6,130.0
2026-09-03T15:40:00-04:00,294.04,294.07,294.04,294.07,300.0
2026-09-03T15:50:00-04:00,293.93,294.07,293.93,293.98,430.0
2026-09-03T15:55:00-04:00,293.6,293.79,293.475,293.79,307.0
2026-09-04T09:30:00-04:00,292.33,292.33,292.33,292.33,112.0
2026-09-04T09:35:00-04:00,292.825,292.825,292.825,292.825,100.0
2026-09-04T09:40:00-04:00,292.69,292.85,292.25,292.31,1774.0
2026-09-04T10:00:00-04:00,292.6,292.6,292.3,292.3,604.0
2026-09-04T10:05:00-04:00,292.33,292.33,292.11,292.11,200.0
2026-09-04T10:20:00-04:00,291.23,291.275,291.23,291.275,440.0
2026-09-04T10:25:00-04:00,290.96,290.96,290.96,290.96,223.0
2026-09-04T10:55:00-04:00,289.31,289.31,289.31,289.31,100.0
2026-09-04T11:45:00-04:00,289.865,289.865,289.865,289.865,100.0
2026-09-04T12:25:00-04:00,290.75,290.75,290.75,290.75,100.0
2026-09-04T13:15:00-04:00,290.39,290.39,290.38,290.38,200.0
2026-09-04T14:40:00-04:00,289.9,289.9,289.9,289.9,110.0
2026-09-04T15:05:00-04:00,289.78,289.78,289.78,289.78,200.0
2026-09-04T15:45:00-04:00,290.05,290.05,290.05,290.05,200.0
2026-09-04T15:50:00-04:00,290.49,290.49,290.46,290.46,450.0
2026-09-04T15:55:00-04:00,290.35,290.46,289.85,289.89,1058.0
2026-09-08T09:30:00-04:00,289.04,289.13,289.04,289.13,250.0
2026-09-08T09:35:00-04:00,288.4,288.4,288.2,288.2,300.0
2026-09-08T09:45:00-04:00,287.25,287.25,287.195,287.2,305.0
2026-09-08T09:50:00-04:00,286.76,286.76,286.76,286.76,100.0
2026-09-08T10:00:00-04:00,286.25,286.25,286.25,286.25,100.0
2026-09-08T10:05:00-04:00,286.15,286.22,286.15,286.22,333.0
2026-09-08T10:45:00-04:00,286.3,286.3,286.3,286.3,301.0
2026-09-08T11:05:00-04:00,287.38,287.38,287.38,287.38,100.0
2026-09-08T11:25:00-04:00,287.83,287.955,287.69,287.82,1033.0
2026-09-08T12:50:00-04:00,287.25,287.25,287.25,287.25,100.0
2026-09-08T12:55:00-04:00,286.85,286.85,286.39,286.39,1430.0
2026-09-08T14:45:00-04:00,287.1,287.1,285.28,285.28,1233.0
2026-09-08T15:00:00-04:00,286.25,286.25,286.25,286.25,100.0
2026-09-08T15:30:00-04:00,286.34,286.34,286.32,286.32,200.0
2026-09-08T15:40:00-04:00,286.36,286.36,286.36,286.36,200.0
2026-09-08T15:45:00-04:00,286.045,286.045,286.045,286.045,200.0
2026-09-08T15:50:00-04:00,286.015,286.015,285.03,285.03,1275.0
2026-09-08T15:55:00-04:00,285.395,285.67,284.86,285.67,2745.0
2026-09-09T09:30:00-04:00,283.16,283.16,282.66,282.66,417.0
2026-09-09T09:45:00-04:00,282.8,283.29,282.8,283.16,754.0
2026-09-09T09:50:00-04:00,282.62,283.01,282.62,283.01,450.0
2026-09-09T09:55:00-04:00,283.05,283.05,282.95,283.04,460.0
2026-09-09T10:05:00-04:00,283.04,283.04,283.04,283.04,100.0
2026-09-09T10:15:00-04:00,282.32,282.32,282.24,282.24,520.0
2026-09-09T10:20:00-04:00,281.91,281.94,281.84,281.94,305.0
2026-09-09T10:35:00-04:00,282.67,282.67,282.67,282.67,100.0
2026-09-09T11:00:00-04:00,282.89,283.53,281.78,281.78,1190.0
2026-09-09T11:10:00-04:00,280.38,280.38,280.35,280.37,1056.0
2026-09-09T11:15:00-04:00,280.68,280.68,280.67,280.67,220.0
2026-09-09T11:20:00-04:00,280.0,280.025,279.86,279.86,2400.0
2026-09-09T11:35:00-04:00,280.96,281.83,280.96,281.83,280.0
2026-09-09T11:40:00-04:00,281.45,281.45,280.99,281.07,901.0
2026-09-09T11:45:00-04:00,281.21,281.22,281.2,281.22,850.0
2026-09-09T12:05:00-04:00,280.66,280.71,280.66,280.71,456.0
2026-09-09T12:15:00-04:00,280.25,280.25,280.25,280.25,100.0
2026-09-09T12:20:00-04:00,280.21,280.47,280.21,280.47,505.0
2026-09-09T13:05:00-04:00,281.75,281.75,281.75,281.75,100.0
2026-09-09T13:10:00-04:00,281.85,282.14,281.85,282.14,1730.0
2026-09-09T13:15:00-04:00,282.115,282.115,282.0,282.0,742.0
2026-09-09T13:30:00-04:00,281.745,281.745,281.745,281.745,100.0
2026-09-09T13:55:00-04:00,282.24,282.24,282.24,282.24,100.0
2026-09-09T14:25:00-04:00,281.82,281.82,281.82,281.82,100.0
2026-09-09T14:30:00-04:00,281.68,281.68,281.68,281.68,100.0
2026-09-09T14:40:00-04:00,282.18,282.18,282.18,282.18,100.0
2026-09-09T15:40:00-04:00,281.82,281.82,281.82,281.82,204.0
2026-09-09T15:55:00-04:00,281.23,281.35,281.17,281.32,1031.0
2026-09-09T16:00:00-04:00,281.22,281.22,281.22,281.22,100.0
2026-09-10T09:30:00-04:00,276.64,276.81,276.18,276.18,1314.0
2026-09-10T09:35:00-04:00,276.68,276.96,276.68,276.96,326.0
2026-09-10T09:40:00-04:00,276.93,276.93,276.79,276.79,372.0
2026-09-10T09:45:00-04:00,276.84,277.455,276.84,277.455,2084.0
2026-09-10T09:50:00-04:00,275.73,275.81,275.71,275.81,643.0
2026-09-10T09:55:00-04:00,275.16,275.42,275.06,275.06,780.0
2026-09-10T10:00:00-04:00,275.76,275.81,275.76,275.81,787.0
2026-09-10T10:05:00-04:00,275.0,275.05,275.0,275.05,1700.0
2026-09-10T10:10:00-04:00,276.02,276.02,276.02,276.02,100.0
2026-09-10T10:15:00-04:00,275.93,276.085,275.93,276.085,450.0
2026-09-10T10:20:00-04:00,277.73,278.5,277.73,277.84,765.0
2026-09-10T10:25:00-04:00,277.6,277.6,277.41,277.41,444.0
2026-09-10T10:30:00-04:00,277.22,277.22,277.22,277.22,100.0
2026-09-10T10:40:00-04:00,277.33,277.33,277.33,277.33,100.0
2026-09-10T10:50:00-04:00,277.56,277.56,277.56,277.56,100.0
2026-09-10T10:55:00-04:00,277.85,277.85,277.85,277.85,132.0
2026-09-10T11:00:00-04:00,277.74,277.74,277.74,277.74,187.0
2026-09-10T11:05:00-04:00,277.76,277.76,277.76,277.76,452.0
2026-09-10T11:10:00-04:00,277.54,277.54,277.54,277.54,100.0
2026-09-10T11:15:00-04:00,277.575,277.575,277.575,277.575,100.0
2026-09-10T11:35:00-04:00,278.4,278.4,278.39,278.39,300.0
2026-09-10T12:00:00-04:00,276.99,277.53,276.99,277.53,300.0
2026-09-10T12:15:00-04:00,276.29,276.29,276.29,276.29,100.0
2026-09-10T12:25:00-04:00,276.27,276.27,276.27,276.27,100.0
2026-09-10T12:30:00-04:00,276.64,276.64,275.99,276.07,2816.0
2026-09-10T12:40:00-04:00,276.71,276.71,276.71,276.71,100.0
2026-09-10T12:50:00-04:00,277.47,277.51,277.47,277.51,216.0
2026-09-10T13:00:00-04:00,277.9,277.92,277.9,277.92,224.0
2026-09-10T13:05:00-04:00,277.57,277.57,277.48,277.48,440.0
2026-09-10T13:50:00-04:00,276.74,276.74,276.74,276.74,200.0
2026-09-10T15:00:00-04:00,275.83,275.83,275.83,275.83,106.0
2026-09-10T15:35:00-04:00,276.44,276.44,276.44,276.44,100.0
2026-09-10T15:40:00-04:00,276.51,276.51,276.5,276.5,500.0
2026-09-10T15:45:00-04:00,276.3,276.36,276.3,276.36,200.0
2026-09-10T15:50:00-04:00,276.185,276.2,276.185,276.2,308.0
2026-09-10T15:55:00-04:00,276.24,276.27,276.13,276.25,853.0
2026-09-11T09:30:00-04:00,283.48,284.5,283.2,284.5,400.0
2026-09-11T09:35:00-04:00,284.845,284.845,284.29,284.29,1395.0
2026-09-11T09:40:00-04:00,283.69,284.59,283.69,283.98,1811.0
2026-09-11T09:45:00-04:00,284.195,284.64,283.97,284.06,1817.0
2026-09-11T09:50:00-04:00,283.86,283.86,283.56,283.57,437.0
2026-09-11T09:55:00-04:00,283.995,284.995,283.93,284.995,2331.0
2026-09-11T10:00:00-04:00,284.63,284.67,284.47,284.47,570.0
2026-09-11T10:05:00-04:00,284.07,284.07,284.07,284.07,150.0
2026-09-11T10:10:00-04:00,283.68,283.77,283.635,283.77,520.0
2026-09-11T10:20:00-04:00,284.53,284.745,284.53,284.745,300.0
2026-09-11T10:40:00-04:00,283.245,283.485,282.99,282.99,400.0
2026-09-11T10:45:00-04:00,282.765,283.56,282.59,282.92,1527.0
2026-09-11T10:50:00-04:00,283.42,283.42,283.205,283.205,400.0
2026-09-11T10:55:00-04:00,282.75,282.75,282.75,282.75,100.0
2026-09-11T11:55:00-04:00,284.61,284.61,284.61,284.61,100.0
2026-09-11T12:15:00-04:00,284.35,284.35,284.35,284.35,100.0
2026-09-11T12:25:00-04:00,284.29,284.29,283.77,283.77,741.0
2026-09-11T12:30:00-04:00,283.7,283.7,283.7,283.7,100.0
2026-09-11T12:55:00-04:00,284.47,284.47,284.47,284.47,100.0
2026-09-11T13:10:00-04:00,284.62,284.62,284.62,284.62,100.0
2026-09-11T14:20:00-04:00,284.45,284.45,284.15,284.235,1020.0
2026-09-11T14:40:00-04:00,283.96,283.96,283.96,283.96,100.0
2026-09-11T15:00:00-04:00,283.95,283.95,283.95,283.95,100.0
2026-09-11T15:05:00-04:00,283.58,283.58,283.58,283.58,100.0
2026-09-11T15:45:00-04:00,283.53,283.53,283.53,283.53,100.0
2026-09-11T15:50:00-04:00,283.39,283.39,283.39,283.39,114.0
2026-09-11T15:55:00-04:00,283.32,283.32,282.795,282.89,1441.0
2026-09-14T09:30:00-04:00,277.06,277.25,276.71,276.78,12294.0
2026-09-14T09:35:00-04:00,276.875,276.875,276.59,276.59,833.0
2026-09-14T09:40:00-04:00,277.31,277.42,277.31,277.38,2200.0
2026-09-14T09:45:00-04:00,277.67,277.86,277.67,277.79,1000.0
2026-09-14T09:50:00-04:00,278.34,278.815,278.34,278.815,345.0
2026-09-14T09:55:00-04:00,278.36,278.36,278.07,278.36,1020.0
2026-09-14T10:00:00-04:00,278.42,278.56,278.42,278.535,1365.0
2026-09-14T10:05:00-04:00,278.78,278.78,278.64,278.64,333.0
2026-09-14T10:20:00-04:00,277.83,277.83,277.16,277.16,3361.0
2026-09-14T10:25:00-04:00,276.93,276.93,276.755,276.84,520.0
2026-09-14T10:40:00-04:00,276.33,276.35,276.31,276.32,800.0
2026-09-14T10:45:00-04:00,276.6,276.6,276.6,276.6,122.0
2026-09-14T10:50:00-04:00,276.37,276.37,276.25,276.25,400.0
2026-09-14T11:00:00-04:00,276.53,276.53,276.4,276.42,520.0
2026-09-14T11:05:00-04:00,276.74,277.76,276.74,277.38,2000.0
2026-09-14T11:10:00-04:00,277.265,277.265,277.265,277.265,100.0
2026-09-14T11:15:00-04:00,277.26,277.27,277.26,277.27,239.0
2026-09-14T11:30:00-04:00,277.78,279.04,277.78,279.04,1941.0
2026-09-14T11:35:00-04:00,279.12,279.12,279.0,279.0,3850.0
2026-09-14T11:40:00-04:00,279.54,279.95,279.39,279.39,2154.0
2026-09-14T11:45:00-04:00,280.57,280.61,280.14,280.14,1050.0
2026-09-14T12:05:00-04:00,279.67,279.67,279.67,279.67,100.0
2026-09-14T12:15:00-04:00,280.2,280.21,280.2,280.21,220.0
2026-09-14T12:30:00-04:00,280.72,280.76,280.61,280.69,870.0
2026-09-14T12:45:00-04:00,280.98,281.9,280.98,281.9,1675.0
2026-09-14T12:50:00-04:00,281.635,281.635,281.635,281.635,100.0
2026-09-14T13:00:00-04:00,281.3,281.3,281.3,281.3,100.0
2026-09-14T13:05:00-04:00,281.08,281.08,281.08,281.08,100.0
2026-09-14T13:10:00-04:00,281.21,281.28,281.21,281.28,1000.0
2026-09-14T13:30:00-04:00,281.34,281.34,281.03,281.03,3352.0
2026-09-14T14:00:00-04:00,281.28,281.28,281.13,281.17,1002.0
2026-09-14T14:45:00-04:00,280.72,280.72,280.6,280.66,693.0
2026-09-14T15:00:00-04:00,280.45,280.45,280.41,280.43,300.0
2026-09-14T15:35:00-04:00,280.03,280.03,280.03,280.03,370.0
2026-09-14T15:50:00-04:00,279.75,279.75,279.64,279.64,800.0
2026-09-14T15:55:00-04:00,279.34,279.41,279.0,279.0,1792.0
2026-09-15T09:30:00-04:00,278.23,278.47,277.22,277.22,420.0
2026-09-15T09:35:00-04:00,277.57,277.88,277.57,277.875,560.0
2026-09-15T09:40:00-04:00,277.995,277.995,277.995,277.995,100.0
2026-09-15T09:50:00-04:00,277.46,277.67,277.46,277.67,200.0
2026-09-15T09:55:00-04:00,277.565,277.565,277.565,277.565,100.0
2026-09-15T10:00:00-04:00,277.33,277.33,276.9,276.945,300.0
2026-09-15T10:10:00-04:00,276.27,276.27,275.995,276.11,3350.0
2026-09-15T10:15:00-04:00,275.845,275.965,275.845,275.965,270.0
2026-09-15T10:20:00-04:00,275.395,275.4,275.395,275.4,200.0
2026-09-15T10:25:00-04:00,275.4,275.4,275.4,275.4,200.0
2026-09-15T10:30:00-04:00,275.57,275.57,274.99,274.99,322.0
2026-09-15T10:35:00-04:00,275.36,275.36,274.945,274.945,200.0
2026-09-15T10:50:00-04:00,274.39,274.43,273.935,274.22,1470.0
2026-09-15T10:55:00-04:00,274.62,274.62,274.19,274.19,330.0
2026-09-15T11:00:00-04:00,274.545,274.755,274.545,274.755,300.0
2026-09-15T11:10:00-04:00,274.74,274.795,274.67,274.67,1270.0
2026-09-15T11:15:00-04:00,275.155,275.155,275.155,275.155,200.0
2026-09-15T11:20:00-04:00,275.02,275.02,275.015,275.015,300.0
2026-09-15T11:30:00-04:00,274.92,274.92,274.88,274.88,200.0
2026-09-15T11:40:00-04:00,275.45,275.46,275.45,275.46,350.0
2026-09-15T11:50:00-04:00,275.15,275.33,275.08,275.08,795.0
2026-09-15T11:55:00-04:00,275.44,275.44,275.425,275.425,200.0
2026-09-15T12:20:00-04:00,275.22,275.55,275.145,275.55,900.0
2026-09-15T12:50:00-04:00,275.79,275.89,275.79,275.89,950.0
2026-09-15T12:55:00-04:00,275.98,275.99,275.98,275.99,520.0
2026-09-15T13:20:00-04:00,274.565,274.6,274.565,274.565,929.0
2026-09-15T13:25:00-04:00,274.55,274.55,274.55,274.55,200.0
2026-09-15T13:55:00-04:00,275.16,275.16,275.16,275.16,100.0
2026-09-15T14:10:00-04:00,275.65,275.67,275.65,275.67,1600.0
2026-09-15T14:20:00-04:00,275.425,275.425,275.425,275.425,100.0
2026-09-15T14:40:00-04:00,275.26,275.37,275.26,275.37,200.0
2026-09-15T15:25:00-04:00,274.81,274.81,274.81,274.81,100.0
2026-09-15T15:40:00-04:00,274.44,274.44,274.44,274.44,200.0
2026-09-15T15:45:00-04:00,274.46,274.64,274.46,274.64,532.0
2026-09-15T15:50:00-04:00,274.68,274.68,274.57,274.57,231.0
2026-09-15T15:55:00-04:00,274.78,275.16,274.76,275.07,4011.0
2026-09-16T09:30:00-04:00,277.44,277.45,277.44,277.45,563.0
2026-09-16T09:40:00-04:00,276.71,276.765,276.65,276.74,851.0
2026-09-16T09:45:00-04:00,276.98,277.63,276.98,277.63,1183.0
2026-09-16T09:55:00-04:00,278.21,278.21,278.21,278.21,100.0
2026-09-16T10:00:00-04:00,278.21,278.21,278.07,278.07,331.0
2026-09-16T10:45:00-04:00,277.58,277.58,277.58,277.58,100.0
2026-09-16T10:55:00-04:00,277.71,277.82,277.71,277.82,300.0
2026-09-16T11:00:00-04:00,278.4,278.5,278.15,278.5,1380.0
2026-09-16T11:05:00-04:00,278.28,278.98,278.28,278.97,570.0
2026-09-16T11:10:00-04:00,278.84,278.84,278.84,278.84,100.0
2026-09-16T11:15:00-04:00,278.67,278.67,278.67,278.67,200.0
2026-09-16T11:20:00-04:00,278.67,278.67,278.5,278.5,200.0
2026-09-16T11:30:00-04:00,278.42,278.44,278.1,278.1,310.0
2026-09-16T11:45:00-04:00,278.75,279.54,278.75,279.245,1088.0
2026-09-16T12:05:00-04:00,278.405,278.405,278.32,278.32,200.0
2026-09-16T12:20:00-04:00,278.19,278.19,278.19,278.19,100.0
2026-09-16T13:30:00-04:00,278.02,278.02,278.02,278.02,100.0
2026-09-16T13:35:00-04:00,277.74,277.74,277.74,277.74,120.0
2026-09-16T14:00:00-04:00,278.23,278.23,276.735,278.045,1202.0
2026-09-16T14:05:00-04:00,278.34,279.15,278.34,278.785,1141.0
2026-09-16T14:10:00-04:00,278.43,278.43,278.43,278.43,100.0
2026-09-16T14:15:00-04:00,278.01,278.15,277.735,278.15,606.0
2026-09-16T14:20:00-04:00,277.89,277.89,277.89,277.89,100.0
2026-09-16T14:30:00-04:00,276.22,276.22,275.41,275.41,903.0
2026-09-16T14:35:00-04:00,274.68,275.4,273.92,275.4,830.0
2026-09-16T14:40:00-04:00,276.15,277.89,276.15,277.89,372.0
2026-09-16T14:45:00-04:00,276.99,277.225,275.49,275.49,685.0
2026-09-16T14:50:00-04:00,274.71,274.71,274.25,274.25,300.0
2026-09-16T14:55:00-04:00,272.815,272.815,271.36,271.7,2032.0
2026-09-16T15:00:00-04:00,272.025,272.025,272.025,272.025,250.0
2026-09-16T15:05:00-04:00,271.83,272.03,270.42,270.42,8010.0
2026-09-16T15:10:00-04:00,270.585,270.625,268.59,269.14,5123.0
2026-09-16T15:15:00-04:00,268.85,268.85,268.115,268.115,689.0
2026-09-16T15:20:00-04:00,268.385,268.385,267.49,267.57,575.0
2026-09-16T15:25:00-04:00,267.53,267.53,267.405,267.405,300.0
2026-09-16T15:30:00-04:00,269.34,269.54,269.0,269.26,3182.0
2026-09-16T15:35:00-04:00,269.18,269.2,268.84,268.84,1170.0
2026-09-16T15:45:00-04:00,270.17,270.87,270.16,270.87,1328.0
2026-09-16T15:50:00-04:00,270.93,271.19,270.74,271.19,491.0
2026-09-16T15:55:00-04:00,271.255,271.55,271.255,271.52,1189.0
2026-09-17T09:30:00-04:00,281.38,281.38,279.455,279.455,2152.0
2026-09-17T09:35:00-04:00,279.34,279.34,279.28,279.28,676.0
2026-09-17T09:40:00-04:00,279.08,279.08,278.795,278.795,779.0
2026-09-17T09:45:00-04:00,278.845,279.0,278.74,279.0,1401.0
2026-09-17T09:50:00-04:00,279.33,279.33,279.14,279.14,1012.0
2026-09-17T10:05:00-04:00,278.22,278.22,278.22,278.22,100.0
2026-09-17T10:10:00-04:00,277.95,277.95,277.95,277.95,100.0
2026-09-17T10:40:00-04:00,280.05,280.05,280.05,280.05,150.0
2026-09-17T11:45:00-04:00,280.34,280.34,280.305,280.305,570.0
2026-09-17T11:50:00-04:00,280.36,280.39,280.36,280.39,496.0
2026-09-17T12:30:00-04:00,280.675,280.675,280.2,280.2,239.0
2026-09-17T12:55:00-04:00,280.2,280.2,280.06,280.065,400.0
2026-09-17T15:30:00-04:00,280.96,280.96,280.96,280.96,113.0
2026-09-17T15:45:00-04:00,280.88,280.88,280.88,280.88,153.0
2026-09-17T15:50:00-04:00,281.28,281.615,281.23,281.23,970.0
2026-09-17T15:55:00-04:00,281.185,281.29,280.93,280.93,958.0
